
CASCADE Topology V3, (c) Open Cascade
Locations 0
Curve2ds 630
1 6.2831853071795862 0 -1 0 
1 3.1415926535897931 -2.5121479338940446e-15 0 1 
1 3.1415926535897931 -2.5121479338940446e-15 0 1 
1 3.1415926535897931 2.2450640302672813 -1 0 
1 6.2831853071795862 1.5874999999999915 -1 0 
1 0 0 0 1 
1 6.2831853071795862 0 0 1 
1 6.2831853071795862 1.5874999999999915 -1 0 
1 9.4247779607693793 2.2450640302672813 -1 0 
1 3.1415926535897931 0 0 1 
1 3.1415926535897931 0 0 1 
1 0 53.974999999999994 1 0 
1 0 0 0 1 
1 6.2831853071795862 0 0 1 
7 0 0  3 25 23  5.7595865315812862 1.2761080289532256  5.7531470856624773 1.2406953798140841  5.7401155677406859 1.171006417939995  5.7201097616843715 1.0700150305705993  5.6996442135903891 0.972698022923701  5.6787196773950059 0.87919024609946306  5.657338368012077 0.78962781504564772  5.6355042661641805 0.70414800560037671  5.6132232016993662 0.62288875490167206  5.5905029829332173 0.54598831612330612  5.5673535162220498 0.47358442153966862  5.5437868519628681 0.40581499405497401  5.5198174473329926 0.34281290644729179  5.4954615268749061 0.28472277235028498  5.4707380222982778 0.23167728213549676  5.4456687815267699 0.18379188615472505  5.420277840382604 0.14118151438013546  5.3945915410362204 0.10395523060967699  5.3686383779359765 0.072216817728508131  5.3424488734412385 0.046063776226916833  5.3160553902818997 0.025586882248834715  5.28949195295443 0.01086931144902893  5.2627938918563135 0.0019872305385602038  5.2449299632204474 -7.1436910139322809e-07  5.2359877559829888 0 
 2.3807323430062797e-07 4 0.00018993189548198602 1 0.0003796257177296714 1 0.00056931953997735676 1 0.00075901336222504218 1 0.00094870718447272759 1 0.0011384010067204129 1 0.0013280948289680983 1 0.0015177886512157837 1 0.0017074824734634691 1 0.0018971762957111545 1 0.00208687011795884 1 0.0022765639402065252 1 0.0024662577624542108 1 0.002655951584701896 1 0.0028456454069495816 1 0.0030353392291972668 1 0.003225033051444952 1 0.0034147268736926376 1 0.0036044206959403228 1 0.0037941145181880085 1 0.0039838083404356937 1 0.0041735021626833789 4
7 0 0  3 25 23  5.2359877559829888 0  5.2270790125297619 -2.2879480909919538e-06  5.2092471265678828 0.0019733995820502503  5.1825211694899433 0.010837695777338762  5.1558823122507524 0.025573630639464884  5.1293952265247125 0.046113930925400608  5.103120369606744 0.072369897003585495  5.0771252869301478 0.10421722067358093  5.0514052670482528 0.14156987360604878  5.0259902418831075 0.18431281133923536  5.000905393070326 0.23232668882941235  4.9761742658854038 0.28548727746202524  4.9518178923828815 0.34366732573648723  4.9278548431283644 0.40673381113680385  4.9043011394077674 0.47454774383922543  4.8811705998405639 0.54697108448389697  4.8584747424210848 0.62386399634550127  4.8362229113559296 0.70508631754860884  4.8144223676776203 0.79049785029813779  4.7930784041091075 0.87995891854899377  4.7721944815594606 0.97333077266752377  4.7517723164527954 1.0704760640019091  4.7318121853231823 1.1712589142911716  4.7188123511978119 1.2407838102241879  4.7123889803846897 1.2761080289532387 
 0.0041735021626833789 4 0.0043624868196025833 1 0.0045514714765217878 1 0.0047404561334409932 1 0.0049294407903601976 1 0.0051184254472794021 1 0.0053074101041986066 1 0.0054963947611178111 1 0.0056853794180370164 1 0.0058743640749562209 1 0.0060633487318754254 1 0.0062523333887946307 1 0.0064413180457138352 1 0.0066303027026330397 1 0.0068192873595522441 1 0.0070082720164714486 1 0.0071972566733906531 1 0.0073862413303098576 1 0.0075752259872290629 1 0.0077642106441482674 1 0.0079531953010674727 1 0.0081421799579866772 1 0.0083311646149058817 4
7 0 0  3 25 23  4.7123889803846897 1.2761080289532387  4.7059495344658808 1.2406953798140921  4.6929180165440911 1.1710064179400017  4.6729122104877749 1.0700150305706135  4.652446662393789 0.97269802292372332  4.6315221261984103 0.87919024609944485  4.6101408168154814 0.78962781504567237  4.5883067149675805 0.70414800560039015  4.5660256505027732 0.62288875490166351  4.5433054317366155 0.5459883161233583  4.520155965025455 0.47358442153965519  4.4965893007662689 0.40581499405499954  4.472619896136397 0.34281290644730156  4.448263975678306 0.28472277235028315  4.4235404711016821 0.23167728213551131  4.3984712303301752 0.18379188615472072  4.3730802891860092 0.14118151438012583  4.3473939898396221 0.10395523060966597  4.32144082673938 0.072216817728517332  4.295251322244642 0.046063776226920247  4.2688578390853049 0.025586882248821111  4.2422944017578343 0.010869311449026029  4.2155963406597161 0.0019872305385577518  4.1977324120238491 -7.1436910300438576e-07  4.1887902047863905 -1.5383701491068532e-15 
 2.3807323430360209e-07 4 0.0001899318954819894 1 0.0003796257177296752 1 0.00056931953997736088 1 0.00075901336222504673 1 0.00094870718447273258 1 0.0011384010067204183 1 0.0013280948289681042 1 0.00151778865121579 1 0.0017074824734634759 1 0.0018971762957111617 1 0.0020868701179588473 1 0.002276563940206533 1 0.002466257762454219 1 0.0026559515847019047 1 0.0028456454069495907 1 0.0030353392291972764 1 0.003225033051444962 1 0.003414726873692648 1 0.0036044206959403337 1 0.0037941145181880197 1 0.0039838083404357049 1 0.004173502162683391 4
7 0 0  3 25 23  4.1887902047863905 -1.5383701491068532e-15  4.1798814613331645 -2.2879480942988035e-06  4.1620495753712836 0.0019733995820458514  4.1353236182933468 0.01083769577733603  4.1086847610541506 0.025573630639466247  4.0821976753281159 0.046113930925396465  4.0559228184101448 0.072369897003610212  4.0299277357335512 0.10421722067358777  4.0042077158516518 0.14156987360606163  3.9787926906865136 0.18431281133921809  3.9537078418737326 0.23232668882944249  3.9289767146887997 0.2854872774619715  3.9046203411862908 0.34366732573649406  3.8806572919317603 0.40673381113675677  3.8571035882111731 0.47454774383921189  3.8339730486439656 0.54697108448388798  3.8112771912244892 0.62386399634548029  3.7890253601593331 0.7050863175485993  3.7672248164810176 0.79049785029811304  3.7458808529125136 0.87995891854899944  3.7249969303628654 0.9733307726675261  3.7045747652562002 1.0704760640019342  3.6846146341265889 1.1712589142911451  3.6716148000012194 1.2407838102241597  3.6651914291880949 1.2761080289532272 
 0.004173502162683391 4 0.0043624868196025946 1 0.0045514714765217982 1 0.0047404561334410018 1 0.0049294407903602046 1 0.0051184254472794082 1 0.0053074101041986118 1 0.0054963947611178154 1 0.005685379418037019 1 0.0058743640749562226 1 0.0060633487318754262 1 0.006252333388794629 1 0.0064413180457138335 1 0.0066303027026330362 1 0.0068192873595522398 1 0.0070082720164714434 1 0.007197256673390647 1 0.0073862413303098506 1 0.0075752259872290542 1 0.0077642106441482579 1 0.0079531953010674606 1 0.0081421799579866651 1 0.0083311646149058678 4
7 0 0  3 25 23  3.6651914291880949 1.2761080289532272  3.6588234394366008 1.2410884830203857  3.6459322128787037 1.1721257761175232  3.6261266982606259 1.0720480519716344  3.6058490640217875 0.97547270356123372  3.5850976546032438 0.88253976668841971  3.5638721729653584 0.7933915962687822  3.5421739840162974 0.70817295811709813  3.5200062215397003 0.62703057531488349  3.4973739415879028 0.55011278889568982  3.4742842644301337 0.47756899876727649  3.4507464746972243 0.40954955702752299  3.4267722379521666 0.34620376081062104  3.4023753082942769 0.28768469276716646  3.3775718807970168 0.23414371135686143  3.3523812320051158 0.18572621707865811  3.3268241857944161 0.14257556993125095  3.3009274621499229 0.10483386556854343  3.2747077053526517 0.072630528819656842  3.2482827172056634 0.046189140633037362  3.221700845084555 0.025566025611854271  3.1950189380831162 0.010814751622517615  3.1682931870502471 0.0019643569342583009  3.150485001623228 -1.8332821758313431e-06  3.1415926535897931 -3.0767402982137064e-15 
 0.022422730189623052 4 0.022612585994589776 1 0.022802441799556501 1 0.022992297604523225 1 0.023182153409489949 1 0.023372009214456674 1 0.023561865019423402 1 0.023751720824390126 1 0.02394157662935685 1 0.024131432434323575 1 0.024321288239290299 1 0.024511144044257024 1 0.024700999849223748 1 0.024890855654190473 1 0.025080711459157197 1 0.025270567264123921 1 0.025460423069090646 1 0.025650278874057374 1 0.025840134679024098 1 0.026029990483990822 1 0.026219846288957547 1 0.026409702093924271 1 0.026599557898890996 4
7 0 0  3 25 23  3.1415926535897931 -3.0767402982137064e-15  3.132707685639009 -7.2799854292781592e-07  3.1149510418530624 0.0019624071672655471  3.0883923052142745 0.010746528057516887  3.0619464945200061 0.025319076470107379  3.035649101935729 0.045617285238095044  3.0095344760667539 0.071571095327308806  2.9836354718848574 0.10310250255680826  2.9579832810451192 0.14012628659682702  2.9326071226991988 0.18255074750532552  2.9075345020209018 0.23027736393873596  2.8827895403859198 0.28320502220676569  2.8583986607247107 0.34121723434932655  2.8343689903899887 0.40423295271216247  2.8107140416771039 0.47213715917410687  2.7874615825446001 0.54476730332284229  2.7646320597314489 0.62196437749151334  2.7422443818343751 0.70356038783036978  2.7203144188897186 0.78938285143894238  2.6988554884297518 0.87925469603063489  2.6778783652353293 0.97299535513616164  2.657391367777632 1.0704214509052024  2.6374007434286315 1.171347655695032  2.6244068363947033 1.2408405116791132  2.6179938779914975 1.2761080289532036 
 0.026599557898890996 4 0.026789255086309787 1 0.026978952273728582 1 0.027168649461147373 1 0.027358346648566168 1 0.02754804383598496 1 0.027737741023403751 1 0.027927438210822546 1 0.028117135398241337 1 0.028306832585660132 1 0.028496529773078923 1 0.028686226960497718 1 0.02887592414791651 1 0.029065621335335301 1 0.029255318522754096 1 0.029445015710172887 1 0.029634712897591682 1 0.029824410085010473 1 0.030014107272429265 1 0.03020380445984806 1 0.030393501647266851 1 0.030583198834685646 1 0.030772896022104437 4
7 0 0  3 25 23  2.6179938779914975 1.2761080289532036  2.6115544320726909 1.2406953798140581  2.598522914150899 1.171006417939972  2.5785171080945797 1.0700150305705936  2.5580515600005995 0.97269802292369933  2.5371270238052159 0.87919024609944496  2.5157457144222888 0.78962781504564428  2.4939116125743879 0.70414800560035418  2.4716305481095784 0.62288875490166584  2.4489103293434256 0.54598831612333054  2.4257608626322611 0.47358442153963876  2.4021941983730808 0.40581499405496252  2.3782247937432031 0.34281290644727935  2.3538688732851156 0.28472277235025734  2.32914536870849 0.2316772821354805  2.3040761279369808 0.18379188615470898  2.2786851867928171 0.14118151438009985  2.2529988874464295 0.1039552306096484  2.2270457243461843 0.072216817728489507  2.2008562198514463 0.046063776226911358  2.174462736692111 0.025586882248799916  2.1478992993646382 0.010869311449021708  2.1212012382665204 0.0019872305385563701  2.1033373096306542 -7.143691018299245e-07  2.0943951023931966 7.6918507455342661e-16 
 2.3807323430360209e-07 4 0.00018993189548198921 1 0.00037962571772967482 1 0.00056931953997736034 1 0.00075901336222504597 1 0.0009487071844727316 1 0.0011384010067204172 1 0.0013280948289681029 1 0.0015177886512157885 1 0.0017074824734634741 1 0.0018971762957111598 1 0.0020868701179588452 1 0.0022765639402065308 1 0.0024662577624542164 1 0.0026559515847019021 1 0.0028456454069495877 1 0.0030353392291972733 1 0.0032250330514449589 1 0.0034147268736926446 1 0.0036044206959403302 1 0.0037941145181880158 1 0.0039838083404357015 1 0.0041735021626833867 4
7 0 0  3 25 23  2.0943951023931966 7.6918507455342661e-16  2.0854863589399693 -2.2879480822778813e-06  2.0676544729780892 0.0019733995820505387  2.0409285159001502 0.010837695777295504  2.014289658660958 0.025573630639428829  1.9878025729349207 0.046113930925365497  1.9615277160169526 0.072369897003597861  1.9355326333403566 0.10421722067354082  1.9098126134584597 0.14156987360601003  1.8843975882933199 0.18431281133917926  1.8593127394805373 0.23232668882938565  1.8345816122956116 0.28548727746195618  1.8102252387930926 0.34366732573646003  1.7862621895385744 0.40673381113673518  1.7627084858179796 0.47454774383917631  1.7395779462507743 0.54697108448385623  1.7168820888312963 0.6238639963454542  1.694630257766139 0.70508631754857709  1.6728297140878261 0.79049785029805819  1.6514857505193157 0.87995891854897201  1.6306018279696719 0.97333077266750001  1.6101796628630056 1.0704760640018651  1.59021953173339 1.1712589142911412  1.5772196976080204 1.2407838102241553  1.5707963267948977 1.276108028953199 
 0.0041735021626833867 4 0.0043624868196025911 1 0.0045514714765217948 1 0.0047404561334409992 1 0.0049294407903602028 1 0.0051184254472794073 1 0.0053074101041986109 1 0.0054963947611178154 1 0.005685379418037019 1 0.0058743640749562235 1 0.0060633487318754271 1 0.0062523333887946316 1 0.0064413180457138352 1 0.0066303027026330397 1 0.0068192873595522441 1 0.0070082720164714478 1 0.0071972566733906514 1 0.0073862413303098558 1 0.0075752259872290603 1 0.0077642106441482639 1 0.0079531953010674675 1 0.008142179957986672 1 0.0083311646149058765 4
7 0 0  3 25 23  1.5707963267948977 1.276108028953199  1.5643568808760893 1.2406953798140534  1.5513253629542976 1.1710064179399569  1.5313195568979832 1.0700150305705523  1.5108540088039977 0.97269802292366525  1.4899294726086167 0.87919024609940577  1.4685481632256885 0.78962781504561863  1.4467140613777862 0.70414800560033286  1.4244329969129776 0.62288875490160245  1.4017127781468242 0.54598831612330101  1.3785633114356592 0.47358442153959768  1.3549966471764756 0.40581499405494248  1.3310272425466021 0.34281290644725243  1.3066713220885127 0.28472277235025606  1.2819478175118868 0.23167728213545696  1.2568785767403805 0.18379188615468436  1.2314876355962143 0.14118151438007545  1.2058013362498312 0.10395523060963238  1.1798481731495847 0.072216817728476504  1.1536586686548496 0.046063776226911525  1.127265185495512 0.025586882248797054  1.100701748168041 0.010869311449005265  1.0740036870699232 0.0019872305385604775  1.0561397584340559 -7.1436909859827739e-07  1.0471975511965987 -4.6151104473205599e-15 
 2.3807323430360209e-07 4 0.00018993189548198854 1 0.00037962571772967346 1 0.00056931953997735828 1 0.00075901336222504326 1 0.00094870718447272824 1 0.0011384010067204131 1 0.0013280948289680981 1 0.0015177886512157831 1 0.0017074824734634681 1 0.001897176295711153 1 0.0020868701179588378 1 0.0022765639402065226 1 0.0024662577624542078 1 0.0026559515847018925 1 0.0028456454069495777 1 0.0030353392291972625 1 0.0032250330514449472 1 0.0034147268736926324 1 0.0036044206959403172 1 0.0037941145181880024 1 0.0039838083404356867 1 0.0041735021626833719 4
7 0 0  3 25 23  1.0471975511965987 -4.6151104473205599e-15  1.0382888077433732 -2.2879480836616282e-06  1.0204569217814938 0.0019733995820562021  0.99373096470355382 0.01083769577731011  0.9670921074643597 0.025573630639416853  0.94060502173832716 0.046113930925380464  0.91433016482035612 0.072369897003560751  0.88833508214375934 0.10421722067355592  0.86261506226186768 0.14156987360601261  0.83720003709672552 0.18431281133917576  0.81211518828394713 0.2323266888293879  0.78738406109901693 0.28548727746192226  0.76302768759650341 0.34366732573643932  0.73906463834198188 0.40673381113672141  0.71551093462138782 0.47454774383915566  0.69238039505418258 0.54697108448384013  0.66968453763470448 0.62386399634543488  0.64743270656954899 0.70508631754853301  0.6256321628912368 0.79049785029807895  0.60428819932273126 0.87995891854895358  0.58340427677308537 0.97333077266750267  0.56298211166642009 1.0704760640018882  0.54302198053681183 1.171258914291138  0.53002214641144507 1.240783810224166  0.5235987755983228 1.2761080289532334 
 0.0041735021626833719 4 0.0043624868196025703 1 0.0045514714765217687 1 0.0047404561334409671 1 0.0049294407903601655 1 0.005118425447279364 1 0.0053074101041985624 1 0.0054963947611177608 1 0.0056853794180369592 1 0.0058743640749561576 1 0.006063348731875356 1 0.0062523333887945544 1 0.0064413180457137519 1 0.0066303027026329512 1 0.0068192873595521487 1 0.007008272016471348 1 0.0071972566733905455 1 0.0073862413303097448 1 0.0075752259872289424 1 0.0077642106441481416 1 0.0079531953010673392 1 0.0081421799579865367 1 0.008331164614905736 4
7 0 0  3 25 23  0.5235987755983228 1.2761080289532334  0.51718581719535006 1.2408405116804364  0.50419191016188847 1.1713476556987759  0.48420128581356953 1.0704214509120735  0.46371428835652634 0.97299535514564295  0.44273716516273121 0.87925469604222617  0.42127823470334425 0.78938285145214004  0.39934827175921445 0.7035603878446639  0.37696059386260833 0.62196437750646238  0.35413107104984826 0.54476730333793733  0.33087861191764728 0.47213715918897042  0.30722366320496314 0.40423295272631132  0.28319399287033037 0.34121723436245638  0.25880311320911054 0.28320502221858479  0.23405815157403428 0.23027736394911871  0.20898553089556335 0.18255074751418102  0.18360937254937279 0.14012628660410953  0.15795718170926532 0.10310250256250841  0.13205817752689977 0.071571095331527571  0.10594355165736409 0.045617285240913637  0.079646159072414582 0.025319076471803866  0.053200348377384181 0.010746528058260749  0.026641611737721831 0.0019624071674265056  0.0088849679511252729 -7.2799853071872696e-07  0 3.0767402982137064e-15 
 0.0077538321294163574 4 0.0079436601857365511 1 0.0081334882420567439 1 0.0083233162983769385 1 0.0085131443546971313 1 0.0087029724110173259 1 0.0088928004673375187 1 0.0090826285236577133 1 0.0092724565799779061 1 0.0094622846362981006 1 0.0096521126926182935 1 0.009841940748938488 1 0.010031768805258681 1 0.010221596861578875 1 0.010411424917899068 1 0.010601252974219263 1 0.010791081030539456 1 0.01098090908685965 1 0.011170737143179843 1 0.011360565199500038 1 0.01155039325582023 1 0.011740221312140423 1 0.011930049368460618 4
7 0 0  3 25 23  6.2831853071795862 3.0767402982137064e-15  6.2742929591452716 -1.8332822157292694e-06  6.2564847737160951 0.0019643569348161468  6.2297590226795547 0.010814751625567002  6.2030771156747919 0.025566025618727933  6.17649524355146 0.046189140644062418  6.1500702554039908 0.072630528833930674  6.1238504986090847 0.10483386558264982  6.097953774966518 0.14257556994468207  6.0723967287575604 0.18572621709087456  6.0472060799672054 0.23414371136750869  6.0224026524712642 0.28768469277601205  5.9980057228145078 0.34620376081752152  5.9740314860703938 0.40954955703246909  5.9504936963382571 0.47756899877033665  5.9274040191810995 0.55011278889702664  5.9047717392297567 0.62703057531470996  5.8826039767534768 0.70817295811569614  5.8609057878046178 0.79339159626645706  5.8396803061667937 0.88253976668564593  5.8189288967482282 0.97547270355834093  5.798651262509253 1.0720480519692077  5.7788457478909754 1.1721257761159494  5.7659545213328887 1.2410884830197828  5.7595865315812862 1.2761080289532256 
 0.011930049368460618 4 0.012120036151767826 1 0.012310022935075035 1 0.012500009718382242 1 0.012689996501689451 1 0.012879983284996659 1 0.013069970068303868 1 0.013259956851611077 1 0.013449943634918284 1 0.013639930418225492 1 0.013829917201532701 1 0.01401990398483991 1 0.014209890768147118 1 0.014399877551454325 1 0.014589864334761535 1 0.014779851118068742 1 0.014969837901375951 1 0.01515982468468316 1 0.015349811467990367 1 0.015539798251297577 1 0.015729785034604784 1 0.015919771817911994 1 0.016109758601219201 4
1 0 53.974999999999994 1 0 
1 6.2831853071795862 0 -1 0 
1 6.2831853071795862 -2.3075552236602784e-14 -1 3.6725882030305743e-15 
1 6.2831853071795862 1.9229626863835651e-14 -1 -4.4071058436366897e-15 
1 6.2831853071795862 9.9994059691945537e-15 -1 -2.2035529218183484e-15 
1 6.2831853071795862 -1.0768591043747977e-14 -1 4.4071058436366936e-15 
1 6.2831853071795862 1.538370149106852e-15 -1 -1.4690352812122299e-15 
1 6.2831853071795862 0 -1 0 
1 3.1415926535897931 -7.6918507455341991e-16 -1 0 
1 0 0 1 0 
1 3.1415926535897931 1.0071717648468693e-15 0 1 
1 3.1415926535897931 1.0071717648468693e-15 0 1 
7 0 0  3 25 23  2.6179938779914935 1.4647064476614817  2.6243587684059042 1.4297039658005188  2.6372444778146296 1.3607694724201771  2.6570440952834984 1.2607172569131861  2.677318539529137 1.1641514724375717  2.6980698136552923 1.0712132502093969  2.7192985690277713 0.98204620410224874  2.7410038121412161 0.8967965448992985  2.763182751392157 0.81561265464876975  2.7858307978881913 0.73864466081367941  2.8089408288244715 0.66604423659181144  2.8325052842493523 0.59796317608121441  2.8565077266864485 0.53455632313872758  2.8809537980761539 0.47596799690881375  2.9058288097787619 0.4223739571763685  2.9310899656429612 0.37394698559773593  2.9566975796460762 0.33084247451919996  2.9826069793645242 0.29320057676277983  3.0087710340910339 0.26114405713671546  3.0351399228270748 0.23477739889546745  3.0616617236883905 0.21418599781580633  3.0882828480899773 0.19943473524517169  3.1149485933959866 0.19057008804754197  3.132718617860256 0.18859668365884064  3.1415926535897931 0.18859841870824862 
 0.0030389013348224806 4 0.0032281859556503195 1 0.0034174705764781583 1 0.0036067551973059976 1 0.0037960398181338365 1 0.0039853244389616753 1 0.0041746090597895146 1 0.004363893680617353 1 0.0045531783014451923 1 0.0047424629222730316 1 0.00493174754310087 1 0.0051210321639287093 1 0.0053103167847565486 1 0.0054996014055843871 1 0.0056888860264122263 1 0.0058781706472400656 1 0.0060674552680679041 1 0.0062567398888957425 1 0.0064460245097235818 1 0.0066353091305514211 1 0.0068245937513792595 1 0.0070138783722070988 1 0.0072031629930349381 4
7 0 0  3 25 23  1.5707963267948992 1.4647064476614693  1.5836493660429942 1.3940153788381626  1.6099694715576993 1.2571556609530408  1.6512772375834095 1.0665114447001101  1.6944085561692064 0.89158292497571534  1.7393229087423756 0.73346761641136105  1.7859508025424247 0.59326452962016596  1.8341873922929528 0.47206024705210503  1.8838931277059936 0.37095372462840737  1.9348854031492824 0.29085740120296283  1.9869473318838502 0.23262533730367063  2.0398259007509019 0.19700957172233122  2.0932559045619938 0.18464253382183576  2.1469022752707727 0.19604091974565452  2.2002107570255429 0.2310539785130874  2.2526269818287163 0.28901491735136214  2.3038933753699626 0.36906848584347268  2.3538448195657855 0.4703087784357286  2.4022879669358863 0.59171703200868897  2.4490870267010996 0.73220198073206189  2.4941389406535159 0.89064088102995898  2.5373776768098208 1.0659060148126382  2.5787661990584088 1.2568740090844048  2.6051248136862766 1.3939275819231121  2.6179938779914935 1.4647064476614817 
 2.3807323432880839e-07 4 0.00037891655240121811 1 0.00075759503156810741 1 0.0011362735107349968 1 0.001514951989901886 1 0.0018936304690687752 1 0.0022723089482356647 1 0.0026509874274025539 1 0.0030296659065694432 1 0.0034083443857363324 1 0.0037870228649032217 1 0.0041657013440701109 1 0.0045443798232370006 1 0.0049230583024038894 1 0.0053017367815707791 1 0.0056804152607376679 1 0.0060590937399045575 1 0.0064377722190714472 1 0.006816450698238336 1 0.0071951291774052257 1 0.0075738076565721145 1 0.0079524861357390033 1 0.0083311646149058921 4
7 0 0  3 25 23  0.52359877559829426 1.4647064476614711  0.53645181484638849 1.3940153788381695  0.56277192036109402 1.2571556609530594  0.60407968638680587 1.0665114447001465  0.64721100497260442 0.89158292497575531  0.69212535754576709 0.73346761641139924  0.73875325134582326 0.5932645296201603  0.78698984109635117 0.47206024705214367  0.83669557650939219 0.37095372462841669  0.8876878519526803 0.29085740120298509  0.93974978068725035 0.23262533730364879  0.99262834955429924 0.19700957172234285  1.0460583533653902 0.1846425338218759  1.0997047240741704 0.1960409197456589  1.1530132058289488 0.2310539785130635  1.2054294306321134 0.28901491735137547  1.2566958241733652 0.36906848584345442  1.3066472683691881 0.47030877843572944  1.3550904157392882 0.59171703200871495  1.4018894755045077 0.73220198073204723  1.4469413894569179 0.89064088102997019  1.4901801256132263 1.0659060148126396  1.531568647861812 1.2568740090844157  1.5579272624896801 1.3939275819231116  1.5707963267948992 1.4647064476614693 
 2.3807323428136988e-07 4 0.00037891655240117382 1 0.00075759503156806621 1 0.0011362735107349586 1 0.0015149519899018511 1 0.0018936304690687436 1 0.0022723089482356361 1 0.0026509874274025288 1 0.0030296659065694211 1 0.0034083443857363133 1 0.003787022864903206 1 0.0041657013440700979 1 0.0045443798232369902 1 0.0049230583024038824 1 0.0053017367815707756 1 0.0056804152607376679 1 0.0060590937399045601 1 0.0064377722190714524 1 0.0068164506982383447 1 0.0071951291774052378 1 0.0075738076565721301 1 0.0079524861357390224 1 0.0083311646149059147 4
7 0 0  3 25 23  0 0.18859841870826347  0.0088740357295366747 0.18859668365885371  0.026644060193806142 0.19057008804755521  0.053309805499818223 0.19943473524519001  0.079930929901404921 0.21418599781581488  0.10645273076271787 0.23477739889547777  0.13282161949876001 0.26114405713672384  0.15898567422526921 0.2932005767628052  0.18489507394371379 0.33084247451919674  0.21050268794682858 0.37394698559773798  0.23576384381102661 0.42237395717637038  0.26063885551363797 0.47596799690881031  0.2850849269033417 0.53455632313872448  0.30908736934043696 0.59796317608120875  0.33265182476531996 0.66604423659181189  0.35576185570160107 0.73864466081368596  0.37840990219763238 0.8156126546487571  0.40058884144857465 0.89679654489929805  0.42229408456201306 0.98204620410222088  0.44352283993449532 1.0712132502093925  0.46427411406064995 1.1641514724375621  0.48454855830629245 1.2607172569131788  0.50434817577515689 1.3607694724201678  0.51723388518388269 1.4297039658005088  0.52359877559829426 1.4647064476614711 
 0.011516363787477779 4 0.011706126154184357 1 0.011895888520890935 1 0.012085650887597513 1 0.012275413254304091 1 0.012465175621010668 1 0.012654937987717246 1 0.012844700354423826 1 0.013034462721130404 1 0.013224225087836982 1 0.01341398745454356 1 0.013603749821250137 1 0.013793512187956715 1 0.013983274554663293 1 0.014173036921369871 1 0.014362799288076451 1 0.014552561654783028 1 0.014742324021489606 1 0.014932086388196184 1 0.015121848754902762 1 0.01531161112160934 1 0.015501373488315918 1 0.015691135855022496 4
1 0 -7.6918507455341991e-16 0 1 
1 6.2831853071795862 -7.6918507455341991e-16 0 1 
1 3.1415926535897931 -3.1415926535897931 0 1 
1 3.1415926535897931 -3.1415926535897931 0 1 
1 0 1.5707963267948966 1 0 
1 0 -3.1415926535897931 0 1 
1 6.2831853071795862 -3.1415926535897931 0 1 
1 0 -1.464706447661472 1 0 
1 3.1415926535897931 -1.5543122344752192e-15 0 1 
1 3.1415926535897931 -1.5543122344752192e-15 0 1 
7 0 0  3 25 23  2.6179938779914957 3.0767402982137064e-15  2.6243587684059073 -0.035002481860957932  2.6372444778146336 -0.10393697524129929  2.6570440952834984 -0.20398919074829439  2.677318539529137 -0.30055497522389246  2.6980698136552963 -0.393493197452083  2.7192985690277705 -0.48266024355921583  2.741003812141221 -0.56790990276218378  2.7631827513921543 -0.64909379301269743  2.7858307978881962 -0.72606178684780665  2.8089408288244671 -0.79866221106964308  2.8325052842493559 -0.86674327158026754  2.8565077266864503 -0.93015012452275103  2.8809537980761593 -0.98873845075266953  2.9058288097787623 -1.0423324904850906  2.931089965642959 -1.0907594620637391  2.9566975796460815 -1.1338639731422786  2.9826069793645229 -1.1715058708986894  3.008771034091033 -1.2035623905247486  3.0351399228270752 -1.2299290487660026  3.0616617236883901 -1.2505204498456572  3.0882828480899769 -1.2652717124162882  3.1149485933959875 -1.2741363596139152  3.132718617860256 -1.276109764002616  3.1415926535897931 -1.2761080289532085 
 0.0030389013348227525 4 0.0032281859556505905 1 0.0034174705764784289 1 0.0036067551973062669 1 0.0037960398181341049 1 0.0039853244389619433 1 0.0041746090597897809 1 0.0043638936806176193 1 0.0045531783014454569 1 0.0047424629222732953 1 0.0049317475431011337 1 0.0051210321639289721 1 0.0053103167847568097 1 0.0054996014055846473 1 0.0056888860264124857 1 0.0058781706472403241 1 0.0060674552680681625 1 0.0062567398888960001 1 0.0064460245097238376 1 0.0066353091305516761 1 0.0068245937513795145 1 0.0070138783722073529 1 0.0072031629930351913 4
7 0 0  3 25 23  1.5707963267948966 1.5383701491068532e-15  1.5836493660429916 -0.070691068823301478  1.6099694715576969 -0.20755078670842178  1.6512772375834064 -0.39819500296135468  1.6944085561692046 -0.57312352268575784  1.7393229087423725 -0.73123883125007083  1.7859508025424231 -0.8714419180413383  1.8341873922929524 -0.99264620060936604  1.8838931277059929 -1.0937527230330517  1.9348854031492824 -1.1738490464585047  1.9869473318838506 -1.2320811103578067  2.0398259007509001 -1.2676968759391296  2.093255904561989 -1.2800639138396075  2.14690227527077 -1.2686655279157948  2.2002107570255456 -1.2336524691483701  2.2526269818287155 -1.1756915303100983  2.3038933753699631 -1.0956379618179866  2.3538448195657891 -0.99439766922577355  2.4022879669358894 -0.87298941565276644  2.4490870267011022 -0.7325044669294164  2.4941389406535159 -0.57406556663150321  2.5373776768098217 -0.39880043284882832  2.5787661990584141 -0.20783243857707695  2.6051248136862806 -0.070778865738371569  2.6179938779914957 3.0767402982137064e-15 
 2.3807323430360209e-07 4 0.00037891655240119464 1 0.00075759503156808562 1 0.0011362735107349768 1 0.0015149519899018678 1 0.0018936304690687588 1 0.0022723089482356499 1 0.0026509874274025409 1 0.0030296659065694319 1 0.0034083443857363229 1 0.0037870228649032139 1 0.0041657013440701048 1 0.0045443798232369962 1 0.0049230583024038868 1 0.0053017367815707782 1 0.0056804152607376687 1 0.0060590937399045601 1 0.0064377722190714515 1 0.0068164506982383421 1 0.0071951291774052335 1 0.007573807656572124 1 0.0079524861357390154 1 0.008331164614905906 4
7 0 0  3 25 23  0.52359877559829915 4.6151104473205599e-15  0.5364518148463937 -0.070691068823300396  0.56277192036109824 -0.20755078670842189  0.60407968638680798 -0.39819500296135446  0.64721100497260109 -0.57312352268574296  0.69212535754577587 -0.73123883125007827  0.73875325134582281 -0.87144191804134619  0.78698984109635739 -0.9926462006093395  0.83669557650939719 -1.0937527230330659  0.88768785195268152 -1.1738490464585056  0.93974978068725334 -1.2320811103578093  0.99262834955430124 -1.2676968759391325  1.0460583533653913 -1.2800639138396277  1.0997047240741731 -1.2686655279157872  1.1530132058289484 -1.2336524691483928  1.2054294306321161 -1.1756915303100852  1.2566958241733641 -1.0956379618180163  1.3066472683691897 -0.99439766922574335  1.3550904157392891 -0.87298941565277399  1.4018894755045062 -0.73250446692944038  1.446941389456917 -0.57406556663150954  1.4901801256132248 -0.39880043284884931  1.531568647861812 -0.20783243857706757  1.5579272624896787 -0.070778865738362576  1.5707963267948966 1.5383701491068532e-15 
 2.3807323429029216e-07 4 0.00037891655240118114 1 0.00075759503156807206 1 0.0011362735107349627 1 0.0015149519899018537 1 0.0018936304690687447 1 0.0022723089482356352 1 0.0026509874274025262 1 0.0030296659065694172 1 0.0034083443857363081 1 0.0037870228649031991 1 0.0041657013440700901 1 0.0045443798232369806 1 0.004923058302403872 1 0.0053017367815707626 1 0.005680415260737654 1 0.0060590937399045445 1 0.0064377722190714351 1 0.0068164506982383265 1 0.007195129177405217 1 0.0075738076565721084 1 0.0079524861357389981 1 0.0083311646149058886 4
7 0 0  3 25 23  0 -1.2761080289532258  0.0088740357295348984 -1.2761097640026309  0.026644060193803529 -1.2741363596139281  0.053309805499818501 -1.2652717124163033  0.079930929901407557 -1.2505204498456723  0.1064527307627194 -1.2299290487659984  0.13282161949876367 -1.2035623905247506  0.15898567422526563 -1.1715058708986916  0.18489507394371404 -1.1338639731422779  0.21050268794683286 -1.0907594620637391  0.23576384381103266 -1.0423324904850935  0.26063885551363214 -0.98873845075267475  0.28508492690334758 -0.93015012452274171  0.30908736934044129 -0.86674327158025843  0.33265182476532967 -0.79866221106964241  0.35576185570159952 -0.72606178684779854  0.37840990219763992 -0.64909379301270076  0.40058884144857737 -0.56790990276217956  0.42229408456201645 -0.48266024355923959  0.44352283993450081 -0.39349319745208849  0.46427411406065888 -0.30055497522390756  0.48454855830629529 -0.2039891907482945  0.50434817577515811 -0.10393697524131351  0.51723388518388547 -0.035002481860966654  0.52359877559829915 4.6151104473205599e-15 
 0.011516363787477727 4 0.011706126154184307 1 0.011895888520890886 1 0.012085650887597468 1 0.012275413254304047 1 0.012465175621010627 1 0.012654937987717206 1 0.012844700354423786 1 0.013034462721130367 1 0.013224225087836947 1 0.013413987454543527 1 0.013603749821250106 1 0.013793512187956686 1 0.013983274554663267 1 0.014173036921369845 1 0.014362799288076426 1 0.014552561654783006 1 0.014742324021489586 1 0.014932086388196167 1 0.015121848754902745 1 0.015311611121609326 1 0.015501373488315906 1 0.015691135855022485 4
1 0 -4.4408920985006262e-15 0 1 
1 6.2831853071795862 -4.4408920985006262e-15 0 1 
1 6.2831853071795862 0 0 1 
1 0 0 0 1 
1 0 7.1437499999999972 1 0 
1 3.1415926535897931 0 0 1 
1 3.1415926535897931 0 0 1 
1 0 0 1 0 
1 0 7.1437499999999972 1 0 
1 0 -1.464706447661472 1 0 
1 0 1.5707963267948966 1 0 
1 0 0 1 0 
7 0 0  3 25 23  5.759586531581288 -7.6918507455342659e-15  5.7659883171500024 -0.035206124650278538  5.7789627609709209 -0.10459827229721484  5.7989325298923955 -0.20543095839575071  5.8194067320417764 -0.30281229864117487  5.8403787403131862 -0.39654851279791209  5.8618397836854941 -0.48644804073717351  5.8837785455729614 -0.57232247115098833  5.9061810854993659 -0.65398728792554339  5.9290307899826322 -0.73126293186782931  5.9523080207985322 -0.80397506858620471  5.9759911124170202 -0.87195794949624161  6.0000524729159226 -0.93504636239961403  6.0244731469768933 -0.99311022155950934  6.0492411761717557 -1.0460617855989658  6.0743308628705472 -1.0937911394108364  6.0997173554321007 -1.1362004682051885  6.1253728512083132 -1.1731956963887138  6.1512677696756137 -1.2046895166827769  6.177370636043511 -1.230601350587506  6.2036483599090486 -1.2508579800093667  6.230066422443417 -1.2653942795783946  6.2565892193405883 -1.2741525242399079  6.2743164308520702 -1.276108762628418  6.2831853071795862 -1.2761080289532258 
 0.0073440389853489524 4 0.0075336901127184422 1 0.0077233412400879321 1 0.007912992367457421 1 0.0081026434948269117 1 0.0082922946221964007 1 0.0084819457495658914 1 0.0086715968769353804 1 0.0088612480043048711 1 0.0090508991316743601 1 0.009240550259043849 1 0.0094302013864133397 1 0.0096198525137828304 1 0.0098095036411523194 1 0.0099991547685218084 1 0.010188805895891299 1 0.010378457023260788 1 0.010568108150630279 1 0.010757759277999768 1 0.010947410405369257 1 0.011137061532738747 1 0.011326712660108238 1 0.011516363787477727 4
7 0 0  3 25 23  4.7123889803846888 -4.6151104473205599e-15  4.725242019632784 -0.070691068823312678  4.7515621251474869 -0.20755078670843086  4.7928698911731979 -0.39819500296134813  4.8360012097589928 -0.57312352268577393  4.8809155623321629 -0.73123883125010514  4.9275434561322138 -0.8714419180413342  4.9757800458827415 -0.99264620060937592  5.0254857812957816 -1.0937527230330319  5.0764780567390719 -1.1738490464585203  5.1285399854736369 -1.232081110357804  5.1814185543406879 -1.2676968759391241  5.2348485581517767 -1.2800639138396386  5.2884949288605592 -1.2686655279158403  5.3418034106153378 -1.2336524691483939  5.3942196354185006 -1.1756915303101214  5.4454860289597526 -1.0956379618180245  5.4954374731555777 -0.99439766922577066  5.543880620525683 -0.87298941565280441  5.5906796802908927 -0.7325044669294426  5.6357315942433113 -0.57406556663154784  5.6789703303996149 -0.39880043284884742  5.7203588526482054 -0.2078324385770875  5.7467174672760706 -0.070778865738380561  5.759586531581288 -7.6918507455342659e-15 
 2.3807323430360209e-07 4 0.00037891655240119415 1 0.00075759503156808464 1 0.0011362735107349753 1 0.0015149519899018658 1 0.0018936304690687564 1 0.0022723089482356469 1 0.0026509874274025375 1 0.003029665906569428 1 0.0034083443857363185 1 0.0037870228649032091 1 0.0041657013440700996 1 0.0045443798232369902 1 0.0049230583024038807 1 0.0053017367815707712 1 0.0056804152607376618 1 0.0060590937399045523 1 0.0064377722190714429 1 0.0068164506982383334 1 0.007195129177405224 1 0.0075738076565721145 1 0.007952486135739005 1 0.0083311646149058956 4
7 0 0  3 25 23  3.6651914291880914 -1.0768591043747972e-14  3.6780444684361857 -0.070691068823310735  3.7043645739508926 -0.20755078670842395  3.7456723399766014 -0.39819500296134741  3.7888036585624016 -0.57312352268574451  3.8337180111355673 -0.73123883125006306  3.8803459049356199 -0.87144191804132298  3.9285824946861445 -0.99264620060935493  3.9782882300991873 -1.0937527230330812  4.0292805055424754 -1.1738490464584967  4.0813424342770439 -1.2320811103578095  4.1342210031440967 -1.2676968759391218  4.1876510069551829 -1.2800639138396106  4.2412973776639697 -1.2686655279157837  4.2946058594187404 -1.2336524691483881  4.3470220842219112 -1.1756915303100535  4.3982884777631579 -1.0956379618180043  4.4482399219589794 -0.99439766922574346  4.4966830693290829 -0.87298941565275046  4.5434821290942971 -0.73250446692944504  4.5885340430467094 -0.57406556663150965  4.6317727792030166 -0.39880043284884925  4.6731613014516027 -0.20783243857709319  4.6995199160794705 -0.070778865738382976  4.7123889803846888 -4.6151104473205599e-15 
 2.3807323431252437e-07 4 0.00037891655240120255 1 0.00075759503156809266 1 0.0011362735107349827 1 0.0015149519899018728 1 0.0018936304690687629 1 0.0022723089482356526 1 0.0026509874274025427 1 0.0030296659065694328 1 0.0034083443857363229 1 0.003787022864903213 1 0.0041657013440701031 1 0.0045443798232369928 1 0.0049230583024038833 1 0.005301736781570773 1 0.0056804152607376635 1 0.0060590937399045532 1 0.0064377722190714429 1 0.0068164506982383334 1 0.0071951291774052231 1 0.0075738076565721136 1 0.0079524861357390033 1 0.0083311646149058938 4
7 0 0  3 25 23  3.1415926535897931 -1.2761080289532085  3.1504615299173055 -1.2761087626284038  3.1681887414287848 -1.2741525242398939  3.1947115383259628 -1.2653942795783748  3.2211296008603298 -1.2508579800093544  3.2474073247258692 -1.23060135058751  3.2735101910937709 -1.2046895166827352  3.2994051095610653 -1.1731956963887269  3.3250606053372729 -1.1362004682051767  3.3504470978988405 -1.0937911394108268  3.3755367845976121 -1.0460617855989758  3.4003048137924932 -0.99311022155949003  3.4247254878534528 -0.93504636239961914  3.4487868483523605 -0.87195794949622907  3.4724699399708476 -0.80397506858620849  3.4957471707867529 -0.73126293186779223  3.5185968752700107 -0.65398728792556138  3.5409994151964224 -0.57232247115095092  3.5629381770838839 -0.48644804073717202  3.5843992204561923 -0.3965485127978996  3.6053712287276034 -0.30281229864116183  3.6258454308769852 -0.20543095839572989  3.6458151997984571 -0.10459827229721702  3.6587896436193774 -0.035206124650285574  3.6651914291880914 -1.0768591043747972e-14 
 0.0072031629930351905 4 0.0073923366545821786 1 0.0075815103161291668 1 0.0077706839776761549 1 0.0079598576392231439 1 0.008149031300770132 1 0.0083382049623171202 1 0.0085273786238641083 1 0.0087165522854110965 1 0.0089057259469580846 1 0.0090948996085050728 1 0.0092840732700520609 1 0.009473246931599049 1 0.0096624205931460372 1 0.0098515942546930253 1 0.010040767916240013 1 0.010229941577787002 1 0.01041911523933399 1 0.010608288900880978 1 0.010797462562427968 1 0.010986636223974956 1 0.011175809885521944 1 0.011364983547068932 4
1 0 0 1 0 
1 9.4247779607693793 -7.6918507455341991e-16 -1 0 
7 0 0  3 25 23  5.7595865315812853 1.46470644766146  5.7659883171500015 1.4295003230111838  5.7789627609709235 1.3601081753642474  5.7989325298923973 1.2592754892657276  5.8194067320417755 1.1618941490203134  5.840378740313187 1.0681579348635728  5.861839783685495 0.97825840692430421  5.8837785455729588 0.8923839765105106  5.9061810854993668 0.81071915973591568  5.9290307899826287 0.73344351579367495  5.9523080207985331 0.66073137907526114  5.9759911124170211 0.59274849816524933  6.0000524729159235 0.52966008526185893  6.0244731469768942 0.4715962261019675  6.0492411761717646 0.41864466206250012  6.0743308628705401 0.37091530825064556  6.0997173554321025 0.32850597945629095  6.1253728512083141 0.29151075127274573  6.1512677696756066 0.26001693097874345  6.1773706360435146 0.23410509707396213  6.2036483599090468 0.21384846765211277  6.2300664224434197 0.19931216808309699  6.2565892193405919 0.19055392342157948  6.274316430852072 0.1885976850330694  6.2831853071795862 0.18859841870826347 
 0.0073440389853489992 4 0.0075336901127184891 1 0.0077233412400879789 1 0.0079129923674574696 1 0.0081026434948269586 1 0.0082922946221964493 1 0.0084819457495659382 1 0.008671596876935429 1 0.0088612480043049197 1 0.0090508991316744086 1 0.0092405502590438993 1 0.00943020138641339 1 0.009619852513782879 1 0.0098095036411523697 1 0.0099991547685218587 1 0.010188805895891349 1 0.010378457023260838 1 0.010568108150630329 1 0.01075775927799982 1 0.010947410405369309 1 0.011137061532738799 1 0.01132671266010829 1 0.011516363787477779 4
7 0 0  3 25 23  4.7123889803846879 1.4647064476614631  4.7252420196327822 1.3940153788381624  4.7515621251474878 1.2571556609530476  4.7928698911731979 1.0665114447001245  4.8360012097589982 0.89158292497573177  4.8809155623321585 0.73346761641143099  4.9275434561322164 0.59326452962016007  4.9757800458827433 0.47206024705214128  5.0254857812957852 0.37095372462841375  5.0764780567390702 0.29085740120295728  5.1285399854736404 0.23262533730367813  5.1814185543406897 0.19700957172233424  5.2348485581517785 0.18464253382185319  5.2884949288605592 0.19604091974566454  5.3418034106153334 0.23105397851307907  5.3942196354184953 0.28901491735139823  5.4454860289597464 0.36906848584349089  5.4954374731555742 0.47030877843572538  5.5438806205256741 0.59171703200868675  5.5906796802908927 0.7322019807320177  5.6357315942433068 0.89064088102994055  5.6789703303996086 1.0659060148126158  5.7203588526482001 1.2568740090843928  5.7467174672760706 1.3939275819230963  5.7595865315812853 1.46470644766146 
 2.3807323428434398e-07 4 0.00037891655240117404 1 0.00075759503156806371 1 0.0011362735107349534 1 0.0015149519899018431 1 0.0018936304690687327 1 0.0022723089482356222 1 0.0026509874274025119 1 0.0030296659065694015 1 0.0034083443857362912 1 0.0037870228649031809 1 0.004165701344070071 1 0.0045443798232369607 1 0.0049230583024038503 1 0.00530173678157074 1 0.0056804152607376297 1 0.0060590937399045194 1 0.006437772219071409 1 0.0068164506982382987 1 0.0071951291774051884 1 0.0075738076565720781 1 0.0079524861357389686 1 0.0083311646149058574 4
7 0 0  3 25 23  3.6651914291880883 1.46470644766146  3.6780444684361822 1.3940153788381642  3.7043645739508873 1.2571556609530514  3.7456723399765983 1.0665114447001178  3.7888036585623972 0.89158292497571234  3.8337180111355638 0.73346761641141267  3.8803459049356168 0.59326452962012954  3.9285824946861445 0.47206024705211636  3.9782882300991833 0.37095372462839898  4.0292805055424719 0.29085740120296066  4.0813424342770404 0.23262533730364696  4.1342210031440887 0.19700957172236358  4.1876510069551838 0.18464253382186513  4.2412973776639644 0.19604091974568108  4.2946058594187386 0.23105397851308396  4.3470220842219067 0.28901491735138679  4.3982884777631561 0.36906848584348639  4.4482399219589785 0.47030877843569341  4.4966830693290776 0.59171703200869152  4.5434821290942997 0.73220198073203535  4.588534043046705 0.89064088102995909  4.6317727792030192 1.0659060148126203  4.6731613014516018 1.2568740090844022  4.6995199160794696 1.3939275819231032  4.7123889803846879 1.4647064476614631 
 2.3807323428434398e-07 4 0.00037891655240117469 1 0.00075759503156806502 1 0.0011362735107349553 1 0.0015149519899018457 1 0.001893630469068736 1 0.0022723089482356261 1 0.0026509874274025162 1 0.0030296659065694067 1 0.0034083443857362973 1 0.0037870228649031874 1 0.0041657013440700779 1 0.0045443798232369685 1 0.004923058302403859 1 0.0053017367815707487 1 0.0056804152607376392 1 0.0060590937399045298 1 0.0064377722190714203 1 0.0068164506982383109 1 0.0071951291774052005 1 0.0075738076565720911 1 0.0079524861357389807 1 0.0083311646149058713 4
7 0 0  3 25 23  3.1415926535897931 0.18859841870824862  3.1504615299173073 0.18859768503305496  3.1681887414287884 0.19055392342156383  3.1947115383259623 0.19931216808307825  3.2211296008603285 0.21384846765209775  3.2474073247258688 0.23410509707395413  3.2735101910937749 0.26001693097872602  3.2994051095610617 0.29151075127273568  3.3250606053372782 0.32850597945628202  3.3504470978988361 0.37091530825063601  3.3755367845976227 0.41864466206251072  3.4003048137924807 0.47159622610195417  3.4247254878534585 0.52966008526186092  3.4487868483523552 0.59274849816523278  3.472469939970845 0.66073137907526025  3.4957471707867502 0.73344351579366851  3.5185968752700076 0.81071915973590114  3.5409994151964206 0.89238397651052093  3.5629381770838835 0.97825840692428201  3.584399220456191 1.0681579348635641  3.6053712287276016 1.1618941490202963  3.6258454308769799 1.2592754892657139  3.6458151997984558 1.3601081753642703  3.6587896436193756 1.4295003230112016  3.6651914291880883 1.46470644766146 
 0.0072031629930349381 4 0.0073923366545819253 1 0.0075815103161289126 1 0.0077706839776758999 1 0.0079598576392228872 1 0.0081490313007698753 1 0.0083382049623168617 1 0.0085273786238638499 1 0.0087165522854108363 1 0.0089057259469578244 1 0.0090948996085048125 1 0.009284073270051799 1 0.0094732469315987854 1 0.0096624205931457735 1 0.0098515942546927616 1 0.010040767916239748 1 0.010229941577786736 1 0.010419115239333723 1 0.010608288900880711 1 0.010797462562427699 1 0.010986636223974685 1 0.011175809885521672 1 0.01136498354706866 4
1 0 -12.699999999999999 1 0 
1 3.1415926535897931 0 0 1 
1 3.1415926535897931 0 0 1 
1 0 -10.668000000000001 1 0 
1 0 0 0 1 
1 6.2831853071795862 0 0 1 
1 0 -10.668000000000001 1 0 
1 0 -12.699999999999999 1 0 
1 6.2831853071795862 0 -1 0 
1 -3.1415926535897931 0.25399999999999068 1 0 
1 3.1415926535897931 0 0 1 
1 3.1415926535897931 0 0 1 
1 0 1.5707963267948966 1 0 
1 0 0 0 1 
1 6.2831853071795862 0 0 1 
1 6.2831853071795862 4.7123889803846897 -1 0 
1 3.1415926535897931 0 0 1 
1 3.1415926535897931 0 0 1 
1 0 6.2831853071795862 1 0 
1 3.1415926535897931 1.2700000000000031 -1 0 
1 0 0 0 1 
1 6.2831853071795862 0 0 1 
1 6.2831853071795862 0 0 1 
1 0 0 0 1 
1 9.4247779607693793 1.5240000000000009 -1 0 
1 3.1415926535897931 0 0 1 
1 3.1415926535897931 0 0 1 
1 9.4247779607693793 0 -1 0 
1 3.1415926535897931 0 0 1 
1 3.1415926535897931 0 0 1 
1 0 0 0 1 
1 6.2831853071795862 0 0 1 
1 0 1.5707963267948966 1 0 
1 3.1415926535897931 0 -1 0 
1 6.2831853071795862 4.7123889803846897 -1 0 
1 3.1415926535897931 1.5240000000000009 -1 0 
1 3.1415926535897931 0.25399999999999068 1 0 
1 6.2831853071795862 0 -1 0 
1 9.4247779607693793 1.2700000000000031 -1 0 
1 0 6.2831853071795862 1 0 
1 6.2831853071795862 0 -1 0 
1 6.2831853071795862 0 0 1 
1 0 0 0 1 
7 0 0  3 25 23  6.2831853071795862 1.2761080289532183  6.2767458612607783 1.2406953798140681  6.263714343338985 1.171006417939976  6.2437085372826724 1.0700150305705964  6.2232429891886865 0.97269802292370777  6.202318452993306 0.87919024609944896  6.1809371436103762 0.78962781504564516  6.159103041762477 0.70414800560038016  6.1368219772976689 0.62288875490165208  6.1141017585315121 0.54598831612332499  6.0909522918203507 0.47358442153964081  6.0673856275611664 0.40581499405496985  6.0434162229312927 0.34281290644728396  6.0190603024732026 0.2847227723502686  5.9943367978965769 0.23167728213548738  5.9692675571250691 0.18379188615470082  5.9438766159809058 0.14118151438010401  5.9181903166345178 0.10395523060965067  5.8922371535342757 0.072216817728488703  5.8660476490395368 0.046063776226928997  5.8396541658802024 0.025586882248797738  5.81309072855273 0.01086931144900706  5.7863926674546109 0.0019872305385547719  5.7685287388187438 -7.1436909954037041e-07  5.7595865315812871 7.6918507455342661e-16 
 2.3807323429960505e-07 4 0.00018993189548198539 1 0.00037962571772967119 1 0.00056931953997735698 1 0.00075901336222504283 1 0.00094870718447272867 1 0.0011384010067204142 1 0.0013280948289681 1 0.0015177886512157859 1 0.0017074824734634717 1 0.0018971762957111576 1 0.0020868701179588434 1 0.0022765639402065291 1 0.0024662577624542151 1 0.0026559515847019008 1 0.0028456454069495868 1 0.0030353392291972725 1 0.0032250330514449581 1 0.0034147268736926441 1 0.0036044206959403298 1 0.0037941145181880158 1 0.0039838083404357006 1 0.0041735021626833867 4
7 0 0  3 25 23  4.1887902047863657 1.2761080289532416  4.1823507588675595 1.2406953798140887  4.1693192409457689 1.1710064179399848  4.1493134348894554 1.0700150305705791  4.1288478867954748 0.97269802292368701  4.1079233506000952 0.87919024609941709  4.0865420412171689 0.7896278150456022  4.0647079393692671 0.70414800560034851  4.0424268749044634 0.62288875490161799  4.0197066561383066 0.54598831612328869  3.9965571894271452 0.47358442153962715  3.9729905251679623 0.40581499405494109  3.9490211205380872 0.34281290644726442  3.9246652000799993 0.2847227723502524  3.899941695503375 0.2316772821354797  3.8748724547318694 0.18379188615469502  3.8494815135877034 0.14118151438009702  3.823795214241319 0.10395523060964738  3.7978420511410751 0.072216817728484067  3.7716525466463389 0.046063776226923162  3.7452590634870031 0.025586882248802477  3.7186956261595316 0.01086931144902286  3.6919975650614161 0.0019872305385535325  3.674133636425549 -7.1436910408981836e-07  3.6651914291880914 0 
 2.3807323443629457e-07 4 0.00018993189548211593 1 0.0003796257177297956 1 0.00056931953997747516 1 0.00075901336222515482 1 0.00094870718447283449 1 0.0011384010067205142 1 0.0013280948289681939 1 0.0015177886512158735 1 0.0017074824734635531 1 0.0018971762957112328 1 0.0020868701179589124 1 0.0022765639402065919 1 0.0024662577624542715 1 0.0026559515847019515 1 0.0028456454069496311 1 0.0030353392291973106 1 0.0032250330514449902 1 0.0034147268736926697 1 0.0036044206959403497 1 0.0037941145181880293 1 0.0039838083404357084 1 0.0041735021626833884 4
7 0 0  3 25 23  3.6651914291880914 0  3.6562826857348649 -2.2879480931198708e-06  3.6384507997729845 0.001973399582039995  3.6117248426950455 0.010837695777315314  3.5850859854558532 0.025573630639437076  3.5585988997298155 0.046113930925389852  3.5323240428118448 0.07236989700357932  3.5063289601352507 0.10421722067357485  3.4806089402533527 0.14156987360602136  3.4551939150882132 0.18431281133920757  3.4301090662754294 0.23232668882939417  3.405377939090505 0.28548727746197117  3.3810215655879885 0.34366732573646724  3.3570585163334665 0.40673381113675233  3.3335048126128748 0.47454774383918452  3.310374273045666 0.54697108448386944  3.2876784156261909 0.6238639963454734  3.2654265845610317 0.70508631754858264  3.2436260408827216 0.79049785029810704  3.2222820773142091 0.87995891854897157  3.2013981547645658 0.97333077266753254  3.180975989657898 1.0704760640019086  3.1610158585282861 1.1712589142911438  3.1480160244029158 1.2407838102241582  3.1415926535897931 1.2761080289532183 
 0.0041735021626833884 4 0.0043624868196025929 1 0.0045514714765217974 1 0.0047404561334410018 1 0.0049294407903602063 1 0.0051184254472794108 1 0.0053074101041986153 1 0.0054963947611178206 1 0.0056853794180370251 1 0.0058743640749562296 1 0.006063348731875434 1 0.0062523333887946385 1 0.006441318045713843 1 0.0066303027026330475 1 0.0068192873595522528 1 0.0070082720164714573 1 0.0071972566733906618 1 0.0073862413303098663 1 0.0075752259872290707 1 0.0077642106441482752 1 0.0079531953010674797 1 0.0081421799579866842 1 0.0083311646149058886 4
7 0 0  3 25 23  3.1415926535897931 1.2761080289532183  3.1351532076709852 1.2406953798140679  3.1221216897491928 1.171006417939976  3.1021158836928793 1.0700150305705971  3.0816503355988938 0.97269802292370455  3.0607257994035137 0.87919024609945573  3.0393444900205839 0.78962781504564306  3.0175103881726835 0.70414800560038138  2.9952293237078758 0.62288875490164941  2.9725091049417194 0.54598831612332521  2.949359638230558 0.47358442153964259  2.9257929739713737 0.40581499405496302  2.9018235693414995 0.3428129064472844  2.8774676488834099 0.2847227723502686  2.8527441443067847 0.23167728213548686  2.8276749035352777 0.18379188615470299  2.8022839623911122 0.14118151438010054  2.7765976630447264 0.10395523060965034  2.7506444999444826 0.072216817728488869  2.7244549954497446 0.046063776226928616  2.6980615122904084 0.025586882248799084  2.6714980749629365 0.010869311449014112  2.6448000138648191 0.0019872305385585549  2.6269360852289521 -7.1436909883769708e-07  2.6179938779914944 0 
 2.3807323429860097e-07 4 0.00018993189548198439 1 0.00037962571772967021 1 0.00056931953997735589 1 0.00075901336222504174 1 0.00094870718447272759 1 0.0011384010067204133 1 0.0013280948289680992 1 0.001517788651215785 1 0.0017074824734634709 1 0.0018971762957111567 1 0.0020868701179588421 1 0.0022765639402065278 1 0.0024662577624542138 1 0.0026559515847018995 1 0.0028456454069495855 1 0.0030353392291972712 1 0.0032250330514449568 1 0.0034147268736926428 1 0.0036044206959403285 1 0.0037941145181880145 1 0.0039838083404356997 1 0.0041735021626833858 4
7 0 0  3 25 23  2.6179938779914944 0  2.609085134538268 -2.2879480876320405e-06  2.5912532485763884 0.0019733995820510174  2.5645272914984498 0.010837695777323221  2.5378884342592594 0.025573630639449143  2.5114013485332212 0.046113930925383788  2.4851264916152536 0.072369897003577655  2.4591314089386569 0.10421722067356445  2.433411389056761 0.14156987360601808  2.4079963638916229 0.18431281133918509  2.38291151507884 0.23232668882938495  2.3581803878939165 0.28548727746194891  2.3338240143914 0.34366732573647035  2.3098609651368802 0.40673381113672197  2.2863072614162854 0.47454774383916676  2.263176721849081 0.54697108448383436  2.2404808644296033 0.62386399634544831  2.218229033364449 0.70508631754853601  2.1964284896861375 0.79049785029808672  2.1750845261176281 0.87995891854895769  2.1542006035679848 0.97333077266749912  2.133778438461321 1.0704760640019093  2.1138183073317092 1.171258914291152  2.1008184732063415 1.2407838102241757  2.0943951023932197 1.2761080289532416 
 0.0041735021626833858 4 0.0043624868196025842 1 0.0045514714765217826 1 0.004740456133440981 1 0.0049294407903601794 1 0.0051184254472793778 1 0.0053074101041985762 1 0.0054963947611177746 1 0.005685379418036973 1 0.0058743640749561715 1 0.0060633487318753699 1 0.0062523333887945683 1 0.0064413180457137658 1 0.0066303027026329651 1 0.0068192873595521626 1 0.0070082720164713619 1 0.0071972566733905594 1 0.0073862413303097587 1 0.0075752259872289562 1 0.0077642106441481555 1 0.007953195301067353 1 0.0081421799579865506 1 0.0083311646149057499 4
7 0 0  3 25 23  2.0943951023932197 1.2761080289532416  2.0879821439900139 1.240840511679161  2.074988236956087 1.1713476556950881  2.0549976126070799 1.0704214509052488  2.0345106151493839 0.97299535513622959  2.0135334919549561 0.87925469603067374  1.992074561494988 0.78938285143900722  1.9701445985503292 0.70356038783039754  1.9477569206532568 0.62196437749158051  1.9249273978401016 0.54476730332286816  1.9016749387076017 0.47213715917418597  1.8780199899947054 0.4042329527121738  1.8539903196599887 0.34121723434935669  1.8295994399987752 0.28320502220679  1.8048544783637936 0.23027736393874798  1.779781857685498 0.18255074750535091  1.7544056993395785 0.14012628659683396  1.7287535084998338 0.10310250255681624  1.7028545043179395 0.071571095327312692  1.6767398784489613 0.045617285238089673  1.6504424858646864 0.025319076470118444  1.6239966751704171 0.010746528057515501  1.5974379385316293 0.0019624071672728039  1.5796812947456809 -7.279985364884507e-07  1.5707963267948961 0 
 0.007753832143110791 4 0.0079436601994351715 1 0.0081334882557595502 1 0.0083233163120839306 1 0.0085131443684083111 1 0.0087029724247326898 1 0.0088928004810570702 1 0.0090826285373814507 1 0.0092724565937058294 1 0.0094622846500302098 1 0.0096521127063545903 1 0.009841940762678969 1 0.010031768819003349 1 0.01022159687532773 1 0.010411424931652109 1 0.010601252987976489 1 0.01079108104430087 1 0.01098090910062525 1 0.01117073715694963 1 0.011360565213274009 1 0.01155039326959839 1 0.01174022132592277 1 0.011930049382247149 4
7 0 0  3 25 23  1.5707963267948961 0  1.5619039787614615 -1.8332821743363657e-06  1.5440957933344435 0.0019643569342615084  1.5173700423015697 0.010814751622530107  1.4906881353001373 0.02556602561184252  1.4641062631790271 0.0461891406330407  1.4376812750320451 0.072630528819645504  1.4114615182347674 0.1048338655685368  1.385564794590284 0.14257556993126072  1.3600077483795729 0.18572621707864476  1.3348170995876802 0.2341437113568611  1.310013672090419 0.28768469276715758  1.285616742432528 0.34620376081060278  1.2616425056874678 0.40954955702751289  1.2381047159545566 0.47756899876726572  1.215015038796788 0.55011278889568271  1.192382758844988 0.62703057531488382  1.1702149963683905 0.70817295811709402  1.1485168074193328 0.79339159626877087  1.1272913257814445 0.88253976668841494  1.1065399163629044 0.97547270356122917  1.0862622821240631 1.0720480519716371  1.0664567675059873 1.1721257761175177  1.0535655409480911 1.2410884830203768  1.0471975511965974 1.2761080289532183 
 0.011930049382247149 4 0.012120036165547035 1 0.012310022948846921 1 0.01250000973214681 1 0.012689996515446696 1 0.012879983298746582 1 0.013069970082046469 1 0.013259956865346355 1 0.013449943648646243 1 0.01363993043194613 1 0.013829917215246016 1 0.014019903998545902 1 0.014209890781845789 1 0.014399877565145675 1 0.014589864348445562 1 0.01477985113174545 1 0.014969837915045336 1 0.015159824698345222 1 0.015349811481645111 1 0.015539798264944997 1 0.015729785048244883 1 0.01591977183154477 1 0.016109758614844656 4
7 0 0  3 25 23  1.0471975511965974 1.2761080289532183  1.040758105277789 1.2406953798140683  1.0277265873559973 1.1710064179399764  1.0077207812996833 1.0700150305705951  0.98725523320569808 0.97269802292371099  0.96633069701031793 0.87919024609944596  0.94494938762738856 0.78962781504564516  0.92311528577948798 0.70414800560037838  0.90083422131468016 0.62288875490165541  0.87811400254852479 0.54598831612333076  0.85496453583736232 0.4735844215396357  0.83139787157817857 0.40581499405497262  0.80742846694830417 0.34281290644728279  0.78307254649021463 0.28472277235026588  0.75834904191358932 0.23167728213548561  0.73327980114208247 0.18379188615470135  0.70788885999791651 0.14118151438009896  0.6822025606515314 0.10395523060964905  0.65624939755128642 0.072216817728486399  0.6300598930565493 0.046063776226925972  0.60366640989721287 0.02558688224879822  0.5771029725697403 0.010869311449010998  0.55040491147162396 0.001987230538558035  0.53254098283575657 -7.1436909862473595e-07  0.5235987755982987 0 
 2.3807323429873181e-07 4 0.00018993189548198455 1 0.00037962571772967037 1 0.00056931953997735611 1 0.00075901336222504196 1 0.00094870718447272781 1 0.0011384010067204135 1 0.0013280948289680994 1 0.0015177886512157852 1 0.0017074824734634711 1 0.0018971762957111569 1 0.002086870117958843 1 0.0022765639402065286 1 0.0024662577624542147 1 0.0026559515847019003 1 0.0028456454069495864 1 0.003035339229197272 1 0.0032250330514449576 1 0.0034147268736926437 1 0.0036044206959403293 1 0.0037941145181880154 1 0.0039838083404357006 1 0.0041735021626833867 4
7 0 0  3 25 23  0.5235987755982987 0  0.51469003214507225 -2.2879480894836351e-06  0.49685814618319207 0.0019733995820457742  0.47013218910525278 0.010837695777315611  0.44349333186606077 0.025573630639430016  0.41700624614002235 0.046113930925379902  0.39073138922205303 0.072369897003578737  0.36473630654545658 0.10421722067357039  0.3390162866635601 0.14156987360603496  0.31360126149842027 0.18431281133919664  0.2885164126856371 0.23232668882942001  0.26378528550071212 0.28548727746195407  0.23942891199819508 0.34366732573647196  0.21546586274367488 0.40673381113675083  0.1919121590230792 0.47454774383918674  0.16878161945587417 0.54697108448386522  0.14608576203639689 0.6238639963454764  0.12383393097123972 0.70508631754856987  0.1020333872929287 0.79049785029812147  0.080689423724417217 0.87995891854897601  0.059805501174773068 0.97333077266753754  0.039383336068105707 1.0704760640019071  0.019423204938492256 1.171258914291144  0.0064233708131228645 1.2407838102241586  0 1.2761080289532183 
 0.0041735021626833867 4 0.0043624868196025911 1 0.0045514714765217965 1 0.004740456133441001 1 0.0049294407903602063 1 0.0051184254472794108 1 0.0053074101041986153 1 0.0054963947611178197 1 0.0056853794180370251 1 0.0058743640749562304 1 0.0060633487318754349 1 0.0062523333887946394 1 0.0064413180457138439 1 0.0066303027026330492 1 0.0068192873595522537 1 0.007008272016471459 1 0.0071972566733906635 1 0.007386241330309868 1 0.0075752259872290733 1 0.0077642106441482778 1 0.0079531953010674832 1 0.0081421799579866876 1 0.0083311646149058921 4
7 0 0  3 25 23  5.7595865315812871 7.6918507455342661e-16  5.7506777881280611 -2.2879480876234109e-06  5.7328459021661802 0.0019733995820496622  5.7061199450882407 0.01083769577732048  5.6794810878490489 0.025573630639449393  5.6529940021230125 0.04611393092538283  5.6267191452050405 0.072369897003570716  5.6007240625284451 0.10421722067357078  5.575004042646551 0.14156987360602649  5.5495890174814093 0.18431281133919375  5.524504168668626 0.2323266888294154  5.4997730414837003 0.28548727746196101  5.4754166679811824 0.34366732573648373  5.4514536187266636 0.40673381113675339  5.4278999150060674 0.47454774383919401  5.4047693754388648 0.54697108448387644  5.3820735180193848 0.62386399634547607  5.3598216869542297 0.70508631754858098  5.3380211432759186 0.79049785029811559  5.3166771797074048 0.87995891854899311  5.2957932571577633 0.97333077266752999  5.2753710920510946 1.0704760640019186  5.2554109609214823 1.171258914291148  5.2424111267961111 1.2407838102241604  5.2359877559829888 1.2761080289532198 
 0.0041735021626833867 4 0.0043624868196025911 1 0.0045514714765217956 1 0.0047404561334410001 1 0.0049294407903602054 1 0.0051184254472794099 1 0.0053074101041986144 1 0.0054963947611178189 1 0.0056853794180370242 1 0.0058743640749562287 1 0.0060633487318754332 1 0.0062523333887946377 1 0.0064413180457138421 1 0.0066303027026330466 1 0.0068192873595522511 1 0.0070082720164714564 1 0.0071972566733906609 1 0.0073862413303098654 1 0.0075752259872290707 1 0.0077642106441482752 1 0.0079531953010674797 1 0.0081421799579866842 1 0.0083311646149058886 4
7 0 0  3 25 23  5.2359877559829888 1.2761080289532198  5.2296197662313908 1.2410884830198041  5.2167285396733032 1.1721257761159758  5.1969230250550149 1.0720480519691631  5.1766453908160495 0.97547270355835691  5.1558939813974751 0.88253976668559997  5.1346684997596599 0.79339159626646105  5.1129703108107956 0.70817295811567638  5.0908025483345147 0.62703057531470019  5.0681702683831729 0.55011278889701654  5.0450805912260179 0.47756899877032638  5.0215428014938812 0.40954955703246521  4.9975685647497663 0.34620376081751197  4.9731716350930082 0.28768469277600273  4.9483682075970732 0.23414371136750883  4.923177558806711 0.18572621709085857  4.897620512597757 0.14257556994467283  4.8717237889551903 0.10483386558262997  4.8455040321602807 0.072630528833911939  4.8190790440128124 0.046189140644048741  4.7924971718894831 0.02556602561871258  4.7658152648847167 0.010814751625568157  4.739089513848179 0.0019643569348113624  4.7212813284190025 -1.8332822224793789e-06  4.7123889803846897 -3.0767402982137064e-15 
 0.022422730177668417 4 0.022612585982634891 1 0.022802441787601366 1 0.022992297592567844 1 0.023182153397534318 1 0.023372009202500793 1 0.023561865007467268 1 0.023751720812433746 1 0.02394157661740022 1 0.024131432422366695 1 0.02432128822733317 1 0.024511144032299648 1 0.024700999837266122 1 0.024890855642232597 1 0.025080711447199072 1 0.025270567252165546 1 0.025460423057132024 1 0.025650278862098499 1 0.025840134667064973 1 0.026029990472031448 1 0.026219846276997923 1 0.026409702081964401 1 0.026599557886930875 4
7 0 0  3 25 23  4.7123889803846897 -3.0767402982137064e-15  4.7035040124335641 -7.2799853556357489e-07  4.6857473686469691 0.0019624071674214892  4.659188632007309 0.010746528058255005  4.6327428213122683 0.025319076471789867  4.6064454287273273 0.045617285240928764  4.5803308028577856 0.071571095331510681  4.5544317986754246 0.10310250256250035  4.5287796078353155 0.14012628660410748  4.5034034494891255 0.18255074751417322  4.47833082881065 0.23027736394910867  4.4535858671755806 0.28320502221859273  4.4291949875143546 0.34121723436244239  4.4051653171797289 0.40423295272632154  4.3815103684670396 0.47213715918896532  4.3582579093348421 0.54476730333793033  4.3354283865220804 0.62196437750645894  4.3130407086254738 0.70356038784467034  4.2911107456813449 0.78938285145214071  4.2696518152219598 0.87925469604222806  4.2486746920281595 0.97299535514565572  4.2281876945711234 1.0704214509120629  4.2081970702228002 1.171347655698793  4.1952031631893378 1.2408405116804542  4.1887902047863657 1.2761080289532416 
 0.026599557886930875 4 0.026789255074337933 1 0.026978952261744994 1 0.027168649449152052 1 0.02735834663655911 1 0.027548043823966167 1 0.027737741011373229 1 0.027927438198780286 1 0.028117135386187344 1 0.028306832573594402 1 0.028496529761001463 1 0.028686226948408521 1 0.028875924135815578 1 0.029065621323222636 1 0.029255318510629697 1 0.029445015698036755 1 0.029634712885443813 1 0.029824410072850874 1 0.030014107260257931 1 0.030203804447664989 1 0.030393501635072047 1 0.030583198822479108 1 0.030772896009886166 4
1 6.2831853071795862 0 -1 0 
1 6.2831853071795862 0 -1 0 
1 6.2831853071795862 0 -1 0 
1 6.2831853071795862 0 -1 0 
1 6.2831853071795862 0 -1 0 
1 6.2831853071795871 0 -1 0 
7 0 0  1 2 2  -1.2788170722341518e-15 1.0916731104437869e-16  1.0000000000000013 1.0916731104437879e-16 
 3.1415926535897931 2 6.2831853071795862 2
7 0 0  1 2 2  -2.66745308160699e-30 1  1 1 
 3.1415926535897931 2 6.2831853071795862 2
7 0 0  3 25 23  1 0  1 0.023747357485570896  0.99999999999999978 0.068051316043714977  1.0000000000000004 0.12668455998945147  0.99999999999999967 0.17943857413436129  1 0.22757821196810832  1 0.27212464287535465  1 0.31386912281980572  0.99999999999999989 0.35345671684424451  1 0.39142453098811453  1 0.42823510551894978  0.99999999999999978 0.46430016495116522  0.99999999999999978 0.49999999999999956  0.99999999999999989 0.53569983504883478  1 0.57176489448104884  1.0000000000000002 0.6085754690118873  0.99999999999999967 0.64654328315574761  1.0000000000000002 0.68613087718019594  0.99999999999999989 0.72787535712464468  1.0000000000000002 0.77242178803189143  1 0.82056142586563874  0.99999999999999989 0.87331544001054828  1 0.93194868395628516  1 0.97625264251442934  1 1 
 3.1415926535897931 4 3.2843923196620564 1 3.4271919857343196 1 3.5699916518065828 1 3.7127913178788465 1 3.8555909839511098 1 3.998390650023373 1 4.1411903160956367 1 4.2839899821678999 1 4.4267896482401632 1 4.5695893143124264 1 4.7123889803846897 1 4.8551886464569529 1 4.9979883125292162 1 5.1407879786014794 1 5.2835876446737426 1 5.4263873107460068 1 5.5691869768182691 1 5.7119866428905333 1 5.8547863089627965 1 5.9975859750350597 1 6.140385641107323 1 6.2831853071795862 4
7 0 0  1 2 2  -1.9182256083512433e-15 0.99999999999999989  1.0000000000000013 0.99999999999999989 
 3.1415926535897909 2 6.2831853071795862 2
7 0 0  1 2 2  -2.926719549351969e-30 -1.0916731104437873e-16  1.0000000000000007 -1.0916731104437887e-16 
 3.1415926535897909 2 6.2831853071795862 2
7 0 0  3 25 23  0 0  0 0.023747357485570903  0 0.068051316043715018  0 0.12668455998945158  0 0.17943857413436134  0 0.22757821196810829  0 0.27212464287535487  0 0.31386912281980534  0 0.35345671684424462  0 0.39142453098811419  0 0.42823510551895005  0 0.46430016495116466  0 0.49999999999999972  0 0.53569983504883478  0 0.57176489448104928  0 0.60857546901188686  0 0.64654328315574827  0 0.68613087718019572  0 0.72787535712464446  0 0.77242178803189143  0 0.82056142586563829  0 0.87331544001054817  0 0.93194868395628472  -0 0.976252642514429  0 1 
 3.1415926535897931 4 3.2843923196620564 1 3.4271919857343196 1 3.5699916518065828 1 3.7127913178788465 1 3.8555909839511098 1 3.998390650023373 1 4.1411903160956367 1 4.2839899821678999 1 4.4267896482401632 1 4.5695893143124264 1 4.7123889803846897 1 4.8551886464569529 1 4.9979883125292162 1 5.1407879786014794 1 5.2835876446737426 1 5.4263873107460068 1 5.5691869768182691 1 5.7119866428905333 1 5.8547863089627965 1 5.9975859750350597 1 6.140385641107323 1 6.2831853071795862 4
1 0 0.41822432957923023 1 -6.537806845230562e-16 
1 3.1415926535897931 -6.7858573512477278 -1 -2.8271597168564595e-15 
1 3.1415926535897931 1.1657341758564144e-15 0 1 
1 3.1415926535897931 1.1657341758564144e-15 0 1 
1 0 1.5707963267948999 1 -1.4135798584282298e-15 
1 0 -1.570796326794899 0 1 
1 6.2831853071795862 -1.570796326794899 0 1 
1 3.1415926535897931 8.8817841970012523e-15 0 1 
1 3.1415926535897931 8.8817841970012523e-15 0 1 
1 3.1415926535897931 2.8857873676702634e-15 -1 -9.1857464855374246e-16 
1 0 8.8817841970012523e-16 0 1 
1 6.2831853071795862 8.8817841970012523e-16 0 1 
1 6.2831853071795862 -1.7763568394002505e-15 0 1 
1 0 -1.7763568394002505e-15 0 1 
1 0 -1.5875000000000004 1 -5.6543194337129189e-16 
1 3.1415926535897931 -1.7763568394002505e-15 0 1 
1 3.1415926535897931 -1.7763568394002505e-15 0 1 
1 0 -3.9687499999999982 1 -5.6543194337129189e-16 
1 6.2831853071795862 1.7763568394002505e-15 0 1 
1 0 1.7763568394002505e-15 0 1 
1 0 3.5527136788005009e-15 1 0 
1 3.1415926535897931 -1.7763568394002505e-15 0 1 
1 3.1415926535897931 -1.7763568394002505e-15 0 1 
1 0 -1.5874999999999986 1 0 
1 6.2831853071795862 0 0 1 
1 0 0 0 1 
1 0 -30.162499999999987 1 0 
1 3.1415926535897931 0 0 1 
1 3.1415926535897931 0 0 1 
1 0 -31.749999999999986 1 0 
1 6.2831853071795862 0 0 1 
1 0 0 0 1 
1 0 -27.781249999999993 1 0 
1 3.1415926535897931 -3.5527136788005009e-15 0 1 
1 3.1415926535897931 -3.5527136788005009e-15 0 1 
1 0 -30.162499999999994 1 0 
1 0 2.8857873676702496e-15 1 -1.0333964796229651e-15 
1 0 5.8649609776003633 1 -5.6543194337129189e-16 
1 3.1415926535897931 -9.3788089449283738e-15 0 1 
1 3.1415926535897931 -9.3788089449283738e-15 0 1 
1 0 6.7858573512477331 1 -2.8271597168564595e-15 
1 0 -3.6072342095881216e-16 0 1 
1 6.2831853071795862 -3.6072342095881216e-16 0 1 
1 0 4.712388980384695 1 -1.4135798584282298e-15 
1 3.1415926535897931 -7.9936057773011271e-15 0 1 
1 3.1415926535897931 -7.9936057773011271e-15 0 1 
1 0 4.7123889803846994 0 1 
1 6.2831853071795862 4.7123889803846994 0 1 
1 6.2831853071795862 0 0 1 
1 0 0 0 1 
1 0 3.1749999999999936 1 1.1308638867425838e-15 
1 3.1415926535897931 -7.1054273576010019e-15 0 1 
1 3.1415926535897931 -7.1054273576010019e-15 0 1 
1 0 -34.925000000000018 1 2.2617277734851675e-15 
1 0 3.1750000000000007 1 -1.1308638867425838e-15 
1 0 -34.925000000000004 1 -2.2617277734851675e-15 
1 0 4.7123889803846861 1 1.4135798584282298e-15 
1 0 5.8649609776003597 1 5.6543194337129189e-16 
1 0 -3.6072342095878739e-15 1 1.0333964796229651e-15 
1 0 6.7858573512477154 1 2.8271597168564595e-15 
1 0 -27.781249999999993 1 0 
1 0 -30.162499999999994 1 0 
1 0 -30.162499999999987 1 0 
1 0 -31.749999999999986 1 0 
7 0 0  3 25 23  0 0  0 0.023747357485571052  0 0.068051316043715324  0 0.12668455998945161  0 0.17943857413436184  0 0.22757821196810848  0 0.27212464287535504  0 0.31386912281980606  0 0.3534567168442449  0 0.39142453098811447  0 0.42823510551895022  0 0.46430016495116511  0 0.50000000000000022  0 0.53569983504883556  0 0.57176489448104939  0 0.60857546901188742  0 0.64654328315574838  0 0.68613087718019594  0 0.72787535712464491  0 0.77242178803189177  0 0.82056142586563841  0 0.87331544001054828  0 0.93194868395628538  -0 0.97625264251442911  0 1 
 0 4 0.14279966607226333 1 0.28559933214452665 1 0.42839899821678995 1 0.5711986642890533 1 0.71399833036131666 1 0.8567979964335799 1 0.99959766250584325 1 1.1423973285781066 1 1.2851969946503699 1 1.4279966607226333 1 1.5707963267948966 1 1.7135959928671598 1 1.8563956589394233 1 1.9991953250116865 1 2.14199499108395 1 2.2847946571562132 1 2.4275943232284765 1 2.5703939893007397 1 2.7131936553730034 1 2.8559933214452666 1 2.9987929875175299 1 3.1415926535897931 4
7 0 0  3 25 23  1 0  1 0.023747357485570948  1.0000000000000002 0.068051316043715226  0.99999999999999978 0.12668455998945186  1 0.17943857413436165  1 0.22757821196810868  1 0.27212464287535493  1 0.31386912281980606  1 0.35345671684424523  1 0.39142453098811447  1 0.42823510551895044  1 0.46430016495116527  1.0000000000000002 0.49999999999999989  1 0.53569983504883567  0.99999999999999989 0.57176489448104961  1 0.60857546901188742  1.0000000000000002 0.6465432831557486  0.99999999999999978 0.68613087718019639  1.0000000000000002 0.7278753571246448  1 0.77242178803189199  1.0000000000000002 0.82056142586563841  0.99999999999999978 0.87331544001054839  1.0000000000000002 0.93194868395628494  1 0.97625264251442911  1 1 
 0 4 0.14279966607226333 1 0.28559933214452665 1 0.42839899821678995 1 0.5711986642890533 1 0.71399833036131666 1 0.8567979964335799 1 0.99959766250584325 1 1.1423973285781066 1 1.2851969946503699 1 1.4279966607226333 1 1.5707963267948966 1 1.7135959928671598 1 1.8563956589394233 1 1.9991953250116865 1 2.14199499108395 1 2.2847946571562132 1 2.4275943232284765 1 2.5703939893007397 1 2.7131936553730034 1 2.8559933214452666 1 2.9987929875175299 1 3.1415926535897931 4
1 0 3.5527136788005009e-15 1 0 
1 0 -1.5874999999999986 1 0 
1 0 -1.5875000000000039 1 5.6543194337129189e-16 
1 0 -3.9687500000000018 1 5.6543194337129189e-16 
1 9.4247779607693793 -2.8857873676702642e-15 -1 9.1857464855374265e-16 
1 9.4247779607693793 -6.7858573512477456 -1 2.8271597168564595e-15 
1 0 0.41822432957922612 1 6.537806845230562e-16 
1 0 1.570796326794891 1 1.4135798584282298e-15 
1 6.2831853071795862 1.3877787807814457e-16 0 1 
1 0 1.3877787807814457e-16 0 1 
1 0 1.5707963267948966 1 0 
1 0 -2.0319999999999991 1 0 
1 3.1415926535897931 1.3877787807814457e-16 0 1 
1 3.1415926535897931 1.3877787807814457e-16 0 1 
1 0 0.17453292519943409 1 0 
1 9.4247779607693793 -5.5042884376214056 -1 0 
1 0 -10.667999999999999 1 0 
1 3.1415926535897931 0 0 1 
1 3.1415926535897931 0 0 1 
1 0 -2.0319999999999991 1 0 
1 0 1.5707963267948966 1 0 
1 0 0 0 1 
1 6.2831853071795862 0 0 1 
1 6.2831853071795862 8.8817841970012523e-16 0 1 
1 0 8.8817841970012523e-16 0 1 
1 3.1415926535897931 -0.35829642479960067 1 0 
1 3.1415926535897931 8.8817841970012523e-16 0 1 
1 3.1415926535897931 8.8817841970012523e-16 0 1 
1 3.1415926535897931 -5.5042884376214065 -1 0 
1 0 0.17453292519943414 1 0 
1 3.1415926535897931 -8.8817841970012523e-16 0 1 
1 3.1415926535897931 -8.8817841970012523e-16 0 1 
1 3.1415926535897931 0 -1 0 
1 0 -8.8817841970012523e-16 0 1 
1 6.2831853071795862 -8.8817841970012523e-16 0 1 
1 3.1415926535897931 8.3266726846886741e-17 0 1 
1 3.1415926535897931 8.3266726846886741e-17 0 1 
1 0 1.5707963267948966 1 0 
1 0 8.3266726846886741e-17 0 1 
1 6.2831853071795862 8.3266726846886741e-17 0 1 
1 9.4247779607693793 0 -1 0 
1 -3.1415926535897931 -0.35829642479960067 1 0 
1 0 1.5707963267948966 1 0 
1 0 0.17453292519943414 1 0 
1 9.4247779607693793 -5.5042884376214065 -1 0 
1 3.1415926535897931 -5.5042884376214056 -1 0 
1 0 0.17453292519943409 1 0 
1 0 -10.667999999999999 1 0 
1 6.2831853071795862 0 0 1 
1 0 0 0 1 
1 0 53.974999999999994 1 0 
1 3.1415926535897931 0 0 1 
1 3.1415926535897931 0 0 1 
1 0 51.593749999999986 1 0 
1 6.2831853071795862 0 0 1 
1 0 0 0 1 
1 9.4247779607693793 11.906250000000014 -1 0 
1 3.1415926535897931 0 0 1 
1 3.1415926535897931 0 0 1 
1 0 9.5250000000000057 1 0 
1 0.64666513687732763 9.4247779607693793 1.5822487775838483e-16 -1 
7 0 0  3 25 23  0.0058119329318453566 0  0.0058119329318453558 0.016469354549459463  0.0058119329318453575 0.049026569195830309  0.0058119329318453549 0.096843099682336467  0.0058119329318453584 0.14376886926424198  0.0058119329318453566 0.18992072305650151  0.0058119329318453566 0.23540949327762425  0.0058119329318453549 0.28033994447866611  0.0058119329318453584 0.32481210538409372  0.0058119329318453558 0.36892210977658602  0.0058119329318453575 0.41276307419565667  0.0058119329318453549 0.45642589267986799  0.0058119329318453584 0.49999999999999983  0.0058119329318453566 0.54357410732013589  0.0058119329318453558 0.58723692580434528  0.0058119329318453566 0.63107789022341643  0.0058119329318453566 0.67518789461590611  0.0058119329318453566 0.71966005552133683  0.0058119329318453558 0.76459050672237605  0.0058119329318453566 0.81007927694350013  0.0058119329318453566 0.85623113073576018  0.0058119329318453566 0.90315690031766693  0.0058119329318453566 0.95097343080417229  0.0058119329318453558 0.98353064545054159  0.0058119329318453566 1 
 4.712388980384687 4 4.7761775370926509 1 4.8399660938006148 1 4.9037546505085796 1 4.9675432072165435 1 5.0313317639245074 1 5.0951203206324713 1 5.1589088773404361 1 5.2226974340484 1 5.2864859907563639 1 5.3502745474643278 1 5.4140631041722926 1 5.4778516608802565 1 5.5416402175882205 1 5.6054287742961844 1 5.6692173310041483 1 5.7330058877121131 1 5.796794444420077 1 5.8605830011280409 1 5.9243715578360057 1 5.9881601145439696 1 6.0519486712519335 1 6.1157372279598974 4
1 6.2831853071795845 4.7123889803846986 -1 -1.3734750322076062e-15 
1 0 -4.4408920985006262e-16 0 1 
1 6.2831853071795862 -4.4408920985006262e-16 0 1 
1 -3.1415926535897931 3.3090407328094833 1 0 
1 -3.1415926535897931 0.16744807921968921 1 8.5842189512975427e-17 
1 6.2831853071795862 3.1415926535897931 -1 -3.1459653359378927e-15 
1 6.2831853071795862 -19.843750000000007 -1 0 
1 6.2831853071795862 0 0 1 
1 0 0 0 1 
1 0 4.7123889803846897 1 0 
1 5.5773777689066506 9.4247779607693793 0 -1 
7 0 0  3 25 23  0 0  0 0.016827801337054353  0 0.049990702988807839  0 0.098425525904050321  0 0.14572491307535698  0 0.19204363722296802  0 0.2375267244229505  0 0.28230942253945196  0 0.32651943621433061  0 0.37027831059062666  0 0.4137028522920424  0 0.45690639488525336  0 0.4999999999999995  0 0.54309360511474669  0 0.58629714770795716  0 0.62972168940937101  0 0.67348056378566834  0 0.71769057746054665  0 0.76247327557705014  0 0.80795636277703153  0 0.85427508692464238  0 0.90157447409594826  0 0.95000929701119063  -0 0.98317219866294492  0 1 
 4.7123889803846897 4 4.7837888134208217 1 4.8551886464569529 1 4.926588479493085 1 4.9979883125292162 1 5.0693881455653482 1 5.1407879786014794 1 5.2121878116376115 1 5.2835876446737426 1 5.3549874777098747 1 5.4263873107460068 1 5.497787143782138 1 5.5691869768182691 1 5.6405868098544012 1 5.7119866428905333 1 5.7833864759266644 1 5.8547863089627965 1 5.9261861419989277 1 5.9975859750350597 1 6.0689858080711918 1 6.140385641107323 1 6.2117854741434542 1 6.2831853071795862 4
1 6.2831853071795862 58.544107303809831 -1 0 
1 6.2831853071795862 0 0 1 
1 0 0 0 1 
1 6.2831853071795862 60.925357303809839 -1 0 
7 0 0  3 47 45  5.8049885106834225 60.925357303809839  5.804146326018425 60.925357303809832  5.802465912853946 60.924519824759834  5.7999571901090317 60.920741423956365  5.7974603927398878 60.914431096884009  5.7949755495799984 60.905579095868909  5.792502690424147 60.89417568673322  5.790041843417586 60.880211084948321  5.7875930449845185 60.863675693892638  5.7851563027119521 60.844559215667445  5.7827317338726552 60.822853969575391  5.7803190484362439 60.798542507390657  5.777919478488581 60.771643833799899  5.7755285775297578 60.742040909368825  5.7731467055792551 60.709673664755613  5.7707799038641534 60.674618440076479  5.7684326889154214 60.636913843854401  5.7661099997226799 60.596613001527253  5.7638166133732813 60.553748702466521  5.7615604639914952 60.508528325892904  5.7593402525168464 60.460945725885622  5.7571560457632431 60.411019854721104  5.7550074873166297 60.358766777385547  5.7528945540069119 60.304189009828704  5.7508163191840636 60.247346151436346  5.7487731270274667 60.18821459280462  5.7467662358967493 60.126714343772981  5.7447965424705103 60.062776503839743  5.7428654814655342 59.996344194624974  5.7409727023654948 59.927301359602119  5.7391323432967409 59.85598371390315  5.7373466194911051 59.782456093977466  5.7356190772161186 59.706811088240705  5.733952525363093 59.629112032936469  5.7323513977929546 59.54951152103078  5.7308143718041293 59.467834370771982  5.7293395958212106 59.383909322454649  5.7279309514119054 59.297892448724539  5.7265907849368238 59.209852113788173  5.7253218550372331 59.119880183257656  5.7241268107539662 59.028062225562273  5.7230083313192726 58.934485496456645  5.7219690886529682 58.839236799577122  5.7210117573854147 58.742403059707698  5.7201390120740641 58.644071169159943  5.7196153560982603 58.577575742378549  5.7193685175271591 58.544107303809831 
 3.1798006553922508e-17 4 0.00010266768954769693 1 0.00020533537909536207 1 0.00030800306864302724 1 0.00041067075819069238 1 0.00051333844773835747 1 0.00061600613728602261 1 0.00071867382683368775 1 0.00082134151638135289 1 0.00092400920592901803 1 0.0010266768954766833 1 0.0011293445850243484 1 0.0012320122745720136 1 0.0013346799641196787 1 0.0014373476536673438 1 0.001540015343215009 1 0.0016426830327626741 1 0.0017453507223103393 1 0.0018480184118580044 1 0.0019506861014056695 1 0.0020533537909533345 1 0.0021560214805009998 1 0.0022586891700486647 1 0.0023613568595963297 1 0.002464024549143995 1 0.0025666922386916604 1 0.0026693599282393253 1 0.0027720276177869902 1 0.0028746953073346556 1 0.0029773629968823209 1 0.0030800306864299859 1 0.0031826983759776508 1 0.0032853660655253161 1 0.0033880337550729815 1 0.0034907014446206464 1 0.0035933691341683113 1 0.0036960368237159767 1 0.0037987045132636421 1 0.003901372202811307 1 0.0040040398923589723 1 0.0041067075819066377 1 0.0042093752714543031 1 0.0043120429610019684 1 0.0044147106505496329 1 0.0045173783400972983 4
7 0 0  3 47 45  0 0.89994754558323964  0.0067310831984533082 0.90067207287772022  0.020188521088586837 0.90212676031645733  0.040366726349330147 0.90432496532292139  0.060543043392600367 0.90653856657409859  0.080724132636455642 0.90876697162571307  0.10091695456636179 0.91100967804722  0.12112877570103525 0.91326626689074997  0.14136697345333998 0.91553635524290256  0.16163929225967205 0.91781960603561863  0.18195245057063711 0.92011553432966897  0.20231685437531929 0.92242405795997484  0.2227285028649596 0.9247432652328037  0.24323599754467609 0.92707756502060445  0.26384815489127772 0.92942706833355548  0.28452023172937646 0.93178525878999241  0.30522174173381023 0.93414739284210979  0.32591822442659291 0.93650834478292211  0.34657927017465512 0.93886384624303454  0.36713604567165198 0.94120463220972561  0.38760646212968985 0.94353178955191741  0.40799610605990139 0.94584500348245404  0.42831344487338324 0.94814417066216261  0.44856613679239088 0.95042943447762562  0.46876002242072989 0.95269924117617533  0.48890064928435351 0.9549536937175368  0.50900573232464064 0.95719674890072914  0.52903395361822014 0.95942171815738542  0.54900405297201238 0.96162454305428868  0.56894567968357868 0.96380272451588345  0.58874996154125503 0.96594060363283207  0.60841102803455871 0.96803230144530461  0.627911451661741 0.97007149625915101  0.64724195867320233 0.9720534152888437  0.66637291899358286 0.9739718893567596  0.68535073030640647 0.97582986954602524  0.70422073223957704 0.97762840360019287  0.72295323053383453 0.97936123646511186  0.74153981681801318 0.98102455721490467  0.75996496538093272 0.98261683816442291  0.77821917969347343 0.98411255039759493  0.79632534309468905 0.98551380864404436  0.81429915652268081 0.98681849897694773  0.83215669456334562 0.98802521566588231  0.84991262252556476 0.98913194719650344  0.8616911503319421 0.98980146249911349  0.86756802723461091 0.99011875348000011 
 3.1798006553922508e-17 4 0.00010266768954769693 1 0.00020533537909536207 1 0.00030800306864302724 1 0.00041067075819069238 1 0.00051333844773835747 1 0.00061600613728602261 1 0.00071867382683368775 1 0.00082134151638135289 1 0.00092400920592901803 1 0.0010266768954766833 1 0.0011293445850243484 1 0.0012320122745720136 1 0.0013346799641196787 1 0.0014373476536673438 1 0.001540015343215009 1 0.0016426830327626741 1 0.0017453507223103393 1 0.0018480184118580044 1 0.0019506861014056695 1 0.0020533537909533345 1 0.0021560214805009998 1 0.0022586891700486647 1 0.0023613568595963297 1 0.002464024549143995 1 0.0025666922386916604 1 0.0026693599282393253 1 0.0027720276177869902 1 0.0028746953073346556 1 0.0029773629968823209 1 0.0030800306864299859 1 0.0031826983759776508 1 0.0032853660655253161 1 0.0033880337550729815 1 0.0034907014446206464 1 0.0035933691341683113 1 0.0036960368237159767 1 0.0037987045132636421 1 0.003901372202811307 1 0.0040040398923589723 1 0.0041067075819066377 1 0.0042093752714543031 1 0.0043120429610019684 1 0.0044147106505496329 1 0.0045173783400972983 4
1 6.2831853071795862 0 0 1 
1 0 0 0 1 
1 0 50.800000000000011 1 0 
1 3.1415926535897931 0 0 1 
1 3.1415926535897931 0 0 1 
1 0 48.418750000000003 1 0 
1 6.2831853071795862 0 0 1 
1 0 0 0 1 
1 9.4247779607693793 8.7312500000000313 -1 0 
1 3.1415926535897931 0 0 1 
1 3.1415926535897931 0 0 1 
1 0 6.3500000000000227 1 0 
1 6.2831853071795862 0 0 1 
1 0 0 0 1 
1 0 1.5707963267948966 1 0 
1 3.1415926535897931 0 0 1 
1 3.1415926535897931 0 0 1 
1 0 0 1 0 
1 0 -19.049999999999997 1 0 
7 0 0  3 25 23  4.001183814423622 -23.812499999999996  4.0011838143400071 -23.788407961114597  4.0010517978373512 -23.740687756135998  4.0004901996511446 -23.671026839167091  3.9995975757501188 -23.603811915050805  3.9984062213499856 -23.539573680331429  3.9969493601075423 -23.478827624559557  3.9952567438177025 -23.422145971069714  3.9933945521869072 -23.369969216578991  3.991379307287207 -23.322024575602629  3.9892337387697716 -23.278160946555367  3.9869791549231524 -23.238197832652503  3.9846363246797645 -23.201950634007556  3.9822295723930856 -23.169280558340791  3.9797658391353758 -23.140097431834544  3.9772484398738923 -23.11426354620405  3.9746814474435093 -23.091651340277117  3.9720695189410113 -23.07214019889825  3.9694142046608429 -23.055571575732756  3.9667471424130589 -23.042074846415566  3.9640651268288263 -23.031617139645409  3.9613691315037229 -23.024177723305176  3.9586590091807388 -23.019732611475892  3.9568429453059637 -23.018750000000018  3.9559325957163178 -23.018750000000008 
 0 4 7.0938971757078347e-05 1 0.00014187794351415669 1 0.00021281691527123505 1 0.00028375588702831339 1 0.00035469485878539172 1 0.00042563383054247011 1 0.00049657280229954844 1 0.00056751177405662677 1 0.00063845074581370511 1 0.00070938971757078344 1 0.00078032868932786177 1 0.00085126766108494021 1 0.00092220663284201855 1 0.00099314560459909688 1 0.0010640845763561751 1 0.0011350235481132535 1 0.001205962519870332 1 0.0012769014916274102 1 0.0013478404633844887 1 0.0014187794351415669 1 0.0014897184068986453 1 0.0015606573786557235 4
7 0 0  3 25 23  3.1415926535897931 11.477101737347937  3.1112516668593635 11.477101737347935  3.0511109660455191 11.474478880919708  2.9625984295144079 11.46333362035319  2.8758126448589145 11.445636408261535  2.7909444577342613 11.422041260408875  2.7082467951801412 11.393220796060476  2.6280364992197915 11.359778229111974  2.5509222268634524 11.323046428238673  2.4763460664085306 11.283361699372451  2.4039947540996973 11.241185153729425  2.3335869550458788 11.196948992551375  2.26490327886814 11.151076251693366  2.1979108044799442 11.104055538531378  2.1323745659036568 11.056025921825812  2.0679595291334283 11.007059544615093  2.0043731298752285 10.957242455028533  1.9413629713914193 10.906672006553752  1.8786277875516195 10.855386426154272  1.8166570413245569 10.803999988282538  1.7551330846701358 10.752452808689512  1.6938273167512119 10.70076617820826  1.6324876062243563 10.648939629402458  1.5914163011291416 10.614298911688401  1.5707963267948966 10.596956751011529 
 0 4 7.0938971757078347e-05 1 0.00014187794351415669 1 0.00021281691527123505 1 0.00028375588702831339 1 0.00035469485878539172 1 0.00042563383054247011 1 0.00049657280229954844 1 0.00056751177405662677 1 0.00063845074581370511 1 0.00070938971757078344 1 0.00078032868932786177 1 0.00085126766108494021 1 0.00092220663284201855 1 0.00099314560459909688 1 0.0010640845763561751 1 0.0011350235481132535 1 0.001205962519870332 1 0.0012769014916274102 1 0.0013478404633844887 1 0.0014187794351415669 1 0.0014897184068986453 1 0.0015606573786557235 4
1 4.001183814423622 0 0 1 
7 0 0  3 69 67  5.3824499811794615 -71.912485317047413  5.3733254930567762 -71.783585639749901  5.3551331726221116 -71.521904045265742  5.3280146309251197 -71.117861076140528  5.3010717205368101 -70.702522063152657  5.2742901109030615 -70.275767170400357  5.2477344115846858 -69.838755648466574  5.221523469249596 -69.393793224712795  5.1956011852856872 -68.940296194142888  5.1699578277405775 -68.478421468503896  5.1445727666166254 -68.008129797070239  5.119430590999773 -67.529412029989302  5.0945158218494413 -67.042239748379671  5.0698142168886067 -66.546593699565548  5.0453115776916082 -66.042437254463138  5.0209975938400442 -65.529784137855913  4.9968517557848875 -65.008397970505527  4.972882426906355 -64.47867354332891  4.9492228105922642 -63.943869077464271  4.9258562685794285 -63.404052984619263  4.9027623058334964 -62.859112105331498  4.8799276568422982 -62.309084641546896  4.8573379436337492 -61.753968242857553  4.8349799770298834 -61.19377140686197  4.8128411950257863 -60.628499791487506  4.7909098677868149 -60.058159565339224  4.7691750622648614 -59.482757693982649  4.7476267722125689 -58.902297092655466  4.7262555887665565 -58.316771975810433  4.7050524106838951 -57.726178526318925  4.6840084632880155 -57.130510902260248  4.663115563290809 -56.529769392463372  4.6423651789524563 -55.923931787550799  4.621752046335061 -55.313059740220993  4.6012607507448546 -54.696901953075319  4.5809158776164267 -54.076375067027435  4.5607560554941218 -53.452933901024075  4.5407801401603569 -52.826843279621833  4.521000594072941 -52.198758173747244  4.5014179459717552 -51.568962963237105  4.4820057727294627 -50.93690670484002  4.4627603982656785 -50.30271520196883  4.4436727922439099 -49.666341334915657  4.4247358067240992 -49.027783848043562  4.4059423370199973 -48.387030501349855  4.3872857596603518 -47.744074210632455  4.3687596027346656 -47.098906566285983  4.3503576474850636 -46.451519512491281  4.3320739167391853 -45.801904903687372  4.3139026966699356 -45.150054599494503  4.2958385304556428 -44.495960528549681  4.2778762837518478 -43.839614338241958  4.2600108583419294 -43.181009469601065  4.2422372346391759 -42.520139252654907  4.2245505343097491 -41.856996792328765  4.2069460258966132 -41.191575811070187  4.1894190667508182 -40.52386778634019  4.1719653780110839 -39.853872558023724  4.1545800471329999 -39.18155876129633  4.1372612835361826 -38.507011487747342  4.1199941577414378 -37.829790713984536  4.1027874630410519 -37.150420384212701  4.0856509044379319 -36.46945335002632  4.0685957320516284 -35.787494234171206  4.0516265484085148 -35.104902849399409  4.0347358202112362 -34.421571932311558  4.0179195391770532 -33.737519204197497  4.0067551495514557 -33.280992225814487  4.001183814423622 -33.052604727675032 
 0.11359907063364565 4 0.11440433171052454 1 0.11520959278740343 1 0.11601485386428231 1 0.11682011494116121 1 0.1176253760180401 1 0.11843063709491899 1 0.11923589817179789 1 0.12004115924867678 1 0.12084642032555568 1 0.12165168140243456 1 0.12245694247931345 1 0.12326220355619234 1 0.12406746463307124 1 0.12487272570995013 1 0.12567798678682901 1 0.1264832478637079 1 0.1272885089405868 1 0.12809377001746569 1 0.12889903109434458 1 0.12970429217122348 1 0.13050955324810237 1 0.13131481432498127 1 0.13212007540186016 1 0.13292533647873905 1 0.13373059755561795 1 0.13453585863249681 1 0.13534111970937571 1 0.1361463807862546 1 0.13695164186313349 1 0.13775690294001239 1 0.13856216401689128 1 0.13936742509377018 1 0.14017268617064907 1 0.14097794724752796 1 0.14178320832440686 1 0.14258846940128572 1 0.14339373047816462 1 0.14419899155504351 1 0.1450042526319224 1 0.1458095137088013 1 0.14661477478568019 1 0.14742003586255908 1 0.14822529693943798 1 0.14903055801631687 1 0.14983581909319577 1 0.15064108017007466 1 0.15144634124695355 1 0.15225160232383245 1 0.15305686340071134 1 0.15386212447759023 1 0.1546673855544691 1 0.15547264663134799 1 0.15627790770822689 1 0.15708316878510578 1 0.15788842986198467 1 0.15869369093886357 1 0.15949895201574246 1 0.16030421309262136 1 0.16110947416950025 1 0.16191473524637912 1 0.16271999632325801 1 0.1635252574001369 1 0.1643305184770158 1 0.16513577955389469 1 0.16594104063077358 1 0.16674630170765248 4
7 0 0  3 69 67  5.315077798130595 8.0447635135135442  5.3173488490207825 7.8963324948413591  5.3219367708433287 7.6055297128128716  5.3289505192837749 7.18750813631297  5.3360888566819318 6.7877560303118445  5.3433503944404839 6.4060731170027028  5.3507120980868708 6.0433256822689865  5.3581334055116345 5.7008638455094847  5.365622648456192 5.3776544796033878  5.3731756543772677 5.0732800542222094  5.3807915815763883 4.7871438283684871  5.3884692427629286 4.5188469760223251  5.3962077947063669 4.2679966518812904  5.4040062713061801 4.0342020943076937  5.4118639794640142 3.8170572566407071  5.4197795957055686 3.6162745431151997  5.4277555083871594 3.431491398837367  5.4357846586821328 3.2625599638815235  5.4438173680226756 3.1100865288744157  5.4518530788945414 2.9733639675366663  5.4598939170667879 2.8519584892383882  5.4679396774067932 2.7454480848948553  5.4759907821099398 2.6534074439332942  5.484047488337902 2.5754126801879464  5.4921100991207403 2.5110375113530141  5.50017891178664 2.4598638152759813  5.5082542130082421 2.4214432253311009  5.5163363576030182 2.3954548183514639  5.5244257557950149 2.3816730355683124  5.5325227972083466 2.3798373118849994  5.5406279015365669 2.3896965029627424  5.5487414101271089 2.410996787759327  5.5568639682367733 2.4434856312882958  5.564995103672004 2.4869080310436975  5.5731385292022697 2.5410175685417173  5.5812823534786915 2.6055359567294851  5.5894083192921604 2.6800826964359943  5.5975140551731863 2.764310924837337  5.6055919785007022 2.8578590078646831  5.6136394132595724 2.9603907600818298  5.6216645746182623 3.0717156682418252  5.6296667354520835 3.1915824020249834  5.6376474354544222 3.3197591949338165  5.6456076302444105 3.4559939138234244  5.6535483618907074 3.6000651006775066  5.6614704760377368 3.7518152026666716  5.6693748596804117 3.9110716416909486  5.6772623818242662 4.0776658184598542  5.6851339083767636 4.251428243715611  5.692990299379395 4.4321890092600054  5.7008324027001027 4.6197807726239217  5.7086610795938215 4.8140263473622547  5.7164770680126402 5.0148034860074784  5.7242810635454999 5.222008605347118  5.7320737728404465 5.4355324433205823  5.7398558894708431 5.6552669859994271  5.7476281290750615 5.8811049057747002  5.7553911110626386 6.1129348816272637  5.7631457948094349 6.3506608798594915  5.7708918513559579 6.5941297108976142  5.7786347403536684 6.8434435638682025  5.7863691155180828 7.0983256757899627  5.7940893320029137 7.3584753953015154  5.8017891047136247 7.6235810990395052  5.8094650904406828 7.8934013344934462  5.8171192672477208 8.1678866605419991  5.8247521141292067 8.446949691838137  5.8298270390817377 8.6359920698046189  5.8323612180862039 8.7312500000000313 
 0.11359907063364565 4 0.11440433171052454 1 0.11520959278740343 1 0.11601485386428231 1 0.11682011494116121 1 0.1176253760180401 1 0.11843063709491899 1 0.11923589817179789 1 0.12004115924867678 1 0.12084642032555568 1 0.12165168140243456 1 0.12245694247931345 1 0.12326220355619234 1 0.12406746463307124 1 0.12487272570995013 1 0.12567798678682901 1 0.1264832478637079 1 0.1272885089405868 1 0.12809377001746569 1 0.12889903109434458 1 0.12970429217122348 1 0.13050955324810237 1 0.13131481432498127 1 0.13212007540186016 1 0.13292533647873905 1 0.13373059755561795 1 0.13453585863249681 1 0.13534111970937571 1 0.1361463807862546 1 0.13695164186313349 1 0.13775690294001239 1 0.13856216401689128 1 0.13936742509377018 1 0.14017268617064907 1 0.14097794724752796 1 0.14178320832440686 1 0.14258846940128572 1 0.14339373047816462 1 0.14419899155504351 1 0.1450042526319224 1 0.1458095137088013 1 0.14661477478568019 1 0.14742003586255908 1 0.14822529693943798 1 0.14903055801631687 1 0.14983581909319577 1 0.15064108017007466 1 0.15144634124695355 1 0.15225160232383245 1 0.15305686340071134 1 0.15386212447759023 1 0.1546673855544691 1 0.15547264663134799 1 0.15627790770822689 1 0.15708316878510578 1 0.15788842986198467 1 0.15869369093886357 1 0.15949895201574246 1 0.16030421309262136 1 0.16110947416950025 1 0.16191473524637912 1 0.16271999632325801 1 0.1635252574001369 1 0.1643305184770158 1 0.16513577955389469 1 0.16594104063077358 1 0.16674630170765248 4
1 5.3824499811794615 0 0 -1 
1 2.2408573275896688 0 0 -1 
7 0 0  3 47 45  5.5773777689066506 -19.843750000000007  5.5753077824416799 -19.843750000000007  5.5711776897666176 -19.845308915309385  5.5650116690989408 -19.852278237311015  5.5588742419620534 -19.863832714055331  5.5527648919222452 -19.879926542162647  5.5466831035579487 -19.900513951996611  5.5406283821855071 -19.925549048032515  5.5346001833078198 -19.954986404555751  5.5285981760353549 -19.988778842499489  5.5226212608548257 -20.026885726395946  5.5166712359966015 -20.069241999733102  5.5107391150230987 -20.11587374657703  5.5048561908999334 -20.166466909725596  5.4990549620102485 -20.220775314799454  5.4933276693772877 -20.278892925518477  5.487677360015196 -20.340822576115936  5.4821042052003195 -20.406591480672255  5.4766091623731521 -20.476220463365816  5.4711930076234125 -20.549731528136054  5.4658565422382175 -20.627148349780221  5.4606007324408772 -20.708486739903325  5.4554259423298888 -20.793792292021326  5.450334860851787 -20.882999335198871  5.4453215594625508 -20.976457474394813  5.4403968752083518 -21.074323720977347  5.4355802162345714 -21.176341650516498  5.4308889906696516 -21.282359662696887  5.4263401516172172 -21.392220296543073  5.4219545630834887 -21.505684709605212  5.4177203939832834 -21.623181575566242  5.4136515353245445 -21.744736121191483  5.4097589259327536 -21.870424111986058  5.4060557984004083 -22.000242541201018  5.4025492634919994 -22.134452952363905  5.3992687161384492 -22.272337460150435  5.3962423339642598 -22.413262903381995  5.3934761702830629 -22.557568225137501  5.3909819608411489 -22.70535345429899  5.3887709093372216 -22.856702172278631  5.3868507343624898 -23.012002664564857  5.3852654522077668 -23.168922604250834  5.3840186775779282 -23.327553772238929  5.3831187973061994 -23.48772847299832  5.3825729223081469 -23.649348561382386  5.3824499812853794 -23.757980965221453  5.3824499811794615 -23.812499999999996 
 0 4 0.00016056059948073368 1 0.00032112119896146737 1 0.00048168179844220105 1 0.00064224239792293474 1 0.00080280299740366837 1 0.00096336359688440211 1 0.0011239241963651358 1 0.0012844847958458695 1 0.0014450453953266031 1 0.0016056059948073367 1 0.0017661665942880706 1 0.0019267271937688042 1 0.0020872877932495378 1 0.0022478483927302717 1 0.0024084089922110051 1 0.0025689695916917389 1 0.0027295301911724728 1 0.0028900907906532062 1 0.0030506513901339401 1 0.0032112119896146735 1 0.0033717725890954073 1 0.0035323331885761412 1 0.0036928937880568746 1 0.0038534543875376084 1 0.0040140149870183418 1 0.0041745755864990757 1 0.0043351361859798095 1 0.0044956967854605434 1 0.0046562573849412772 1 0.0048168179844220102 1 0.004977378583902744 1 0.0051379391833834779 1 0.0052984997828642117 1 0.0054590603823449456 1 0.0056196209818256786 1 0.0057801815813064124 1 0.0059407421807871463 1 0.0061013027802678801 1 0.006261863379748614 1 0.0064224239792293469 1 0.0065829845787100808 1 0.0067435451781908146 1 0.0069041057776715485 1 0.0070646663771522823 4
7 0 0  3 47 45  0 1  6.0173300541555416e-05 0.9999998555450953  0.00018045889009498918 1.0000014934061301  0.00036070683729340065 1.000006367644706  0.0005407768430160583 1.0000131872872173  0.00072067175922351976 1.000011362412095  0.00090039602637847452 1.0000118422700728  0.0010799540238364002 1.0000117477132831  0.0012593514583541291 1.0000116460824655  0.0014385915114277993 1.0000121471625247  0.0016176880823105383 1.0000102444731054  0.0017966158915000703 1.0000173541507233  0.0019754960744997737 0.9999908181296725  0.0021543557738136847 1.0000185462535425  0.0023323125275969839 1.0000054760618291  0.0025097844901617082 1.0000300287048121  0.0026868138523302269 1.0000245750342536  0.0028636271735196935 1.000027013993561  0.0030401375488727294 1.0000281762729188  0.0032162188364359989 1.0000268662238294  0.0033918953327841624 1.000037065185756  0.0035671159691758013 1.0000040767568443  0.003741932891796263 1.0000171069925372  0.003916096695218846 0.99999797447867844  0.004089596943888869 1.0000030167676957  0.0042628769464037068 0.99999108109092305  0.0044357199110171743 0.99998600951980465  0.004608055291905582 0.99998525910696856  0.004779840559837112 1.000004440299944  0.0049507137144110085 0.99997529317108924  0.0051211713759101744 0.99995718325060456  0.0052909419729363803 0.99996102626832883  0.0054598354353805551 0.9999840382002696  0.0056275754274633912 1.0000126764731558  0.005794204098019313 0.99999039684126034  0.0059609575410369776 0.99997243785405643  0.0061265857299480997 0.99997898542035446  0.0062914459340515727 0.99999404037205675  0.0064555299334331942 1.0000129023914439  0.0066187007937764698 1.0000022595895108  0.0067817305816322724 1.000014298701781  0.0069436715500734688 1.0000110248090359  0.0071048545983926122 1.0000120812677453  0.0072656756637104591 1.0000111293256531  0.0074265093610801228 1.0000138806353132  0.0075339726627559256 1.0000071784376146  0.0075878238643456294 1 
 0 4 0.00016056059948073368 1 0.00032112119896146737 1 0.00048168179844220105 1 0.00064224239792293474 1 0.00080280299740366837 1 0.00096336359688440211 1 0.0011239241963651358 1 0.0012844847958458695 1 0.0014450453953266031 1 0.0016056059948073367 1 0.0017661665942880706 1 0.0019267271937688042 1 0.0020872877932495378 1 0.0022478483927302717 1 0.0024084089922110051 1 0.0025689695916917389 1 0.0027295301911724728 1 0.0028900907906532062 1 0.0030506513901339401 1 0.0032112119896146735 1 0.0033717725890954073 1 0.0035323331885761412 1 0.0036928937880568746 1 0.0038534543875376084 1 0.0040140149870183418 1 0.0041745755864990757 1 0.0043351361859798095 1 0.0044956967854605434 1 0.0046562573849412772 1 0.0048168179844220102 1 0.004977378583902744 1 0.0051379391833834779 1 0.0052984997828642117 1 0.0054590603823449456 1 0.0056196209818256786 1 0.0057801815813064124 1 0.0059407421807871463 1 0.0061013027802678801 1 0.006261863379748614 1 0.0064224239792293469 1 0.0065829845787100808 1 0.0067435451781908146 1 0.0069041057776715485 1 0.0070646663771522823 4
1 6.2831853071795862 0 0 1 
1 0 0 0 1 
1 3.1415926535897931 0 0 1 
1 3.1415926535897931 0 0 1 
1 6.283185307179588 -23.018750000000008 -1 0 
1 -1.1102230246251565e-16 0 1 0 
1 -1.1102230246251565e-16 -19.049999999999997 1 0 
1 3.1415926535897931 0 0 1 
1 3.1415926535897931 0 0 1 
1 0 1.5707963267948966 1 0 
1 0 -2.4980018054066022e-16 0 1 
1 6.2831853071795862 -2.4980018054066022e-16 0 1 
7 0 0  3 25 23  0.64666513687732863 0.16744807921969004  0.64941169644264818 0.16744807818151078  0.65489954874113088 0.16721573366636835  0.66311544644615084 0.16617070177384755  0.67131538569061655 0.16442964623405931  0.67949927990732795 0.16199313105355986  0.68766722900067589 0.15886132182497339  0.69581874811300182 0.15503575995300059  0.70396154481798678 0.15050567775319698  0.71208875794216175 0.14527271603253425  0.72019584634039124 0.13933687787252308  0.72827681390811772 0.13269937217866801  0.73632966934102151 0.12535802570585444  0.74433838218158843 0.11732265908534321  0.75229235936538885 0.10860793641292572  0.7601952457952722 0.099216011031381557  0.76804705666495099 0.0891517529203424  0.7758489611361804 0.078418632255918289  0.78360199661150454 0.067019799213278955  0.79130740979471792 0.054957782810024829  0.79896656068760374 0.042234577237097837  0.80658094888751175 0.02885161935045303  0.81415218872208261 0.014809874999567485  0.81917210813875163 0.005009732453732681  0.82167546408439973 0 
 0 4 0.00023356257105676994 1 0.00046712514211353989 1 0.00070068771317030988 1 0.00093425028422707977 1 0.0011678128552838497 1 0.0014013754263406198 1 0.0016349379973973897 1 0.0018685005684541595 1 0.0021020631395109297 1 0.0023356257105676993 1 0.0025691882816244694 1 0.0028027508526812395 1 0.0030363134237380092 1 0.0032698759947947793 1 0.003503438565851549 1 0.0037370011369083191 1 0.0039705637079650892 1 0.0042041262790218593 1 0.0044376888500786285 1 0.0046712514211353987 1 0.0049048139921921688 1 0.0051383765632489389 4
7 0 0  3 25 23  0.0058119329318453566 1  0.005726134240370849 1.0000000063129593  0.0055544157288444293 1.0000000013533443  0.0052964670428459516 0.99999993721682567  0.0050381414622194393 0.99999981694724416  0.0047794275613446506 0.9999996253427782  0.0045203336358854169 0.99999988950704233  0.0042607943462238161 0.99999950712254482  0.0040010302434734524 1.0000034957893551  0.0037409164167190698 1.0000070293766905  0.0034802964266434184 1.0000073234574691  0.0032190289868913985 1.000003783789569  0.0029569164076749879 1.0000000106981934  0.0026939425298018243 0.99999749566382024  0.0024297248542926764 0.9999875324992703  0.0021643513869619635 0.99997674789233992  0.0018978070412619191 0.9999672822767709  0.0016301051679627708 0.99996163885271971  0.0013612504092937311 0.99996124290206367  0.001091254721943435 0.99996711247268599  0.00082013321511999594 0.99997783953857045  0.00054789991607007659 0.99999060978248266  0.00027457246095481447 0.99999802602541443  9.1640623002533199e-05 1.0000000004229561  -1.0408340855860843e-17 1 
 0 4 0.00023356257105676994 1 0.00046712514211353989 1 0.00070068771317030988 1 0.00093425028422707977 1 0.0011678128552838497 1 0.0014013754263406198 1 0.0016349379973973897 1 0.0018685005684541595 1 0.0021020631395109297 1 0.0023356257105676993 1 0.0025691882816244694 1 0.0028027508526812395 1 0.0030363134237380092 1 0.0032698759947947793 1 0.003503438565851549 1 0.0037370011369083191 1 0.0039705637079650892 1 0.0042041262790218593 1 0.0044376888500786285 1 0.0046712514211353987 1 0.0049048139921921688 1 0.0051383765632489389 4
1 0 1.5707963267948966 1 0 
1 0 0 1 0 
1 0 -19.049999999999997 1 0 
7 0 0  3 25 23  5.4615099446535185 0  5.464013004608165 0.0050097062322381897  5.4690335239593795 0.014812354818333642  5.4766093726070197 0.028864219738054718  5.4842322355682409 0.04226245054781598  5.4919038006438026 0.055004505488983987  5.499625817651868 0.067087447826700092  5.5073991360597825 0.07850671604258716  5.5152349362533952 0.08926742261926765  5.5231246991257867 0.099358447216573109  5.531062569330051 0.1087702817904284  5.5390413290283087 0.11749295578123324  5.5470557497274626 0.12551497491790978  5.5550932229335075 0.13282997828077292  5.5631483526943599 0.13944354025927441  5.5712228912666655 0.14535589158050249  5.5793166130860685 0.15056866664280644  5.5874297594031033 0.15508305137637557  5.5955623826310088 0.15890024954217527  5.603714521288051 0.16202134175128713  5.6118861529789852 0.16444732087074554  5.6200772047764165 0.16617909365969374  5.6282875561366401 0.16721750449203177  5.6337738616944169 0.16744807943053611  5.6365201703022585 0.16744807921969004 
 0 4 0.00023352413669267089 1 0.00046704827338534178 1 0.00070057241007801267 1 0.00093409654677068356 1 0.0011676206834633543 1 0.0014011448201560253 1 0.0016346689568486963 1 0.0018681930935413671 1 0.0021017172302340379 1 0.0023352413669267087 1 0.0025687655036193799 1 0.0028022896403120507 1 0.0030358137770047215 1 0.0032693379136973927 1 0.0035028620503900635 1 0.0037363861870827342 1 0.003969910323775405 1 0.0042034344604680758 1 0.0044369585971607466 1 0.0046704827338534174 1 0.004904006870546089 1 0.0051375310072387598 4
7 0 0  3 25 23  0.0058093940007464939 1  0.0057178231261330028 1.0000000050442281  0.0055350492525748857 1.0000013355737549  0.0052620155141123231 1.0000043839961263  0.0049901319693653832 1.000002059587263  0.0047194228707695615 1.0000002455624961  0.0044498815932407015 0.99999956802642487  0.0041816086953468477 1.000001333297966  0.0039146963614305023 1.0000038642761195  0.0036489460345374399 1.0000037650887461  0.003384280990926556 1.0000018824239896  0.0031205767603521141 0.99999903499167708  0.0028578367022379482 1.000000472561984  0.0025955988463666549 0.99999777979915427  0.0023338698610189525 0.99999796970550503  0.0020726395386812873 0.99999841716720161  0.0018119018616520376 0.99999925349793828  0.0015516494608417478 1.0000000294581299  0.0012918752013252588 1.000000594471478  0.0010325718557917267 1.0000008474264324  0.00077373228284305557 1.0000007903783177  0.00051534947668282745 1.0000005048156948  0.00025741660100801539 1.0000001406233971  8.5756990817867473e-05 1.0000000051986033  -1.713039432527097e-17 1 
 0 4 0.00023352413669267089 1 0.00046704827338534178 1 0.00070057241007801267 1 0.00093409654677068356 1 0.0011676206834633543 1 0.0014011448201560253 1 0.0016346689568486963 1 0.0018681930935413671 1 0.0021017172302340379 1 0.0023352413669267087 1 0.0025687655036193799 1 0.0028022896403120507 1 0.0030358137770047215 1 0.0032693379136973927 1 0.0035028620503900635 1 0.0037363861870827342 1 0.003969910323775405 1 0.0042034344604680758 1 0.0044369585971607466 1 0.0046704827338534174 1 0.004904006870546089 1 0.0051375310072387598 4
1 3.1415926535897931 0.16744807921968963 1 -4.2921094756487763e-17 
1 3.1415926535897931 3.3090407328094833 1 0 
7 0 0  3 69 67  3.9092401749978234 -25.021798545566476  3.9146603378469242 -25.304582557549296  3.9255372430791615 -25.869162404919098  3.941963190115239 -26.713107099004151  3.9585004923063862 -27.55416616893746  3.9751502117838902 -28.392379067536755  3.9919136082166462 -29.227785247620485  4.0087921680602534 -30.060424162004232  4.0257875989193259 -30.890335263514434  4.04290183259734 -31.717558004937022  4.0601370250944724 -32.542131839208942  4.0774955567165154 -33.3640962187037  4.0949800311422804 -34.183490597897574  4.1125932746351266 -35.000354423419104  4.1303383315228581 -35.814727171185041  4.1482184699503906 -36.626648207807079  4.1662371454205847 -37.436157307828786  4.1843981176820693 -38.243292723371503  4.2027049908037242 -39.048098388313598  4.2211643306891053 -39.850572861512454  4.2397812268316546 -40.650749091594534  4.2585613494859196 -41.448656687340936  4.277510719309479 -42.24432611128362  4.2966357646072497 -43.037787750796582  4.3159432573843217 -43.829071440134953  4.3354404346938606 -44.618209301186987  4.3551344869622897 -45.40522485842763  4.3750344713066234 -46.190174047254104  4.3951469400290568 -46.973002712800501  4.4154919674178821 -47.754130276981613  4.4360073983277166 -48.530890137361197  4.4566649427491045 -49.301943922151708  4.4774842045445418 -50.06781084366532  4.4984689529466237 -50.828366369246311  4.5196277383882073 -51.583657561169908  4.540968428446055 -52.333688846955837  4.5624995102052086 -53.078469578107651  4.5842300541118224 -53.81800219693838  4.6061698869998855 -54.552290954640426  4.6283295240126749 -55.281339776078902  4.6507201250820831 -56.005152082549031  4.6733535673917936 -56.723733635952769  4.696241999318076 -57.437081339334952  4.7193993188276133 -58.145225190562272  4.7428371871556347 -58.848060092745293  4.7665843758288657 -59.545956406864867  4.7906489531293825 -60.238663555516922  4.8149295927897162 -60.922805713480379  4.8393994388342803 -61.597346977262461  4.8640779380859929 -62.262534822042639  4.8889755538929833 -62.918335474500651  4.9141061762924565 -63.564790739310439  4.9394833876761703 -64.201933923745599  4.9651223455312135 -64.829760528721394  4.9910396927929348 -65.448271094616345  5.0172534859758526 -66.057464683310059  5.0437832179422273 -66.657341231214758  5.070649399700339 -67.247898655110674  5.0978747306619061 -67.829142075773959  5.1254792632044959 -68.401049817628618  5.1535041061914315 -68.963786888965743  5.181753061367103 -69.513064015993407  5.2101680840710047 -70.047513226486231  5.2388014800722322 -70.568024155238447  5.2676626353896436 -71.074571342665948  5.2967743841984474 -71.567328091034838  5.3261578802893883 -72.046396704070091  5.3459439439343424 -72.35673130168243  5.3558900891779748 -72.509656807267575 
 0.0022554448420242334 4 0.0032147392811431056 1 0.0041740337202619783 1 0.00513332815938085 1 0.0060926225984997227 1 0.0070519170376185953 1 0.0080112114767374679 1 0.0089705059158563406 1 0.0099298003549752132 1 0.010889094794094086 1 0.011848389233212958 1 0.012807683672331831 1 0.013766978111450702 1 0.014726272550569575 1 0.015685566989688447 1 0.01664486142880732 1 0.017604155867926193 1 0.018563450307045065 1 0.019522744746163938 1 0.02048203918528281 1 0.021441333624401683 1 0.022400628063520556 1 0.023359922502639428 1 0.024319216941758301 1 0.02527851138087717 1 0.026237805819996043 1 0.027197100259114915 1 0.028156394698233788 1 0.029115689137352661 1 0.030074983576471533 1 0.031034278015590406 1 0.031993572454709275 1 0.032952866893828148 1 0.03391216133294702 1 0.034871455772065893 1 0.035830750211184766 1 0.036790044650303638 1 0.037749339089422511 1 0.038708633528541384 1 0.039667927967660256 1 0.040627222406779129 1 0.041586516845898001 1 0.042545811285016874 1 0.043505105724135747 1 0.044464400163254619 1 0.045423694602373492 1 0.046382989041492365 1 0.047342283480611237 1 0.048301577919730103 1 0.049260872358848976 1 0.050220166797967848 1 0.051179461237086721 1 0.052138755676205593 1 0.053098050115324466 1 0.054057344554443339 1 0.055016638993562211 1 0.055975933432681084 1 0.056935227871799957 1 0.057894522310918829 1 0.058853816750037702 1 0.059813111189156574 1 0.060772405628275447 1 0.06173170006739432 1 0.062690994506513192 1 0.063650288945632072 1 0.064609583384750938 1 0.065568877823869817 4
7 0 0  3 69 67  5.9197352641329335 8.7312500000000313  5.9167136157351026 8.6198062017748267  5.9106705818070582 8.3979001960062618  5.9016055409534509 8.0681794310255555  5.8925387356340622 7.7417903813435247  5.8834688771341099 7.41892651858696  5.8743946684564525 7.0997813143815796  5.8653148037657639 6.784548240357223  5.8562279695723172 6.4734207681282774  5.8471328454534417 6.1665923693668336  5.8380281049064235 5.8642565155295934  5.8289124161698647 5.5666066788771511  5.819784443081935 5.2738363286698897  5.8106428458752246 4.9861389453651892  5.8014862822516982 4.7037079676325959  5.7923134074749623 4.4267369900959483  5.7831228781984008 4.1554190253499623  5.7739133424289975 3.8899492581512933  5.7646834813201053 3.6305147666381075  5.7554318201169714 3.3773385043104414  5.7461567362225603 3.1306892933539849  5.7368566180255662 2.8908267467901698  5.7275298307823954 2.6580128421470604  5.7181747230459123 2.432509308090324  5.7087896417582886 2.2145765042287251  5.6993728723230896 2.0044805152608904  5.689922870298747 1.8024658945829442  5.6804373571369826 1.6088702612811931  5.6709154122970364 1.4240574455336141  5.661350165093344 1.248294119695138  5.6517729934290895 1.0825041722588027  5.6421992990389427 0.92725952739625339  5.6326218570012365 0.78273363585923916  5.6230412159212841 0.64925683926617817  5.6134558237018854 0.52713917716954106  5.6038647462801219 0.4166150065189333  5.5942668187080198 0.31803466104905764  5.5846608463359679 0.23183671813029572  5.575045633305054 0.15843609358441124  5.565419972927697 0.098254105791746621  5.555782662299495 0.051710124447224656  5.5461324581488913 0.019224911428548295  5.5364682435641948 0.0012156085679325564  5.526788410041851 -0.0018875543032785124  5.5170929226797023 0.010594321931839023  5.5073751500313461 0.039245500552344104  5.497637208114166 0.08468650601195564  5.4879254902165755 0.14727758061686824  5.4782549178967361 0.2272963251063477  5.4686222603679679 0.32520519196640141  5.459028253686121 0.44143255975207524  5.4494726034912233 0.57641860857453575  5.439955022965977 0.73044686054848473  5.430476032476987 0.90425067640968049  5.4210360700156848 1.0984980060217082  5.411635626504248 1.3138735338975658  5.40227519739061 1.5510604168247075  5.3929553365266392 1.8107311878434564  5.3836764846208922 2.093602402708119  5.3744395971133931 2.4002251500642413  5.365242277686507 2.731923823832588  5.3561572096943033 3.0867957549375999  5.3472102238830059 3.4643089204483974  5.3383909527767432 3.8652265142184219  5.3297036525688313 4.2897903967697371  5.3211496134933354 4.7385413467899244  5.3127313406628787 5.212003500260062  5.3072111846889873 5.54447148267991  5.3044745030219334 5.7150000000000247 
 0.0022554448420242334 4 0.0032147392811431056 1 0.0041740337202619783 1 0.00513332815938085 1 0.0060926225984997227 1 0.0070519170376185953 1 0.0080112114767374679 1 0.0089705059158563406 1 0.0099298003549752132 1 0.010889094794094086 1 0.011848389233212958 1 0.012807683672331831 1 0.013766978111450702 1 0.014726272550569575 1 0.015685566989688447 1 0.01664486142880732 1 0.017604155867926193 1 0.018563450307045065 1 0.019522744746163938 1 0.02048203918528281 1 0.021441333624401683 1 0.022400628063520556 1 0.023359922502639428 1 0.024319216941758301 1 0.02527851138087717 1 0.026237805819996043 1 0.027197100259114915 1 0.028156394698233788 1 0.029115689137352661 1 0.030074983576471533 1 0.031034278015590406 1 0.031993572454709275 1 0.032952866893828148 1 0.03391216133294702 1 0.034871455772065893 1 0.035830750211184766 1 0.036790044650303638 1 0.037749339089422511 1 0.038708633528541384 1 0.039667927967660256 1 0.040627222406779129 1 0.041586516845898001 1 0.042545811285016874 1 0.043505105724135747 1 0.044464400163254619 1 0.045423694602373492 1 0.046382989041492365 1 0.047342283480611237 1 0.048301577919730103 1 0.049260872358848976 1 0.050220166797967848 1 0.051179461237086721 1 0.052138755676205593 1 0.053098050115324466 1 0.054057344554443339 1 0.055016638993562211 1 0.055975933432681084 1 0.056935227871799957 1 0.057894522310918829 1 0.058853816750037702 1 0.059813111189156574 1 0.060772405628275447 1 0.06173170006739432 1 0.062690994506513192 1 0.063650288945632072 1 0.064609583384750938 1 0.065568877823869817 4
1 5.3558900891779739 0 0 1 
1 2.2142974355881804 0 0 1 
7 0 0  3 25 23  5.3558900891779739 -23.812500000000004  5.3558900896243191 -23.722648606668422  5.3560924953340532 -23.543808528752489  5.3569858080999246 -23.278220108763023  5.3584511482422439 -23.015397242324152  5.3604714219484757 -22.755397785019827  5.3630274276212591 -22.498413310739643  5.3661078765967769 -22.244136521232559  5.3696316921847966 -21.996850084782913  5.3735872688866166 -21.755836125955902  5.3779559764007194 -21.520933836760545  5.382718304792407 -21.291939761192317  5.3878655484356779 -21.068263967857089  5.3933469429996768 -20.850905074932694  5.3991114904285178 -20.640970690873164  5.4051505946457734 -20.437966937011836  5.411444090273517 -20.24183169149217  5.4179760010994187 -20.052377292337809  5.4247255148848588 -19.869486481241623  5.4317122204026349 -19.692483919819946  5.4389064004047469 -19.52170441208747  5.4462844291658961 -19.357345360917215  5.453821103707071 -19.199640998354166  5.4589348697453799 -19.09909076004941  5.4615099446535185 -19.049999999999997 
 0 4 0.00026588399748677673 1 0.00053176799497355346 1 0.0007976519924603302 1 0.0010635359899471069 1 0.0013294199874338837 1 0.0015953039849206604 1 0.0018611879824074371 1 0.0021270719798942139 1 0.0023929559773809908 1 0.0026588399748677673 1 0.0029247239723545438 1 0.0031906079698413208 1 0.0034564919673280977 1 0.0037223759648148743 1 0.0039882599623016508 1 0.0042541439597884277 1 0.0045200279572752047 1 0.0047859119547619816 1 0.0050517959522487577 1 0.0053176799497355346 1 0.0055835639472223116 1 0.0058494479447090877 4
7 0 0  3 25 23  0.011965019308480316 1  0.01187655006950817 1.0000141374952656  0.011699788587055587 1.0000272541655331  0.011434799061034553 1.000022208676707  0.011169587700670875 1.0000227156266093  0.010903766825105184 1.0000257333158267  0.010636850716047858 1.0000131556090543  0.010368726380878454 1.0000083138921678  0.010099803467147863 1.0000005095774562  0.0098294524624133045 0.99996927500611932  0.0095578747729843701 0.9999553643246738  0.0092851795804623303 0.99996425968597979  0.0090110752457992233 0.99999507459638259  0.0087369788177872158 1.0000305333530985  0.0084610639133940214 1.0000215964901942  0.0081834560494469608 1.0000218851850955  0.0079045960446209578 1.0000296672683942  0.0076247204619266208 0.99999825024029809  0.0073441622593712688 0.99999926942977002  0.0070625509513940815 0.99999047325624335  0.006780096466552055 0.99998837223024362  0.006496806523144473 0.99999116013774836  0.0062127284443441897 0.99999729529360881  0.006022827574944635 0.99999985133250813  0.0059277522978572533 1 
 0 4 0.00026588399748677673 1 0.00053176799497355346 1 0.0007976519924603302 1 0.0010635359899471069 1 0.0013294199874338837 1 0.0015953039849206604 1 0.0018611879824074371 1 0.0021270719798942139 1 0.0023929559773809908 1 0.0026588399748677673 1 0.0029247239723545438 1 0.0031906079698413208 1 0.0034564919673280977 1 0.0037223759648148743 1 0.0039882599623016508 1 0.0042541439597884277 1 0.0045200279572752047 1 0.0047859119547619816 1 0.0050517959522487577 1 0.0053176799497355346 1 0.0055835639472223116 1 0.0058494479447090877 4
7 0 0  3 47 45  0.82167546408439973 -19.049999999999997  0.82297014373022292 -19.074678614692534  0.82555070173455558 -19.124635015422427  0.82938961286842749 -19.201289231388827  0.83319110962686771 -19.279585760520121  0.83694958622949478 -19.359445210012939  0.8406598475773861 -19.440795953994304  0.84431515306106164 -19.523537389966457  0.84791986942626518 -19.607771743546031  0.85147300605940912 -19.6935198290949  0.85497388916205419 -19.780805695807835  0.85842175766005402 -19.869652452018379  0.86181585933282689 -19.960083734671979  0.86515547094520417 -20.052122007127839  0.86843944849261967 -20.145801967120853  0.87166661148949687 -20.24115973458408  0.87483576305536348 -20.338230030696895  0.87794578640864707 -20.437051749455087  0.88099523955512837 -20.537648492342491  0.883987905236164 -20.640243841549875  0.88691686086269339 -20.744711529118469  0.88977671494110955 -20.85097402060974  0.89256147092330118 -20.95893458782178  0.89526599992406874 -21.06852454408601  0.89788228877115661 -21.179582230363717  0.90040634967698019 -21.292062597511805  0.90283704384770447 -21.406013068710571  0.90517246030380472 -21.521454775770856  0.90741090762381627 -21.638421543657859  0.90955056874997964 -21.756922716088749  0.91159204662541382 -21.877247225706437  0.91352936204769353 -21.99922168511571  0.91535753082761595 -22.122741364453724  0.9170711344068545 -22.247657063231802  0.91866548290620131 -22.373928805932  0.92013339333963251 -22.501124187779528  0.92147087081474888 -22.628945592747172  0.92267639186251182 -22.757486573605345  0.92374777041231093 -22.886735869760965  0.92468299732338133 -23.016710305277147  0.92548001526449009 -23.147419178955936  0.9261367789347148 -23.27887380598726  0.92665123890541956 -23.411084961270642  0.92702134601539632 -23.544063564479465  0.92724505035836591 -23.677820496481822  0.9272952180016929 -23.767517931222852  0.92729521800161185 -23.812499999999996 
 0.005407454621917716 4 0.0055403097979559671 1 0.0056731649739942191 1 0.0058060201500324702 1 0.0059388753260707222 1 0.0060717305021089733 1 0.0062045856781472244 1 0.0063374408541854764 1 0.0064702960302237275 1 0.0066031512062619795 1 0.0067360063823002306 1 0.0068688615583384818 1 0.0070017167343767337 1 0.0071345719104149849 1 0.0072674270864532368 1 0.007400282262491488 1 0.0075331374385297391 1 0.0076659926145679911 1 0.007798847790606243 1 0.0079317029666444942 1 0.0080645581426827453 1 0.0081974133187209964 1 0.0083302684947592492 1 0.0084631236707975004 1 0.0085959788468357515 1 0.0087288340228740026 1 0.0088616891989122537 1 0.0089945443749505048 1 0.0091273995509887577 1 0.0092602547270270088 1 0.0093931099030652599 1 0.0095259650791035128 1 0.0096588202551417639 1 0.009791675431180015 1 0.0099245306072182661 1 0.010057385783256517 1 0.010190240959294768 1 0.010323096135333019 1 0.010455951311371271 1 0.010588806487409523 1 0.010721661663447775 1 0.010854516839486027 1 0.010987372015524279 1 0.01112022719156253 1 0.011253082367600781 4
7 0 0  3 47 45  0.0060420912821052058 1  0.005994722398150497 0.99999979978122266  0.0058998649176498713 0.9999968446324613  0.0057573786544198981 0.99998913406261236  0.0056148499252577965 0.99998357852245956  0.0054724416223273934 0.99998194782519512  0.0053303020070962345 0.99998389916588815  0.00518863541743973 0.99998377615877732  0.0050472457882292853 0.9999874427488924  0.0049061208029239486 0.99999247974821326  0.0047652366963849089 0.99999723894632031  0.0046245771570156318 1.0000004367066604  0.0044841071501358076 0.99999987747778352  0.0043438800515117537 0.99999889449939927  0.0042039071248370216 0.99999902874304603  0.0040641922414496419 0.99999974523300161  0.0039247420036487438 1.000000708096155  0.0037855585643843713 1.0000005258116418  0.003646657620635861 0.99999933404946184  0.0035078179935428369 1.0000018820218275  0.0033692386290322131 1.0000084877777704  0.0032313225072544104 1.0000121124353489  0.0030938495319908868 1.0000069964122307  0.0029564796177380262 0.99999773530595348  0.0028192777969290803 0.99999715257607835  0.002682392433746416 0.99999739335218818  0.002545788619780534 0.9999994956374908  0.0024094928818493224 1.0000019805594635  0.002273467715329291 1.0000006343104477  0.0021378675963078173 1.000000568915248  0.0020024865944128865 0.99999569213460837  0.0018673757692323867 0.99999185168827864  0.0017325932490357995 0.99999214390948821  0.0015981704119607746 0.99999658494799593  0.0014642481958708025 1.0000012972908088  0.0013302629848206831 0.99998863711293462  0.0011964982872746566 0.99998178456953546  0.001062879590620803 0.99997572327860618  0.000929428665173316 0.99997262163491862  0.00079614171108955279 0.99997231520951313  0.000663021871548294 0.99997482771938606  0.0005300703698980344 0.99997967547013733  0.00039728873265533617 0.99998604868052132  0.00026467801506659561 0.99999276082754984  0.00013223892783318134 0.99999831601192535  4.4060566284777705e-05 0.99999997769954208  0 1 
 0.005407454621917716 4 0.0055403097979559671 1 0.0056731649739942191 1 0.0058060201500324702 1 0.0059388753260707222 1 0.0060717305021089733 1 0.0062045856781472244 1 0.0063374408541854764 1 0.0064702960302237275 1 0.0066031512062619795 1 0.0067360063823002306 1 0.0068688615583384818 1 0.0070017167343767337 1 0.0071345719104149849 1 0.0072674270864532368 1 0.007400282262491488 1 0.0075331374385297391 1 0.0076659926145679911 1 0.007798847790606243 1 0.0079317029666444942 1 0.0080645581426827453 1 0.0081974133187209964 1 0.0083302684947592492 1 0.0084631236707975004 1 0.0085959788468357515 1 0.0087288340228740026 1 0.0088616891989122537 1 0.0089945443749505048 1 0.0091273995509887577 1 0.0092602547270270088 1 0.0093931099030652599 1 0.0095259650791035128 1 0.0096588202551417639 1 0.009791675431180015 1 0.0099245306072182661 1 0.010057385783256517 1 0.010190240959294768 1 0.010323096135333019 1 0.010455951311371271 1 0.010588806487409523 1 0.010721661663447775 1 0.010854516839486027 1 0.010987372015524279 1 0.01112022719156253 1 0.011253082367600781 4
1 0.92729521800161185 0 0 -1 
1 4.0688878715914054 0 0 -1 
7 0 0  3 69 67  0.92729521800161274 -72.509656807267561  0.93724002021516806 -72.356747705778631  0.95704630153578241 -72.046101393009607  0.98653500713680498 -71.565283335855909  1.0158474883985076 -71.068998663354009  1.0449749005080051 -70.557517538681026  1.0737822706064899 -70.033383598144681  1.1021886708823656 -69.49857766394409  1.1302471530715128 -68.952582218749455  1.1579743033405152 -68.395520314798659  1.1853943505979934 -67.827345300454965  1.2125263636120223 -67.248031028748827  1.2393895602146421 -66.657516797761915  1.2659995400944404 -66.05581031823057  1.2923794478157831 -65.44268020476116  1.3185511932991316 -64.817808088030034  1.3444523209591894 -64.183223641685373  1.3700399031745805 -63.540392764186308  1.3952489033798876 -62.891276478714758  1.4201264040752082 -62.235387922770769  1.4446909012398936 -61.572697899021883  1.4689591597951772 -60.90322122270809  1.4929473401641986 -60.226960939710942  1.5166706137266186 -59.543923160773396  1.5401431906874072 -58.854113506551073  1.5633782683074766 -58.157536493187713  1.5863879370919476 -57.454201544961784  1.6091833831640336 -56.744097656954082  1.6317748189920014 -56.027230823100474  1.6541739068196648 -55.303534870980755  1.6763841320225532 -54.573225246598888  1.6984380035846371 -53.835411515678693  1.7203152301727296 -53.091120833473994  1.7419841289551636 -52.341789122335051  1.7634104929457304 -51.588883428819102  1.7845781438667567 -50.833337535558933  1.8055131019897472 -50.074683575172543  1.8262215933535808 -49.313021524373077  1.8467145690783116 -48.548299205069668  1.8670010975137652 -47.780505214292297  1.8870901011031118 -47.009617203391691  1.9069898657363427 -46.235615831314604  1.9267081371247829 -45.458480672302684  1.9462521161102448 -44.678192631822675  1.965628492223825 -43.894734209855834  1.9848434585139363 -43.108082295337624  2.0039029619203523 -42.31821507040241  2.0228126278700378 -41.525110377956459  2.0415777669659274 -40.728746124619185  2.0602033598043317 -39.92910030138588  2.0786940568517913 -39.126150498035045  2.0970541488406953 -38.319875824836402  2.1152876939949392 -37.510247130707434  2.1333983080949954 -36.697240951353805  2.1513898287084237 -35.880812118425737  2.1692641844609333 -35.060997736377111  2.1870335637989213 -34.237318042282837  2.2046874482811871 -33.410375452518757  2.2222170812105135 -32.580681811791216  2.2396112986064503 -31.748833153189491  2.2568663065294281 -30.915154451121893  2.2739862356098928 -30.079522785688656  2.2909727700716926 -29.241905963460219  2.307827967449585 -28.402247480919453  2.3245535046646189 -27.560497348429198  2.3411508737862565 -26.71660383092027  2.357621356471681 -25.870515661171321  2.3685177438365339 -25.304959517725042  2.3739451321817628 -25.021798545566476 
 0.1200347952184961 4 0.12099169519927992 1 0.12194859518006376 1 0.12290549516084759 1 0.12386239514163142 1 0.12481929512241524 1 0.12577619510319907 1 0.12673309508398289 1 0.12768999506476675 1 0.12864689504555057 1 0.1296037950263344 1 0.13056069500711823 1 0.13151759498790205 1 0.13247449496868588 1 0.13343139494946971 1 0.13438829493025353 1 0.13534519491103739 1 0.13630209489182121 1 0.13725899487260504 1 0.13821589485338887 1 0.13917279483417269 1 0.14012969481495652 1 0.14108659479574034 1 0.14204349477652417 1 0.14300039475730802 1 0.14395729473809185 1 0.14491419471887568 1 0.1458710946996595 1 0.14682799468044333 1 0.14778489466122716 1 0.14874179464201098 1 0.14969869462279484 1 0.15065559460357866 1 0.15161249458436249 1 0.15256939456514632 1 0.15352629454593014 1 0.15448319452671397 1 0.15544009450749779 1 0.15639699448828165 1 0.15735389446906545 1 0.1583107944498493 1 0.15926769443063313 1 0.16022459441141695 1 0.16118149439220078 1 0.16213839437298461 1 0.16309529435376843 1 0.16405219433455226 1 0.16500909431533611 1 0.16596599429611994 1 0.16692289427690377 1 0.16787979425768759 1 0.16883669423847142 1 0.16979359421925524 1 0.17075049420003907 1 0.17170739418082293 1 0.17266429416160672 1 0.17362119414239058 1 0.1745780941231744 1 0.17553499410395823 1 0.17649189408474206 1 0.17744879406552588 1 0.17840569404630971 1 0.17936259402709354 1 0.18031949400787739 1 0.18127639398866122 1 0.18223329396944504 1 0.18319019395022887 4
7 0 0  3 69 67  5.3044745030219342 51.435000000000031  5.3072108681313939 51.605499675701878  5.3127366580516844 51.938305091082711  5.3211855651661963 52.413407528117752  5.3298000235073237 52.865119723609823  5.3385703615486131 53.293319493439888  5.3474482628308184 53.696160828604057  5.3563979880983243 54.072999382201338  5.3654262929903895 54.42498124782054  5.3745290848910763 54.752786987219636  5.3837051788617485 55.0572423665446  5.3929532973748122 55.338913464344408  5.4022727306768941 55.598354276667727  5.4116618133098005 55.836109383265338  5.4211223479134452 56.052774930763192  5.4306571365456131 56.248738806160553  5.4402355759936212 56.424113289152658  5.4498352540136228 56.579110007406726  5.4594261196388123 56.713768293729814  5.4690173017996635 56.829310007106017  5.4786099835403297 56.926252424361863  5.4882047451371143 57.005169213243015  5.4978023312556878 57.066619226840146  5.5074034458260179 57.111164185944418  5.5170088034211213 57.139369155200107  5.5266191268914868 57.151782956138611  5.5362351034589663 57.149016038889826  5.5458575715077947 57.131414194463041  5.5554871275724622 57.099314598216253  5.5651252963723339 57.053097561433781  5.5747700960084705 56.993186905488592  5.5844333108607325 56.919778789825727  5.5941026094927233 56.833348114889112  5.6037606293673585 56.734473297928893  5.6133893547596516 56.623686225074387  5.6229783851873281 56.501601390132407  5.6325357817977268 56.368621343811299  5.6420615612064191 56.22507357886191  5.651557880202227 56.071305695135557  5.6610263052074705 55.907659922039286  5.6704685421918004 55.734479863656631  5.6798862402423849 55.552108995809512  5.6892810402598952 55.360889932689552  5.6986545696790412 55.161168863271627  5.7080081350224994 54.953159325252606  5.7173430998038537 54.737102051972535  5.7266608089921531 54.513232233350557  5.7359626041803651 54.281786596851568  5.7452498180404277 54.043001263178304  5.7545237760154455 53.797113242536561  5.7637857898711324 53.544356593881851  5.7730371766563318 53.28497629166781  5.7822791176852766 53.019142562210412  5.7915127850434303 52.747054668524918  5.8007395843917795 52.468902445585897  5.8099600247476886 52.184908568630107  5.8191802301602644 51.895093415811772  5.8283944063813395 51.599878576797181  5.8375977758966169 51.299654242311696  5.846784548795152 50.99483753026869  5.8559522714651004 50.685762054678051  5.8651032656419773 50.372604083211932  5.8742387844317623 50.055569166099339  5.8833603617958996 49.734855007330715  5.892469449784616 49.410661413293631  5.9015675142231476 49.083187627026057  5.9106560089268054 48.752633042566927  5.9167095879242906 48.530342356389689  5.9197352641329335 48.418750000000003 
 0.1200347952184961 4 0.12099169519927992 1 0.12194859518006376 1 0.12290549516084759 1 0.12386239514163142 1 0.12481929512241524 1 0.12577619510319907 1 0.12673309508398289 1 0.12768999506476675 1 0.12864689504555057 1 0.1296037950263344 1 0.13056069500711823 1 0.13151759498790205 1 0.13247449496868588 1 0.13343139494946971 1 0.13438829493025353 1 0.13534519491103739 1 0.13630209489182121 1 0.13725899487260504 1 0.13821589485338887 1 0.13917279483417269 1 0.14012969481495652 1 0.14108659479574034 1 0.14204349477652417 1 0.14300039475730802 1 0.14395729473809185 1 0.14491419471887568 1 0.1458710946996595 1 0.14682799468044333 1 0.14778489466122716 1 0.14874179464201098 1 0.14969869462279484 1 0.15065559460357866 1 0.15161249458436249 1 0.15256939456514632 1 0.15352629454593014 1 0.15448319452671397 1 0.15544009450749779 1 0.15639699448828165 1 0.15735389446906545 1 0.1583107944498493 1 0.15926769443063313 1 0.16022459441141695 1 0.16118149439220078 1 0.16213839437298461 1 0.16309529435376843 1 0.16405219433455226 1 0.16500909431533611 1 0.16596599429611994 1 0.16692289427690377 1 0.16787979425768759 1 0.16883669423847142 1 0.16979359421925524 1 0.17075049420003907 1 0.17170739418082293 1 0.17266429416160672 1 0.17362119414239058 1 0.1745780941231744 1 0.17553499410395823 1 0.17649189408474206 1 0.17744879406552588 1 0.17840569404630971 1 0.17936259402709354 1 0.18031949400787739 1 0.18127639398866122 1 0.18223329396944504 1 0.18319019395022887 4
1 2.3739451321817628 0 0 1 
7 0 0  3 25 23  2.3739451321817628 -23.812499999999996  2.3739451322205269 -23.789755899818996  2.3740429930209195 -23.744568509334592  2.3744640146818004 -23.678177168346647  2.3751398681373659 -23.613661880051914  2.3760513190725825 -23.551512477434649  2.3771785273014348 -23.492205700511487  2.378503916887678 -23.436267136139939  2.3799882744101737 -23.384065530327348  2.3816176942173946 -23.335498280264602  2.3833754857345837 -23.290546655590227  2.3852447656736619 -23.24917153885594  2.3872122183049984 -23.211331488512887  2.389250465242478 -23.177014746501456  2.3913430901336099 -23.146198372078338  2.3934878054762572 -23.118827999216894  2.3956785380888546 -23.094857682269744  2.39791022951011 -23.074239219355782  2.4001775500026175 -23.056925013149812  2.4024752434524541 -23.042867304336387  2.4047980352834588 -23.032018377005336  2.407140657577167 -23.024330503615701  2.40949784247004 -23.019755959744153  2.4110754976914532 -23.018750000000008  2.411864997362827 -23.018750000000008 
 0 4 6.7062944324490175e-05 1 0.00013412588864898035 1 0.00020118883297347051 1 0.0002682517772979607 1 0.00033531472162245089 1 0.00040237766594694102 1 0.00046944061027143121 1 0.0005365035545959214 1 0.00060356649892041154 1 0.00067062944324490178 1 0.00073769238756939191 1 0.00080475533189388205 1 0.00087181827621837229 1 0.00093888122054286243 1 0.0010059441648673526 1 0.0010730071091918428 1 0.001140070053516333 1 0.0012071329978408231 1 0.0012741959421653133 1 0.0013412588864898036 1 0.0014083218308142936 1 0.0014753847751387838 4
7 0 0  3 25 23  0 8.0139637679055689  0.028646121515009299 8.0139637679055724  0.085589808105799969 8.0120193395514914  0.16987304420033211 8.0036631689433744  0.25296936673344927 7.9902621732904526  0.33471213947066014 7.9722077444607438  0.41489958017000544 7.9499035729319729  0.49328510866263697 7.9237074659071638  0.56950926360443999 7.8944149061442577  0.64394181204811329 7.8623114856653666  0.71678802601685154 7.8277389363644279  0.78821036419536117 7.7910426273047264  0.85839128150301747 7.7524972390003439  0.92715747752187039 7.7126565689927808  0.99447854308807604 7.6718484138887426  1.0606352110312041 7.630120184527347  1.1258234878388311 7.5875944208876716  1.1902540837503015 7.5443735321564551  1.2541207946063888 7.5005653215499688  1.3176051717272033 7.4562761469585217  1.380872578271594 7.4116127535469642  1.4440703387572165 7.3666817827077171  1.50732886571987 7.3215899036484862  1.5496100841892102 7.2914924866083277  1.5707963267948966 7.2764525143145136 
 0 4 6.7062944324490175e-05 1 0.00013412588864898035 1 0.00020118883297347051 1 0.0002682517772979607 1 0.00033531472162245089 1 0.00040237766594694102 1 0.00046944061027143121 1 0.0005365035545959214 1 0.00060356649892041154 1 0.00067062944324490178 1 0.00073769238756939191 1 0.00080475533189388205 1 0.00087181827621837229 1 0.00093888122054286243 1 0.0010059441648673526 1 0.0010730071091918428 1 0.001140070053516333 1 0.0012071329978408231 1 0.0012741959421653133 1 0.0013412588864898036 1 0.0014083218308142936 1 0.0014753847751387838 4
1 0 -23.018750000000008 1 0 
7 0 0  3 25 23  3.8713203098167592 -23.018750000000008  3.8721097965265692 -23.018750000000011  3.8736835997075469 -23.019785739526206  3.8760287128919759 -23.024469537483  3.8783580742339701 -23.032306223955942  3.8806718013231363 -23.04331944463468  3.8829689766556275 -23.057529332085203  3.8852525421933466 -23.074969125527009  3.8874939352798799 -23.095515864007396  3.8896901503453822 -23.119295486299773  3.8918356706416932 -23.146401071122003  3.8939253217549172 -23.176934817603286  3.8959550622087993 -23.210995303283081  3.897915968904428 -23.24868647164849  3.8997859376929069 -23.290020321852673  3.9015477446525066 -23.335002566572243  3.9031830191317196 -23.383645761924541  3.9046730822783062 -23.435941376740654  3.9060016233730375 -23.491958385555911  3.9071311084668401 -23.551346025210421  3.9080440663485621 -23.613569112219025  3.9087208120803694 -23.678143230235676  3.9091422530455051 -23.744570355227591  3.9092401749588261 -23.789760869589141  3.9092401749978234 -23.812499999999996 
 0 4 6.7002871557842207e-05 1 0.00013400574311568441 1 0.00020100861467352662 1 0.00026801148623136883 1 0.00033501435778921103 1 0.00040201722934705324 1 0.00046902010090489545 1 0.00053602297246273765 1 0.00060302584402057986 1 0.00067002871557842207 1 0.00073703158713626427 1 0.00080403445869410648 1 0.00087103733025194869 1 0.00093804020180979089 1 0.0010050430733676331 1 0.0010720459449254753 1 0.0011390488164833175 1 0.0012060516880411597 1 0.0012730545595990019 1 0.0013400574311568441 1 0.0014070603027146863 1 0.0014740631742725285 4
7 0 0  3 25 23  1.5707963267948966 7.2764525143145136  1.5919815847558254 7.2914922369634381  1.6341641143346581 7.3215130148553786  1.6971314437553326 7.3663640487726028  1.7600439623401547 7.4110292730849423  1.8231737640950525 7.4555084220424961  1.8867669510938492 7.4997811321393488  1.9511661318137616 7.5439020199595159  2.0158558907584023 7.58731629497351  2.0811027505832227 7.6299572403686513  2.1471251027921774 7.6717106041945247  2.2141805251625084 7.7124686022778297  2.2825666113559402 7.7521451144745983  2.3524948933735761 7.7905608967464142  2.4238946002469746 7.827270379508084  2.4968404549334906 7.8619211041542663  2.5714422060174797 7.8941389932515103  2.6478445894900591 7.9235433336988343  2.7263541020335866 7.9498015738935868  2.8066580203576486 7.972150671639862  2.8885013044404619 7.9902349002030322  2.9716754898578595 8.0036535877042709  3.0560051499684522 8.0120181094168306  3.1129527956495893 8.0139637679055653  3.1415926535897931 8.0139637679055689 
 0 4 6.7002871557842207e-05 1 0.00013400574311568441 1 0.00020100861467352662 1 0.00026801148623136883 1 0.00033501435778921103 1 0.00040201722934705324 1 0.00046902010090489545 1 0.00053602297246273765 1 0.00060302584402057986 1 0.00067002871557842207 1 0.00073703158713626427 1 0.00080403445869410648 1 0.00087103733025194869 1 0.00093804020180979089 1 0.0010050430733676331 1 0.0010720459449254753 1 0.0011390488164833175 1 0.0012060516880411597 1 0.0012730545595990019 1 0.0013400574311568441 1 0.0014070603027146863 1 0.0014740631742725285 4
1 3.9092401749978234 0 0 -1 
1 0 -19.049999999999997 1 0 
1 0 0 1 0 
1 6.2831853071795845 -19.843750000000007 -1 0 
1 6.2831853071795845 3.1415926535898246 -1 -5.6627376046882041e-15 
7 0 0  3 47 45  0.90073532600012485 -23.812499999999996  0.90073532589687189 -23.757989143046927  0.90061351641097809 -23.649541696352635  0.90007254533603664 -23.488558477220238  0.89918053710287282 -23.329232380388323  0.89794454096401843 -23.171518499835798  0.89637222559840413 -23.015424217073662  0.89446893706387265 -22.86076184089714  0.89224981345695753 -22.708582726654726  0.8897447191268022 -22.559833061967801  0.88698056020405258 -22.415353244392374  0.88396122854289338 -22.274380425765056  0.88069551392072454 -22.136825893661403  0.87719968610124877 -22.002860673651575  0.873497794067569 -21.87293638604476  0.86960462367935298 -21.747056311196001  0.86553772499083348 -21.625351067583395  0.86131276867266415 -21.507890261146734  0.85695007828913461 -21.394860209856247  0.85243464950602998 -21.28553439062879  0.84777677741684843 -21.179998553548124  0.84298385949254118 -21.078245788506312  0.83806587379266018 -20.980313741613195  0.83302526969515445 -20.886154494299145  0.82789191509276916 -20.796017830494712  0.8226880958734526 -20.710094091022249  0.81740869427318708 -20.62827770540153  0.81205591990911208 -20.550542398639973  0.80663000240687399 -20.476840625097186  0.80113168864301254 -20.407130626236221  0.79556155992396604 -20.341368765754233  0.78992026479430599 -20.279513131308491  0.78420826938222921 -20.221516792481765  0.7784266219576792 -20.167351167194703  0.77257414309389849 -20.116919298090803  0.76665789919431149 -20.070379380584484  0.76069358114500996 -20.028008088496168  0.75468854846954503 -19.989826563728361  0.74865261529323845 -19.95592565047474  0.74259408058833665 -19.926372915682357  0.73652480131436904 -19.90125933299343  0.73043160128622786 -19.880505800332326  0.72431451831466986 -19.864214747159608  0.71817266730397222 -19.852467375421039  0.71200540375092325 -19.845350576911702  0.70787647428897993 -19.843750000000007  0.70580753827293552 -19.843750000000007 
 0 4 0.00016094743594912306 1 0.00032189487189824613 1 0.00048284230784736916 1 0.00064378974379649225 1 0.00080473717974561534 1 0.00096568461569473832 1 0.0011266320516438615 1 0.0012875794875929845 1 0.0014485269235421075 1 0.0016094743594912307 1 0.0017704217954403537 1 0.0019313692313894766 1 0.0020923166673385996 1 0.002253264103287723 1 0.002414211539236846 1 0.002575158975185969 1 0.002736106411135092 1 0.002897053847084215 1 0.0030580012830333384 1 0.0032189487189824614 1 0.0033798961549315843 1 0.0035408435908807073 1 0.0037017910268298303 1 0.0038627384627789533 1 0.0040236858987280763 1 0.0041846333346771993 1 0.0043455807706263231 1 0.0045065282065754461 1 0.0046674756425245691 1 0.004828423078473692 1 0.004989370514422815 1 0.005150317950371938 1 0.005311265386321061 1 0.005472212822270184 1 0.005633160258219307 1 0.0057941076941684299 1 0.0059550551301175529 1 0.0061160025660666768 1 0.0062769500020157997 1 0.0064378974379649227 1 0.0065988448739140457 1 0.0067597923098631687 1 0.0069207397458122917 1 0.0070816871817614147 4
7 0 0  3 47 45  0 1  5.3444158889178153e-05 0.999999848336105  0.00016046996023892193 0.99999605776930112  0.00032141694666695689 0.99998613881494303  0.00048277993815116886 0.99997901811266732  0.00064452505097206388 0.9999789174169974  0.0008067537604332898 0.99998759197210851  0.00096905751514384235 1.0000054033126042  0.0011325732763113965 0.99996347009630537  0.0012971859997819326 0.99995865439443044  0.0014616932835233968 0.99995517616535301  0.0016269274702647623 0.99997503287147083  0.0017930472313312878 0.99999752066719561  0.0019596720470320315 1.0000001404861056  0.0021274423803570464 0.99997422756714105  0.002296248005239069 0.99996083511854761  0.0024658370819715396 0.99996670933730136  0.0026360202183423657 0.9999876489514351  0.0028065008299084909 1.0000023184199123  0.0029781246994267014 1.0000042546285506  0.0031500114945467819 1.0000088654313986  0.0033225103951741121 1.000007802131945  0.0034956248900962048 1.0000049780283649  0.0036696766001175305 0.99999565901712528  0.0038441022077999789 1.0000157478775145  0.0040187976662385229 1.0000103871114363  0.0041939291890300831 1.0000117413153602  0.0043694562836290585 1.0000116852657428  0.0045453917825414979 1.0000105552602898  0.0047217303121513416 1.0000151313317192  0.0048984756987335955 0.99999278116271639  0.0050756153245265206 0.99998206458095107  0.005253150722099669 0.99997674038059658  0.0054310530041250622 0.99997839905465025  0.0056093948346536398 0.99999909536507292  0.0057878681253522562 0.99999836787075802  0.0059669275352398641 0.99997691429017443  0.0061463278490353941 0.99995591686783203  0.0063258779652176234 0.99994047640923855  0.0065053935305405828 0.99993406466606716  0.0066845933135729462 0.99993249643435489  0.0068639407539025738 0.99994744751399101  0.0070434916376774515 0.99996706958106696  0.0072233363275299835 0.99998527941219328  0.0074035603055671723 0.99999726446629111  0.0075240229883484101 1.0000001930374263  0.0075843475458558587 1 
 0 4 0.00016094743594912306 1 0.00032189487189824613 1 0.00048284230784736916 1 0.00064378974379649225 1 0.00080473717974561534 1 0.00096568461569473832 1 0.0011266320516438615 1 0.0012875794875929845 1 0.0014485269235421075 1 0.0016094743594912307 1 0.0017704217954403537 1 0.0019313692313894766 1 0.0020923166673385996 1 0.002253264103287723 1 0.002414211539236846 1 0.002575158975185969 1 0.002736106411135092 1 0.002897053847084215 1 0.0030580012830333384 1 0.0032189487189824614 1 0.0033798961549315843 1 0.0035408435908807073 1 0.0037017910268298303 1 0.0038627384627789533 1 0.0040236858987280763 1 0.0041846333346771993 1 0.0043455807706263231 1 0.0045065282065754461 1 0.0046674756425245691 1 0.004828423078473692 1 0.004989370514422815 1 0.005150317950371938 1 0.005311265386321061 1 0.005472212822270184 1 0.005633160258219307 1 0.0057941076941684299 1 0.0059550551301175529 1 0.0061160025660666768 1 0.0062769500020157997 1 0.0064378974379649227 1 0.0065988448739140457 1 0.0067597923098631687 1 0.0069207397458122917 1 0.0070816871817614147 4
1 0.90073532600012485 0 0 1 
1 4.042327979589917 0 0 1 
7 0 0  3 69 67  2.2820014927559646 -33.052604727675032  2.276471393352717 -33.279301798137908  2.2653927837397658 -33.732324451798682  2.2487154923964212 -34.41075151883512  2.2319747348743606 -35.088079220310419  2.2151662285446592 -35.764315105681419  2.1982855718936967 -36.439466718598425  2.181328233701628 -37.113541624374697  2.1642895631561188 -37.786547307478372  2.147164804597689 -38.458491554094827  2.1299490761469801 -39.129381024385829  2.112637578395951 -39.799228467173897  2.0952253332662476 -40.468049763494285  2.0777071113913275 -41.135859964627691  2.0600774529396841 -41.802674581444975  2.0423307047355523 -42.468508116210685  2.0244609090399104 -43.133378646024582  2.0064622754569648 -43.797290957251953  1.9883274753261673 -44.460299424360315  1.9700484276734578 -45.122453797100121  1.9516470273334743 -45.782786824624566  1.9331383073963229 -46.440564659959328  1.9145453261432586 -47.09474661581978  1.8958550699176988 -47.745634488593033  1.8770596899272751 -48.393327463733229  1.8581542366764769 -49.037806481347019  1.8391327137186566 -49.67908408700648  1.8199890233568485 -50.317164745078337  1.8007170227271552 -50.952053354833701  1.7813101886488676 -51.583754249012905  1.7617616218125927 -52.212271910863343  1.7420640614749703 -52.83761078813518  1.722209905579317 -53.459775320060018  1.7021912098718808 -54.078770015441037  1.6819997779575722 -54.694599113314226  1.6616269222368145 -55.307267862211923  1.641063372156472 -55.916774790443647  1.6202984519305088 -56.523143230931531  1.5993246344445244 -57.126306436984166  1.5781200801844888 -57.726533175751385  1.5566927555546115 -58.323279068831596  1.5350788725815643 -58.915312599411124  1.5133074047711175 -59.501561027240584  1.4914062723259101 -60.080977515518022  1.4693415275646766 -60.654334004009712  1.4471094241222928 -61.221471862617271  1.4246987222130618 -61.782438239684204  1.4020993707902849 -62.337225158267188  1.3793002099198708 -62.885839364127762  1.3562896457140536 -63.428283837495094  1.3330554410736339 -63.964561898023113  1.3095850999938232 -64.494679273198969  1.2858643148750737 -65.018623709834969  1.2618780143842123 -65.536379328055276  1.2376090824044024 -66.047951308599337  1.2130436254022787 -66.553268549465329  1.1881299517541601 -67.052946794585637  1.1629964197588163 -67.544066507255636  1.1377158209119622 -68.024980413576202  1.1122641146692749 -68.496012139663293  1.086631472074113 -68.957211585712628  1.060803078295516 -69.408639545749907  1.0347637962335292 -69.850328807980958  1.0084970914802172 -70.28231966474911  0.98198539775934779 -70.704650397666754  0.95521007689035942 -71.117359827133114  0.92815161778043787 -71.520486629130474  0.90991010626054614 -71.782875222058493  0.90073532600012529 -71.912485317047413 
 0.011765053623471952 4 0.01257194139064363 1 0.01337882915781531 1 0.014185716924986987 1 0.014992604692158667 1 0.015799492459330343 1 0.016606380226502022 1 0.017413267993673702 1 0.018220155760845382 1 0.019027043528017058 1 0.019833931295188737 1 0.020640819062360413 1 0.021447706829532093 1 0.022254594596703772 1 0.023061482363875452 1 0.023868370131047131 1 0.024675257898218807 1 0.025482145665390483 1 0.026289033432562163 1 0.027095921199733843 1 0.027902808966905522 1 0.028709696734077198 1 0.029516584501248878 1 0.030323472268420557 1 0.031130360035592233 1 0.031937247802763913 1 0.032744135569935592 1 0.033551023337107272 1 0.034357911104278951 1 0.035164798871450631 1 0.035971686638622311 1 0.036778574405793983 1 0.037585462172965663 1 0.038392349940137342 1 0.039199237707309015 1 0.040006125474480694 1 0.040813013241652374 1 0.041619901008824053 1 0.042426788775995733 1 0.043233676543167412 1 0.044040564310339092 1 0.044847452077510772 1 0.045654339844682444 1 0.046461227611854124 1 0.047268115379025803 1 0.048075003146197483 1 0.048881890913369162 1 0.049688778680540842 1 0.050495666447712514 1 0.051302554214884194 1 0.052109441982055874 1 0.052916329749227553 1 0.053723217516399233 1 0.054530105283570912 1 0.055336993050742592 1 0.056143880817914264 1 0.056950768585085944 1 0.057757656352257623 1 0.058564544119429303 1 0.059371431886600982 1 0.060178319653772662 1 0.060985207420944335 1 0.061792095188116014 1 0.062598982955287694 1 0.063405870722459373 1 0.064212758489631053 1 0.065019646256802732 4
7 0 0  3 69 67  5.8323612180862039 48.418750000000003  5.8298457960411785 48.513302871280516  5.8248099059662932 48.700912164163434  5.8172402046586695 48.977753976125669  5.8096539117084021 49.24994088590087  5.8020502918910353 49.517390106403703  5.7944286041753452 49.780018896087768  5.7867881003103321 50.037744343511044  5.779128028449974 50.290484171275509  5.7714476220590729 50.538153735702267  5.7637461427090599 50.780677224192466  5.7560226995300479 51.017939591173331  5.7482762877425007 51.249798620960455  5.7405059177427455 51.476118621616799  5.7327105804282752 51.696762281559955  5.7248892698606415 51.911592244041856  5.7170409302048277 52.120472952622244  5.709164648314089 52.323261694795391  5.7012589395526367 52.519842582009382  5.6933220034120566 52.709991926289383  5.6853647991226355 52.893289093198682  5.6773954246346747 53.069371520201415  5.6694256167990806 53.237786405312498  5.6614512638027881 53.398493612082113  5.6534705654020581 53.551357093182297  5.6454831252293012 53.696211404600881  5.6374881547325844 53.832888025116034  5.6294850266173269 53.961269565628108  5.6214729613078047 54.081132885866189  5.6134511757587626 54.192250571284468  5.6054188814414614 54.294396403157343  5.5973752848982823 54.387343653753241  5.5893195897633641 54.470866435543819  5.5812509903821059 54.544736009194352  5.5731686976038315 54.608734202392242  5.5650718443213352 54.662603426542525  5.5569595270236167 54.705988997012945  5.5488305306986536 54.738571143899044  5.5406849411145087 54.760035285715603  5.5325179129781787 54.770011172572403  5.5243359605912499 54.768104595550192  5.5161557488773569 54.754055435686176  5.5079915761907223 54.727558701128693  5.4998574645542053 54.688360286751546  5.4917431268525592 54.636303861364773  5.4836506645050864 54.571010962808522  5.4755794502397199 54.492154145777739  5.4675295984776993 54.399392461376685  5.4595010363107921 54.292387958217752  5.4514937485416288 54.170804198471153  5.4435077258588782 54.03429569256825  5.4355429263903607 53.882551644337426  5.4275996017438723 53.71504880310566  5.4196781008214119 53.531267103159649  5.4117784444331063 53.330680315666996  5.4039018627791426 53.112822159032426  5.3960386758617176 52.876743315756165  5.3882355274473541 52.623296304765923  5.3805200575061436 52.353025734754006  5.3728893779876561 52.065553667002  5.3653444859366228 51.760805720336755  5.3578866114080537 51.438371674650988  5.350517471512914 51.097826478819194  5.3432386921227746 50.738749055675477  5.3360519613051833 50.360717263232949  5.3289589877830981 49.963309244829546  5.3219615077787212 49.546103067324523  5.3173613649376135 49.254485567886448  5.3150777981305959 49.105236486486504 
 0.011765053623471952 4 0.01257194139064363 1 0.01337882915781531 1 0.014185716924986987 1 0.014992604692158667 1 0.015799492459330343 1 0.016606380226502022 1 0.017413267993673702 1 0.018220155760845382 1 0.019027043528017058 1 0.019833931295188737 1 0.020640819062360413 1 0.021447706829532093 1 0.022254594596703772 1 0.023061482363875452 1 0.023868370131047131 1 0.024675257898218807 1 0.025482145665390483 1 0.026289033432562163 1 0.027095921199733843 1 0.027902808966905522 1 0.028709696734077198 1 0.029516584501248878 1 0.030323472268420557 1 0.031130360035592233 1 0.031937247802763913 1 0.032744135569935592 1 0.033551023337107272 1 0.034357911104278951 1 0.035164798871450631 1 0.035971686638622311 1 0.036778574405793983 1 0.037585462172965663 1 0.038392349940137342 1 0.039199237707309015 1 0.040006125474480694 1 0.040813013241652374 1 0.041619901008824053 1 0.042426788775995733 1 0.043233676543167412 1 0.044040564310339092 1 0.044847452077510772 1 0.045654339844682444 1 0.046461227611854124 1 0.047268115379025803 1 0.048075003146197483 1 0.048881890913369162 1 0.049688778680540842 1 0.050495666447712514 1 0.051302554214884194 1 0.052109441982055874 1 0.052916329749227553 1 0.053723217516399233 1 0.054530105283570912 1 0.055336993050742592 1 0.056143880817914264 1 0.056950768585085944 1 0.057757656352257623 1 0.058564544119429303 1 0.059371431886600982 1 0.060178319653772662 1 0.060985207420944335 1 0.061792095188116014 1 0.062598982955287694 1 0.063405870722459373 1 0.064212758489631053 1 0.065019646256802732 4
1 2.2820014927559642 0 0 -1 
7 0 0  3 25 23  2.3272527114632684 -23.018750000000008  2.3263418903681821 -23.018750000000011  2.3245266723356668 -23.019734184520232  2.3218231258042894 -23.0241676210115  2.3191388760865679 -23.031563397021927  2.3164739105973298 -23.041924684556946  2.3138283290201151 -23.055262113175157  2.3112018158320695 -23.071558490025232  2.3085909286291835 -23.091016284728994  2.3060107851244749 -23.113679436173925  2.3034739692997688 -23.13960319482749  2.3009925631043502 -23.16885283683121  2.2985832020428711 -23.201442224050684  2.296244816192182 -23.237580849780922  2.2939869702319191 -23.277546502287425  2.2918370909813954 -23.321419956821064  2.2898175283443138 -23.369338238457299  2.2879531014811345 -23.421410385987723  2.2862638463733731 -23.477801133514848  2.2848031978274261 -23.538617332014141  2.2836048373000102 -23.60310339272667  2.2827040177754809 -23.67064684253398  2.2821355731545996 -23.740596847424339  2.2820014928400743 -23.788407550020636  2.2820014927559642 -23.812499999999996 
 0 4 7.0554016656729573e-05 1 0.00014110803331345915 1 0.00021166204997018873 1 0.00028221606662691829 1 0.00035277008328364785 1 0.00042332409994037747 1 0.00049387811659710697 1 0.00056443213325383659 1 0.0006349861499105662 1 0.00070554016656729571 1 0.00077609418322402532 1 0.00084664819988075493 1 0.00091720221653748444 1 0.00098775623319421395 1 0.0010583102498509436 1 0.0011288642665076732 1 0.0011994182831644028 1 0.0012699722998211324 1 0.0013405263164778618 1 0.0014110803331345914 1 0.001481634349791321 1 0.0015521883664480506 4
7 0 0  3 25 23  1.5707963267948966 10.596956751011529  1.5501659289337881 10.6143078941959  1.5091133519751625 10.648932524531292  1.4479223442758589 10.700633192241371  1.3868845450399887 10.752094110598296  1.3257577825230704 10.803312374577036  1.2642998586825798 10.854282974879206  1.2022800751600253 10.905008752764891  1.1393129470246646 10.955557291072589  1.0754259495041423 11.005627302557759  1.0105695417158578 11.054967872957834  0.94465298800998732 11.103337843192223  0.8776752554070093 11.150406660470386  0.80915524709729281 11.196191591659732  0.73869080048228741 11.240490586985125  0.66626346112644186 11.282750746670848  0.59165325638344424 11.322519170850263  0.51462271384321556 11.359293810020915  0.43477292903908804 11.392669213314552  0.35195980193829096 11.421564242479699  0.26673820224871386 11.445297866252341  0.1794973720951927 11.463157231769769  0.090597999727818318 11.474438015669985  0.030339696708728055 11.477101737347938  0 11.477101737347937 
 0 4 7.0554016656729573e-05 1 0.00014110803331345915 1 0.00021166204997018873 1 0.00028221606662691829 1 0.00035277008328364785 1 0.00042332409994037747 1 0.00049387811659710697 1 0.00056443213325383659 1 0.0006349861499105662 1 0.00070554016656729571 1 0.00077609418322402532 1 0.00084664819988075493 1 0.00091720221653748444 1 0.00098775623319421395 1 0.0010583102498509436 1 0.0011288642665076732 1 0.0011994182831644028 1 0.0012699722998211324 1 0.0013405263164778618 1 0.0014110803331345914 1 0.001481634349791321 1 0.0015521883664480506 4
1 6.2831853071795862 -23.018750000000008 -1 0 
1 0 1.5707963267948966 1 0 
1 0 9.5250000000000057 1 0 
1 0 6.3500000000000227 1 0 
7 0 0  1 2 2  1.0000000000000011 0.0059288537550824692  1.0000000000000011 0.99407114624505866 
 1.0894877578616828 2 16.967128970781939 2
1 1.5707963267948966 -73.052379318286128 0 -1 
1 6.2831853071795862 6.3500000000000227 -1 0 
1 6.2831853071795871 6.3500000000000227 -1 0 
1 0 6.3500000000000227 1 0 
1 0 53.974999999999994 1 0 
1 0 50.800000000000011 1 0 
1 6.2831853071795862 50.800000000000011 -1 0 
1 4.7123889803846897 0 0 1 
7 0 0  1 2 2  -8.6632782028434661e-16 0.0059288537550827615  -8.6617874248562985e-16 0.99407114624505888 
 1.0894877578616899 2 16.967128970781939 2
1 0 50.800000000000011 1 0 
1 6.2831853071795871 50.800000000000011 -1 0 
7 0 0  3 25 23  0 0.0059288537550829115  0.0042402167722340187 0.0059295537536874308  0.01279032666899229 0.0059929143584625272  0.025685671239462336 0.006265798317739742  0.038430312130558475 0.0067072332101587168  0.051090485193663833 0.0073123136361089199  0.063693003258209008 0.0080691489170199512  0.076220446390570615 0.0089706472516988614  0.088506697546934784 0.0099896145300788167  0.10058171866502184 0.011120220653664236  0.11245312215196095 0.012353209339635195  0.12412962591377176 0.013678557013144568  0.13563562267480928 0.015087744548381934  0.14692878446270655 0.016562561077106165  0.15797738720171095 0.018094676676980719  0.16881644922232431 0.019683779534206435  0.17946313085406546 0.021326019092057513  0.18993928378301414 0.023017704172755917  0.20026525956611005 0.024752694598333288  0.21047403587862551 0.026536066649165937  0.22055757814283464 0.028363636647728029  0.23051339436597143 0.030232109403499265  0.2403369783776714 0.032137923930195232  0.24679472859448276 0.033431022588151366  0.24999999999999953 0.034082623600359574 
 -5.999999992929826e-08 4 7.9105317611317925e-05 1 0.00015827063522256513 1 0.00023743595283381235 1 0.00031660127044505959 1 0.00039576658805630681 1 0.00047493190566755402 1 0.0005540972232788013 1 0.00063326254089004846 1 0.00071242785850129562 1 0.00079159317611254289 1 0.00087075849372379016 1 0.00094992381133503733 1 0.0010290891289462844 1 0.0011082544465575318 1 0.0011874197641687789 1 0.0012665850817800261 1 0.0013457503993912732 1 0.0014249157170025204 1 0.0015040810346137678 1 0.001583246352225015 1 0.0016624116698362621 1 0.0017415769874475093 4
7 0 0  3 25 23  0 0  5.2357994933204156e-05 -1.5874766333100649e-05  0.00015791039399359861 -3.0668544280508364e-05  0.0003169675411837433 -2.4709287698103408e-05  0.00047394830823047182 -2.6355647106611667e-05  0.00062963264055278722 -2.5729466054983536e-05  0.00078424072670784696 -2.6587830852987835e-05  0.00093749562643365961 -2.3780552712598789e-05  0.0010872521677983121 -3.4151300476150633e-05  0.0012339349904020541 4.5244124376676072e-06  0.0013776356842812758 2.3552159509250539e-05  0.0015182564570786641 1.1708167981285034e-05  0.0016567612861275308 -5.3132784602542977e-06  0.0017931508039478086 1.2821616209117823e-05  0.0019270100463813934 3.0379742823961204e-05  0.0020588883944681726 3.2259505936185346e-05  0.0021890355179866781 1.8535025548032319e-05  0.0023178156278432457 -6.7812524386018914e-08  0.0024451914021870738 -3.6182951994936209e-06  0.0025715555615411991 -5.3792017712565924e-06  0.002696784800061218 -4.4407625791243925e-06  0.0028208029133669674 -3.8377590015691263e-06  0.0029435913015391762 4.5058719346879673e-06  0.0030244236990864901 -9.7855037990354065e-06  0.0030645454674700112 -2.5976890363255607e-05 
 -5.999999992929826e-08 4 7.9105317611317925e-05 1 0.00015827063522256513 1 0.00023743595283381235 1 0.00031660127044505959 1 0.00039576658805630681 1 0.00047493190566755402 1 0.0005540972232788013 1 0.00063326254089004846 1 0.00071242785850129562 1 0.00079159317611254289 1 0.00087075849372379016 1 0.00094992381133503733 1 0.0010290891289462844 1 0.0011082544465575318 1 0.0011874197641687789 1 0.0012665850817800261 1 0.0013457503993912732 1 0.0014249157170025204 1 0.0015040810346137678 1 0.001583246352225015 1 0.0016624116698362621 1 0.0017415769874475093 4
7 0 0  3 25 23  0.24999999999999983 0.034082623600359518  0.25400344465063657 0.034836919974786669  0.2619563821747643 0.036357649372055337  0.27373337410014964 0.038673293486843674  0.28536709663826992 0.041021810496370846  0.2968677307524813 0.043400883468751074  0.30824600599394947 0.045807811915764766  0.31951320232520364 0.048239485059513407  0.33068101574667624 0.050692425286867085  0.34176148904691583 0.053162846397737377  0.35276683398138536 0.055646591107239594  0.36370964265523653 0.058139542041816004  0.37460167346614182 0.060636262102812352  0.38545797394602488 0.06313524430867315  0.39628583331320327 0.065637944828530553  0.40708944948213155 0.068141584740324626  0.41787410756947868 0.070644372606118735  0.42864502412590483 0.073144119117086917  0.4394076217381811 0.075638622894839025  0.4501674217845808 0.078125582022766218  0.4609300410393074 0.080602633114463348  0.47170116277779695 0.083067355393647915  0.48248651507268558 0.085517287443873435  0.48969007547135479 0.087139047791914559  0.4932961452659434 0.087946631060552685 
 -5.9999999998488769e-08 4 9.6688575620488144e-05 1 0.00019343715124097479 1 0.00029018572686146141 1 0.00038693430248194804 1 0.00048368287810243466 1 0.00058043145372292139 1 0.00067718002934340801 1 0.00077392860496389463 1 0.00087067718058438126 1 0.00096742575620486788 1 0.0010641743318253545 1 0.0011609229074458411 1 0.0012576714830663277 1 0.0013544200586868144 1 0.001451168634307301 1 0.0015479172099277876 1 0.0016446657855482742 1 0.0017414143611687609 1 0.0018381629367892475 1 0.0019349115124097341 1 0.0020316600880302209 1 0.0021284086636507078 4
7 0 0  3 25 23  0.0030645454674700112 -2.5976890363255607e-05  0.0031135068208412451 0.00012054169029387552  0.0032098791080841954 0.0002058488406531632  0.003351635539372017 2.3859920274999251e-05  0.0034937733972121793 8.7222621406337952e-05  0.0036348065225091388 0.00010402512979808466  0.003775003528689592 0.00011714888132386161  0.0039143138900477855 0.00010981781201534745  0.0040527781701304435 8.9279364496844054e-05  0.0041904140741925722 6.098248925674227e-05  0.004327242379841046 3.165261675207541e-05  0.0044632852946148707 7.4295974997274966e-06  0.0045985459083482906 -2.563565624275645e-06  0.0047330503020837408 -4.6370958893244865e-07  0.0048668871846783961 2.7569267551552759e-06  0.0050000455405980844 7.2056524701628692e-06  0.0051325410352023532 1.0851792510069747e-05  0.0052643819734252495 1.2973350042742763e-05  0.0053955782787371998 1.3147157214970425e-05  0.0055261389674966244 1.1442248536230951e-05  0.0056560727339056392 8.2963471958537591e-06  0.0057853876953213529 4.4940528371540031e-06  0.0059140914720237836 1.0902317601538332e-06  0.0059994910544894919 1.9207648524086902e-08  0.0060420912821052058 0 
 -5.9999999998488769e-08 4 9.6688575620488144e-05 1 0.00019343715124097479 1 0.00029018572686146141 1 0.00038693430248194804 1 0.00048368287810243466 1 0.00058043145372292139 1 0.00067718002934340801 1 0.00077392860496389463 1 0.00087067718058438126 1 0.00096742575620486788 1 0.0010641743318253545 1 0.0011609229074458411 1 0.0012576714830663277 1 0.0013544200586868144 1 0.001451168634307301 1 0.0015479172099277876 1 0.0016446657855482742 1 0.0017414143611687609 1 0.0018381629367892475 1 0.0019349115124097341 1 0.0020316600880302209 1 0.0021284086636507078 4
7 0 0  3 25 23  0.4932961452659434 0.087946631060552685  0.500625701065469 0.089587728508987385  0.51544181767662067 0.092789995112980847  0.53794689497330039 0.097439126701185527  0.56046381937616152 0.1020531238523477  0.58299983477241091 0.10663345982755799  0.60560498399164464 0.11116342275225366  0.62826414618126025 0.11565412574344  0.65097992013921213 0.1201092225000185  0.67375703647077845 0.12453142843468844  0.6966011499025524 0.12892342446703614  0.71951657866912533 0.13328756348429263  0.74251354523775892 0.13762740030630563  0.76558093611736222 0.14194205154271089  0.78870052342125962 0.14622519624686364  0.81187575503533049 0.15047505374624082  0.83510376407483244 0.15468857739654626  0.85838594890299447 0.15886339100692348  0.88171378716893845 0.16299580254398416  0.90516946855819014 0.16709526755065032  0.92873318642972991 0.171153216414379  0.95239748892984888 0.17516341229186863  0.97615199041715173 0.17911898787239605  0.99204263469549714 0.18171507586207106  1 0.18300173994527014 
 0 4 0.00019410888396852879 1 0.00038821776793705759 1 0.00058232665190558635 1 0.00077643553587411517 1 0.00097054441984264399 1 0.0011646533038111727 1 0.0013587621877797016 1 0.0015528710717482303 1 0.0017469799557167591 1 0.001941088839685288 1 0.0021351977236538167 1 0.0023293066076223454 1 0.0025234154915908741 1 0.0027175243755594033 1 0.002911633259527932 1 0.0031057421434964607 1 0.0032998510274649894 1 0.0034939599114335181 1 0.0036880687954020473 1 0.003882177679370576 1 0.0040762865633391047 1 0.0042703954473076334 4
7 0 0  3 25 23  -1.0408340855860843e-17 0  8.6378183229573108e-05 1.0837480104231412e-06  0.00025938953646917969 4.0048277517373944e-06  0.00051982857562837695 8.239289994217911e-06  0.00078143425774574685 -2.2195892377364987e-06  0.0010441446700299689 5.6597046010261048e-07  0.0013076749785424077 -8.6826329505700946e-08  0.0015718768149754804 -8.5184783937451066e-08  0.0018365572270028817 -5.1051321434741003e-07  0.0021015563475126667 -3.7106058246706777e-07  0.0023666988656581623 -3.620369528443006e-08  0.0026318277167941906 1.7809497131074879e-07  0.0028967216071384039 -7.2691255458488809e-09  0.0031614074619310409 -1.2839513450723095e-07  0.0034262239234873672 -2.5311935377313484e-07  0.0036911330201730027 -2.8584930685496748e-07  0.0039561993945798077 -1.9285834430982885e-07  0.0042214557219482128 5.013583485906151e-08  0.0044869636798416006 -1.1601675601135187e-07  0.0047529022393512903 2.7252966144881508e-06  0.0050187818389455423 4.9645741760150638e-06  0.0052842233770060273 4.8361466570016232e-06  0.0055488225453738842 1.8592203044456809e-06  0.0057244080147574716 2.9019220964200063e-07  0.0058119329318453566 0 
 0 4 0.00019410888396852879 1 0.00038821776793705759 1 0.00058232665190558635 1 0.00077643553587411517 1 0.00097054441984264399 1 0.0011646533038111727 1 0.0013587621877797016 1 0.0015528710717482303 1 0.0017469799557167591 1 0.001941088839685288 1 0.0021351977236538167 1 0.0023293066076223454 1 0.0025234154915908741 1 0.0027175243755594033 1 0.002911633259527932 1 0.0031057421434964607 1 0.0032998510274649894 1 0.0034939599114335181 1 0.0036880687954020473 1 0.003882177679370576 1 0.0040762865633391047 1 0.0042703954473076334 4
7 0 0  1 2 2  1 0.18300173994526969  0.99999999999999989 0.89994754558323919 
 3.9347255103917291 2 15.45473468067345 2
7 0 0  3 47 45  0.13278957339765982 0.99012913095821253  0.13868455680889799 0.98981201049370859  0.15047059354325315 0.98914283596749508  0.16816631412143085 0.98803841710566653  0.18590646374666092 0.98683801211035749  0.20372122858645583 0.98554444665089391  0.22164313146220568 0.98415897319727241  0.2397042170388182 0.98268302724868328  0.25798121916775302 0.98110881544272854  0.27650692852862663 0.97945950448111552  0.29525970364044646 0.97773468889283888  0.31421443822057571 0.9759376598806484  0.33336031680281858 0.9740708687825187  0.35262150516220858 0.97214489261914749  0.37195519795910742 0.97016789895210742  0.39138303044339318 0.96814127985347431  0.4109098101704623 0.96606819469224869  0.43054610219622191 0.9639512169878578  0.45029892463789239 0.96179341155454934  0.47021985569634211 0.95959306636716002  0.49027059112309751 0.95735828501500775  0.51042333397087125 0.95509709420105948  0.53065561860831822 0.95282069626253663  0.55093229219832818 0.95053094033180663  0.57122467207629124 0.94823203868006034  0.59154480538333498 0.94592425898129662  0.61189775537760405 0.94360789894243968  0.63229060289920702 0.94128316011962865  0.6527309525414472 0.93895010786248367  0.67322338574306828 0.93660913049189565  0.69382251154818619 0.93425538109783712  0.71448285957159108 0.93189471928273859  0.73517157299529945 0.92953203198852141  0.75585196476770034 0.92717274247978232  0.77648781385899046 0.92482241506040275  0.79704587515882674 0.9224857132542621  0.81753491049435223 0.92016268631876097  0.83796147868686577 0.91785400959680719  0.8583330273464761 0.91556004833032345  0.8786569187269383 0.91328115836164858  0.89894055109271531 0.9110176538973892  0.91919119310980202 0.90876986254753167  0.93941591005540448 0.9065381523928584  0.95962145744829952 0.90432296833023229  0.97981426726867227 0.90212484111120439  0.99327152579629263 0.90067126436937761  1 0.89994754558323919 
 0 4 0.00010320827236658726 1 0.00020641654473317451 1 0.00030962481709976176 1 0.00041283308946634903 1 0.0005160413618329363 1 0.00061924963419952351 1 0.00072245790656611083 1 0.00082566617893269805 1 0.00092887445129928527 1 0.0010320827236658726 1 0.0011352909960324598 1 0.001238499268399047 1 0.0013417075407656342 1 0.0014449158131322217 1 0.0015481240854988089 1 0.0016513323578653961 1 0.0017545406302319833 1 0.0018577489025985705 1 0.001960957174965158 1 0.0020641654473317452 1 0.0021673737196983324 1 0.0022705819920649196 1 0.0023737902644315068 1 0.002476998536798094 1 0.0025802068091646813 1 0.0026834150815312685 1 0.0027866233538978561 1 0.0028898316262644433 1 0.0029930398986310306 1 0.0030962481709976178 1 0.003199456443364205 1 0.0033026647157307922 1 0.0034058729880973794 1 0.0035090812604639666 1 0.0036122895328305538 1 0.0037154978051971411 1 0.0038187060775637283 1 0.0039219143499303159 1 0.0040251226222969031 1 0.0041283308946634904 1 0.0042315391670300776 1 0.0043347474393966648 1 0.004437955711763252 1 0.0045411639841298392 4
7 0 0  3 47 45  0.56382527227495305 58.544107303809831  0.56357864298684945 58.577537508764365  0.56305763373182915 58.643808135165202  0.56219403542430879 58.7414694169725  0.5612495146031069 58.837411069363775  0.56022525313003291 58.931656945952206  0.55912235612138861 59.024235263762435  0.55794221300400615 59.115157960938483  0.55668270989141055 59.204661349827866  0.55534753842215345 59.292570521390374  0.5539395255423184 59.378771456926899  0.55246206252568342 59.463115496344351  0.55091714316260221 59.545531654784256  0.54931178162298355 59.625672887843812  0.54765105675951775 59.703370621009192  0.54593503524049392 59.778731346587399  0.54416514423335938 59.851787356183408  0.54234237541858143 59.922592677389524  0.54046809605126611 59.99118859455082  0.53853916420117998 60.057751846829476  0.53656151247085526 60.122168575312706  0.5345398402623659 60.184365596620772  0.53247909244441638 60.244258893153244  0.53038445941632539 60.301767108659206  0.52825989694861775 60.356809075710522  0.52610441775940064 60.409386542640839  0.52391828432151966 60.459500251790679  0.52170145056887773 60.507151144247317  0.51945384951606799 60.552340372104119  0.51717580107051409 60.59506804468321  0.51486142241959787 60.635380993530902  0.51251692431950191 60.673194378904  0.51014685179805308 60.708441190772582  0.50775621246623892 60.741054272076511  0.50534982494248271 60.770949224163111  0.50293279517097256 60.79811076178035  0.50050538017384083 60.822611493238213  0.49806758221768876 60.844454518251837  0.49561947137601431 60.863661561308291  0.49316109909428968 60.880249356401954  0.49069252134579699 60.894235974725746  0.48821379242154045 60.905639129171284  0.48572496659284736 60.914476628636898  0.483226097648913 60.920766256295316  0.48071723906162489 60.92452580221488  0.47903804219795393 60.925357303809847  0.47819679649616442 60.925357303809839 
 0 4 0.00010320827236658726 1 0.00020641654473317451 1 0.00030962481709976176 1 0.00041283308946634903 1 0.0005160413618329363 1 0.00061924963419952351 1 0.00072245790656611083 1 0.00082566617893269805 1 0.00092887445129928527 1 0.0010320827236658726 1 0.0011352909960324598 1 0.001238499268399047 1 0.0013417075407656342 1 0.0014449158131322217 1 0.0015481240854988089 1 0.0016513323578653961 1 0.0017545406302319833 1 0.0018577489025985705 1 0.001960957174965158 1 0.0020641654473317452 1 0.0021673737196983324 1 0.0022705819920649196 1 0.0023737902644315068 1 0.002476998536798094 1 0.0025802068091646813 1 0.0026834150815312685 1 0.0027866233538978561 1 0.0028898316262644433 1 0.0029930398986310306 1 0.0030962481709976178 1 0.003199456443364205 1 0.0033026647157307922 1 0.0034058729880973794 1 0.0035090812604639666 1 0.0036122895328305538 1 0.0037154978051971411 1 0.0038187060775637283 1 0.0039219143499303159 1 0.0040251226222969031 1 0.0041283308946634904 1 0.0042315391670300776 1 0.0043347474393966648 1 0.004437955711763252 1 0.0045411639841298392 4
7 0 0  1 2 2  0.13278957339765923 0.98612165397673834  0.13278957339765907 0.9901291309582122 
 16.839395154487917 2 16.903787987548974 2
7 0 0  3 25 23  0 0.99407114624505888  0.0019638885717267983 0.99406608256706697  0.0058939657904083717 0.99404496011953114  0.011796722766741423 0.99398055639733218  0.017707850812506445 0.99388370325869357  0.023628118354093876 0.99375465240064587  0.029558318317721866 0.99359364274563311  0.035499271197916397 0.99340089848309032  0.041451823610854518 0.99317662933820217  0.047416848120887298 0.99292103029206713  0.053395242792200995 0.99263428149406463  0.059387930882881836 0.99231654816515136  0.065395860571596742 0.99196798054333024  0.0714200047478665 0.99158871385499348  0.077461360858606249 0.99117886831422375  0.083520950814102282 0.9907385491470857  0.089599820950977502 0.99026784664071776  0.09569904205943229 0.98976683621199713  0.10181970944680682 0.98923557850923671  0.1079629431386564 0.98867411949184536  0.11412988783475293 0.98808249068985088  0.12032171404101338 0.98746070888729764  0.12653961506506434 0.98680877804996214  0.13070308481483336 0.98635404799775339  0.13278957339765909 0.98612165397673834 
 6.9388939039072284e-18 4 3.6373609468185188e-05 1 7.2747218936363437e-05 1 0.00010912082840454169 1 0.00014549443787271993 1 0.0001818680473408982 1 0.00021824165680907643 1 0.00025461526627725467 1 0.00029098887574543293 1 0.00032736248521361119 1 0.00036373609468178946 1 0.00040010970414996766 1 0.00043648331361814593 1 0.00047285692308632419 1 0.0005092305325545024 1 0.00054560414202268071 1 0.00058197775149085892 1 0.00061835136095903713 1 0.00065472497042721545 1 0.00069109857989539366 1 0.00072747218936357197 1 0.00076384579883175018 1 0.00080021940829992839 4
7 0 0  3 25 23  6.2765303070606233 50.800000000000011  6.2766327900087955 50.800000000000011  6.2768376037471567 50.79985819448936  6.277144368778921 50.799220879389971  6.2774506791331799 50.79815976715561  6.2777565357078648 50.796675667484877  6.2780619394007067 50.794769390076205  6.2783668911091848 50.792441744628178  6.2786713917305317 50.789693540839217  6.2789754421617543 50.786525588407912  6.2792790432996064 50.782938697032741  6.279582196040602 50.778933676412237  6.2798849012810081 50.774511336244856  6.2801871599168555 50.769672486229155  6.280488972843921 50.76441793606363  6.2807903409577417 50.758748495446838  6.2810912651536031 50.752664974077177  6.2813917463265438 50.746168181653275  6.2816917853713559 50.739258927873571  6.2819913831825822 50.731938022436616  6.2822905406545155 50.724206275040878  6.2825892586811882 50.716064495384899  6.282887538156416 50.707513493167198  6.2830860993679085 50.701540549779899  6.2831853071795853 50.69848614422547 
 6.9388939039072284e-18 4 3.6373609468185188e-05 1 7.2747218936363437e-05 1 0.00010912082840454169 1 0.00014549443787271993 1 0.0001818680473408982 1 0.00021824165680907643 1 0.00025461526627725467 1 0.00029098887574543293 1 0.00032736248521361119 1 0.00036373609468178946 1 0.00040010970414996766 1 0.00043648331361814593 1 0.00047285692308632419 1 0.0005092305325545024 1 0.00054560414202268071 1 0.00058197775149085892 1 0.00061835136095903713 1 0.00065472497042721545 1 0.00069109857989539366 1 0.00072747218936357197 1 0.00076384579883175018 1 0.00080021940829992839 4
1 6.2831853071795862 4.7123889803846897 -1 0 
7 0 0  1 2 2  -6.1884770501343569e-15 0.18300173994526864  -6.1884906034886936e-15 0.8999475455832382 
 3.9347255103917149 2 15.454734680673447 2
1 6.2831853071795845 60.925357303809839 -1 0 
7 0 0  3 47 45  0 0.18300173994526997  0.0039677765169051629 0.18235563777639871  0.01190707097878765 0.18105656114161553  0.023814832320904668 0.1790901493385294  0.03570921163532572 0.17710877061610994  0.047577296892292696 0.17511522028614734  0.059407669696090695 0.17311199242083186  0.071182811395943568 0.17110250157618742  0.082930417838530945 0.1690830079410055  0.094650837466761825 0.16705393234877028  0.10634663695946575 0.1650153832487784  0.11801982620625548 0.16296757935490147  0.12967243828557809 0.16091066592039502  0.14130692802883732 0.15884500663707279  0.15292513563097263 0.15677070254580414  0.16452844371535627 0.154687656781789  0.17611838451555992 0.15259583788573058  0.18769646952414101 0.15049520614801304  0.19926422428722101 0.14838573080156608  0.21082317946839879 0.14626738058505051  0.22237483121347179 0.14414012985949429  0.23392076777696857 0.14200392911144652  0.24546216175109997 0.13985880241571522  0.25700163379437818 0.13770447282197379  0.2685362651546887 0.13554174932486468  0.28006073416018629 0.13337141253446314  0.29157520022769851 0.13119314482125721  0.3030783283842764 0.12900692137573963  0.31456916411468622 0.12681263977711818  0.32604663891097135 0.12461022096109466  0.33750970297759758 0.12239958611164002  0.34895731866216045 0.12018065839710623  0.36038838363931025 0.11795338925601818  0.37180207393285963 0.1157176614049112  0.38319657718230893 0.11347366009163236  0.39457384422868069 0.11122049425126913  0.40593668473524191 0.10895661142560623  0.41728421938806393 0.10668157664283541  0.42861634230454781 0.10439457123442598  0.43993349782101848 0.10209520715384304  0.45123311685217643 0.099781772814168307  0.46255630028667355 0.097471151481294205  0.473863040952551 0.095145651024123479  0.48512437330037345 0.092792491585480461  0.49631025402969137 0.09039804742593778  0.5036945222719178 0.0887651521365979  0.50736292856207588 0.087937285130786039 
 -5.9999999999619042e-08 4 9.6960416998615373e-05 1 0.00019398083399723036 1 0.00029100125099584535 1 0.00038802166799446031 1 0.00048504208499307528 1 0.00058206250199169035 1 0.00067908291899030531 1 0.00077610333598892027 1 0.00087312375298753523 1 0.0009701441699861502 1 0.0010671645869847653 1 0.0011641850039833803 1 0.0012612054209819952 1 0.0013582258379806103 1 0.0014552462549792251 1 0.0015522666719778402 1 0.0016492870889764553 1 0.0017463075059750701 1 0.0018433279229736852 1 0.0019403483399723 1 0.0020373687569709151 1 0.0021343891739695302 1 0.0022314095909681452 1 0.0023284300079667603 1 0.002425450424965375 1 0.00252247084196399 1 0.0026194912589626051 1 0.0027165116759612202 1 0.0028135320929598352 1 0.0029105525099584499 1 0.0030075729269570649 1 0.00310459334395568 1 0.0032016137609542951 1 0.0032986341779529102 1 0.0033956545949515248 1 0.0034926750119501399 1 0.0035896954289487549 1 0.00368671584594737 1 0.0037837362629459851 1 0.0038807566799445997 1 0.0039777770969432148 1 0.0040747975139418299 1 0.0041718179309404449 1 0.00426883834793906 4
7 0 0  3 47 45  -1.713039432527097e-17 0  4.3742937570120664e-05 6.2663971606780732e-08  0.00013147784556275327 2.3024328030827816e-06  0.00026365482921983358 1.0075734735882762e-05  0.00039623666747196719 2.0093529226887122e-05  0.00052904410889056085 3.1024847667345157e-05  0.00066191353082404659 4.1946169206320282e-05  0.00079461222303094732 5.2589802574440473e-05  0.00092740870865430322 6.1545484982628216e-05  0.0010602709438779568 6.8539853659973834e-05  0.0011931904671397783 7.3278844080331183e-05  0.0013261521523418997 7.5507800398256009e-05  0.0014591419815680362 7.5211412649735829e-05  0.0015921465023511037 7.1723512725934522e-05  0.001725150616785974 6.5292338063977593e-05  0.0018581381736520602 5.6862620561463597e-05  0.0019910936646392041 4.7169709615188633e-05  0.0021240018358260151 3.6967624689086687e-05  0.0022568479040417241 2.6951495007181725e-05  0.0023896174183352667 1.7767864499286303e-05  0.0025222969118866632 9.9793455207599413e-06  0.0026548717189639444 4.1251141214615817e-06  0.0027873343097409289 4.4573145171485905e-07  0.0029196533541451723 -1.421849857303076e-07  0.0030518949711499173 1.7130273565269341e-07  0.0031840737657561845 1.7660393419475088e-07  0.0033161907651299448 2.1020607891536001e-07  0.0034482505659309561 1.9064247233170791e-07  0.0035802567478924329 1.4718457387782465e-07  0.0037122130568058888 8.0361055999036386e-08  0.0038441232448254456 2.4275944680292337e-09  0.0039759905131892025 -7.3830201655905106e-08  0.0041078198889920427 -1.1964327419451661e-07  0.0042396092643400734 -1.2984450676560951e-07  0.0043713828529221895 3.0901540398296504e-08  0.0045030613486191301 1.8880914880682987e-08  0.0046346013022300764 3.8047694370843921e-08  0.0047659867886663751 -6.3753646342487981e-08  0.0048971937215696844 2.0461984241910182e-07  0.0050282045976892311 -8.5507586982225353e-07  0.0051589856814600902 3.1498290558254446e-06  0.0052894642400143337 6.8513093083339506e-06  0.0054197092361493839 6.466367083435107e-06  0.0055497544748226131 4.1510476201783166e-06  0.0056796414027699745 1.128355537734467e-06  0.0057661522398475152 2.161344009927121e-08  0.0058093940007464939 0 
 -5.9999999999619042e-08 4 9.6960416998615373e-05 1 0.00019398083399723036 1 0.00029100125099584535 1 0.00038802166799446031 1 0.00048504208499307528 1 0.00058206250199169035 1 0.00067908291899030531 1 0.00077610333598892027 1 0.00087312375298753523 1 0.0009701441699861502 1 0.0010671645869847653 1 0.0011641850039833803 1 0.0012612054209819952 1 0.0013582258379806103 1 0.0014552462549792251 1 0.0015522666719778402 1 0.0016492870889764553 1 0.0017463075059750701 1 0.0018433279229736852 1 0.0019403483399723 1 0.0020373687569709151 1 0.0021343891739695302 1 0.0022314095909681452 1 0.0023284300079667603 1 0.002425450424965375 1 0.00252247084196399 1 0.0026194912589626051 1 0.0027165116759612202 1 0.0028135320929598352 1 0.0029105525099584499 1 0.0030075729269570649 1 0.00310459334395568 1 0.0032016137609542951 1 0.0032986341779529102 1 0.0033956545949515248 1 0.0034926750119501399 1 0.0035896954289487549 1 0.00368671584594737 1 0.0037837362629459851 1 0.0038807566799445997 1 0.0039777770969432148 1 0.0040747975139418299 1 0.0041718179309404449 1 0.00426883834793906 4
7 0 0  3 25 23  0.50736292856207565 0.087937285130785775  0.51095404631631003 0.087126443970971745  0.51813175098466613 0.085499616900790373  0.52888885675980146 0.083045995114049503  0.53964066404841415 0.080581054456088139  0.55039128552360039 0.078106824896953989  0.56114479243031001 0.075625304397946985  0.57190520123008337 0.073138447762644332  0.58267645101729615 0.070648158949931664  0.59346242299597962 0.068156280747987297  0.6042667944017458 0.065664591605007025  0.61509350646809502 0.063174776929229057  0.62594493622038472 0.060688496269830222  0.63682863408520851 0.058207093941469314  0.64775919601167031 0.0557331199424854  0.65874583935188824 0.053269146445810545  0.66979870585704238 0.050817491497964586  0.68092842945601117 0.048380142519472522  0.69214118846942951 0.045959172109518352  0.7034904468749853 0.043549788094028978  0.71495848713352794 0.041161415461436437  0.72653717542994301 0.038801596380530247  0.73821618798474442 0.036478494990265377  0.74606298457918008 0.03495970235517961  0.750000000000001 0.034209155777549557 
 0.0044150995273041123 4 0.0045104843610398234 1 0.0046058691947755345 1 0.0047012540285112448 1 0.0047966388622469559 1 0.004892023695982667 1 0.0049874085297183781 1 0.0050827933634540893 1 0.0051781781971897995 1 0.0052735630309255106 1 0.0053689478646612217 1 0.0054643326983969329 1 0.005559717532132644 1 0.0056551023658683551 1 0.0057504871996040662 1 0.0058458720333397765 1 0.0059412568670754876 1 0.0060366417008111987 1 0.006132026534546909 1 0.0062274113682826201 1 0.0063227962020183312 1 0.0064181810357540423 1 0.0065135658694897534 4
7 0 0  3 25 23  0.0059277522978572533 0  0.0059706104844689609 4.0278341314559877e-09  0.0060564069517626863 1.023018725382284e-06  0.0061853845856892457 4.4321228772866709e-06  0.0063146871717724802 8.5362128692311761e-06  0.0064443589397982764 1.2266711149911293e-05  0.0065744457291909706 1.4721814143704383e-05  0.0067049953563928285 1.5256037782894671e-05  0.006836057531848197 1.3584683289110045e-05  0.0069676845764325285 9.8745421724485795e-06  0.0070999293375872755 4.9745703410614197e-06  0.0072328534276758973 2.1648483469207304e-07  0.0073664968575896488 -1.0696600425457579e-06  0.0075009916008801194 1.686229782619455e-06  0.0076362629119662937 2.8319922884341782e-06  0.0077723390761679917 2.5674221111620929e-06  0.0079092500830299037 9.2649563918298792e-07  0.0080470381784332658 -1.2768995695495379e-06  0.0081856938045235823 8.5760771113284248e-07  0.0083257707305941665 -3.042565137217258e-06  0.0084668670123354012 4.0570506088883208e-06  0.0086090123681900211 -2.5020287082908899e-05  0.0087506702593862905 0.00015452547965994599  0.0088462957576569672 9.5838602731965723e-05  0.0088946020429890964 -2.3134083161692372e-05 
 0.0044150995273041123 4 0.0045104843610398234 1 0.0046058691947755345 1 0.0047012540285112448 1 0.0047966388622469559 1 0.004892023695982667 1 0.0049874085297183781 1 0.0050827933634540893 1 0.0051781781971897995 1 0.0052735630309255106 1 0.0053689478646612217 1 0.0054643326983969329 1 0.005559717532132644 1 0.0056551023658683551 1 0.0057504871996040662 1 0.0058458720333397765 1 0.0059412568670754876 1 0.0060366417008111987 1 0.006132026534546909 1 0.0062274113682826201 1 0.0063227962020183312 1 0.0064181810357540423 1 0.0065135658694897534 4
7 0 0  3 25 23  0.750000000000001 0.034209155777549557  0.75322575310535445 0.033544032453209457  0.75970313024536318 0.032226738376366894  0.76950937569615141 0.030292868867976715  0.77941826675129133 0.028404417782828498  0.78944262308688418 0.026564266699763802  0.79959545433996948 0.024774930756822792  0.80988997642045357 0.023038472354465222  0.82033952221779483 0.021356441516763174  0.83095767844467816 0.019729875044811988  0.84175759395397542 0.018159011786409954  0.8527543314759588 0.016644060916908829  0.86395581271944699 0.015182017637607056  0.8753962657610902 0.013778212445237321  0.88707450681932953 0.01245126243214402  0.89896433430389677 0.011210942205257316  0.91104693934358871 0.010069855889399239  0.92330601233136711 0.0090402619930526288  0.93571487161735678 0.0081352169353283398  0.94838598541907315 0.0073704202852782463  0.96122220941210135 0.0067516941929876787  0.97415523808115945 0.0062898758240780171  0.9871108177608825 0.0059981761736243831  0.99571666803969294 0.0059291914108827266  1 0.0059288537550824692 
 -5.9999999994702095e-08 4 7.9893424701376188e-05 1 0.00015984684940274706 1 0.00023980027410411796 1 0.00031975369880548883 1 0.0003997071235068597 1 0.00047966054820823063 1 0.00055961397290960155 1 0.00063956739761097242 1 0.0007195208223123433 1 0.00079947424701371417 1 0.00087942767171508504 1 0.00095938109641645602 1 0.0010393345211178269 1 0.0011192879458191978 1 0.0011992413705205686 1 0.0012791947952219395 1 0.0013591482199233104 1 0.0014391016446246812 1 0.0015190550693260521 1 0.001599008494027423 1 0.0016789619187287939 1 0.0017589153434301647 4
7 0 0  3 25 23  0.0088946020429890964 -2.3134083161692372e-05  0.008935148924619548 -6.9051267227884533e-06  0.0090165968011726317 2.1422616587541935e-05  0.0091397704983707112 5.7322435976199706e-05  0.0092637887916585844 0.00010229565077186284  0.0093888332954545003 0.00013747477945450426  0.0095150068941345003 0.00015610807565761433  0.0096424452573397983 0.0001520804359191503  0.0097712860292791665 0.00012435588840031995  0.0099016759815838355 7.6671206388352438e-05  0.010033765623897349 2.1162857039001032e-05  0.01016771197053085 -2.8119014932528385e-05  0.010303655904419598 -2.4361126263743526e-05  0.010441786175876981 4.2866775338372138e-06  0.010582363276460512 -4.6276662854855059e-06  0.01072599086305886 8.0099568362518569e-06  0.010872264744748008 2.6002882441629896e-05  0.011021102948201517 4.5120618147493507e-05  0.011172215095617272 6.5059009442041673e-05  0.011327026879746479 -3.4323854147814364e-05  0.011484473061839834 -2.0413008090037415e-05  0.011643890821494194 -2.2828612462190195e-05  0.011804381736248258 -2.7077041031356015e-05  0.011911540151448458 -1.4137495265478668e-05  0.011965019308480316 0 
 -5.9999999994702095e-08 4 7.9893424701376188e-05 1 0.00015984684940274706 1 0.00023980027410411796 1 0.00031975369880548883 1 0.0003997071235068597 1 0.00047966054820823063 1 0.00055961397290960155 1 0.00063956739761097242 1 0.0007195208223123433 1 0.00079947424701371417 1 0.00087942767171508504 1 0.00095938109641645602 1 0.0010393345211178269 1 0.0011192879458191978 1 0.0011992413705205686 1 0.0012791947952219395 1 0.0013591482199233104 1 0.0014391016446246812 1 0.0015190550693260521 1 0.001599008494027423 1 0.0016789619187287939 1 0.0017589153434301647 4
7 0 0  3 25 23  0.86756802723461135 0.98609959726628449  0.86964578178809482 0.98633191964649203  0.87379179756524039 0.98678657767294164  0.87998368464824617 0.98743860952149498  0.88614978973403158 0.98806069751517411  0.89229142828250618 0.98865283085107214  0.89840989092469503 0.9892149839320582  0.90450644036385841 0.989747114135061  0.91058231284637448 0.99024916216321635  0.91663871831212984 0.99072105172340386  0.92267684079880863 0.99116268940273566  0.92869783867489897 0.9915739645108973  0.93470284481257015 0.99195474895226365  0.94069296666832414 0.99230489711252001  0.9466692862782452 0.99262424576629404  0.95263286016403237 0.99291261400647057  0.95858471915177423 0.99316980319928194  0.96452586809445451 0.99339559696320889  0.97045728552963351 0.9935897611924307  0.97637992315437083 0.99375204406213014  0.98229470555907239 0.99388217626602426  0.98820252857499591 0.99397987056872261  0.99410426238091931 0.99404482411510975  0.99803524508789343 0.99406608181811185  1 0.99407114624505888 
 1.7690777709386487e-17 4 3.6375323368148546e-05 1 7.2750646736279392e-05 1 0.00010912597010441024 1 0.00014550129347254111 1 0.00018187661684067197 1 0.0002182519402088028 1 0.00025462726357693366 1 0.00029100258694506449 1 0.00032737791031319533 1 0.00036375323368132621 1 0.00040012855704945705 1 0.00043650388041758788 1 0.00047287920378571877 1 0.00050925452715384965 1 0.00054562985052198048 1 0.00058200517389011132 1 0.00061838049725824215 1 0.00065475582062637298 1 0.00069113114399450392 1 0.00072750646736263476 1 0.00076388179073076559 1 0.00080025711409889642 4
7 0 0  3 25 23  6.2831853071795862 6.4518106583823247  6.2830860983679653 6.448757106081044  6.2828875362163794 6.4427844876060627  6.2825892581140526 6.4342301941956732  6.2822905438469601 6.4260817110067308  6.2819913921249348 6.4183402139585954  6.281691801657578 6.411006878970591  6.2813917711542331 6.4040828819621094  6.281091299323986 6.3975693988524798  6.2807903848756785 6.3914676055610791  6.2804890265178983 6.3857786780072283  6.2801872229589808 6.3805037921103116  6.2798849729070199 6.3756441237896606  6.2795822750698562 6.3712008489646434  6.2792791281550819 6.3671751435546042  6.2789755308700617 6.3635681834789075  6.2786714819218901 6.360381144656909  6.278366980017438 6.3576152030079403  6.2780620238633356 6.3552715344513766  6.2777566121659572 6.353351314906579  6.2774507436314577 6.3518557202928623  6.2771444169657356 6.3507859265296291  6.2768376308744864 6.3501431095361962  6.2766327996668778 6.350000000000021  6.2765303070606233 6.3500000000000227 
 1.7690777709386487e-17 4 3.6375323368148546e-05 1 7.2750646736279392e-05 1 0.00010912597010441024 1 0.00014550129347254111 1 0.00018187661684067197 1 0.0002182519402088028 1 0.00025462726357693366 1 0.00029100258694506449 1 0.00032737791031319533 1 0.00036375323368132621 1 0.00040012855704945705 1 0.00043650388041758788 1 0.00047287920378571877 1 0.00050925452715384965 1 0.00054562985052198048 1 0.00058200517389011132 1 0.00061838049725824215 1 0.00065475582062637298 1 0.00069113114399450392 1 0.00072750646736263476 1 0.00076388179073076559 1 0.00080025711409889642 4
7 0 0  1 2 2  0.86756802723461057 0.99011875348000011  0.86756802723461035 0.98609959726628438 
 -16.90362124043472 2 -16.839040743450571 2
1 0 51.593749999999986 1 0 
1 0 48.418750000000003 1 0 
1 0 0 0 1 
1 4.7123889803846915 -23.812499999999996 0 -1 
1 6.2831853071795862 48.418750000000003 -1 0 
1 6.2831853071795871 48.418750000000003 -1 0 
1 0 48.418750000000003 1 0 
7 0 0  3 25 23  0 63.502641212920274  0.024030996976630328 63.50251426791074  0.071930597110172217 63.502270655036142  0.14343471135671293 63.501935797295104  0.21473561894775017 63.501631229914274  0.28597475590645816 63.501356686402588  0.35727482943905359 63.501111882738329  0.42881570344576364 63.500896600302873  0.50031109561386966 63.500710913773823  0.57177779796121608 63.500552593729914  0.64318897385241247 63.500419809891071  0.71452840376226145 63.500310485200174  0.7857573585919907 63.500223130567157  0.85694247403518098 63.500154151810776  0.92821397669816219 63.500100076482859  0.99957474779075794 63.500059529828789  1.0710239628623375 63.500030575018549  1.1425332632939362 63.500011425829825  1.2140632020363318 63.500000255685158  1.2855695555824378 63.49999524882012  1.3570122413070236 63.499994586572967  1.4283647777868858 63.499996451058323  1.4996181540637308 63.499999024182706  1.5470755119764765 63.500000000000007  1.5707963267948921 63.5 
 0 4 5.6413601473564094e-05 1 0.00011282720294712819 1 0.00016924080442069227 1 0.00022565440589425638 1 0.00028206800736782045 1 0.00033848160884138455 1 0.00039489521031494865 1 0.00045130881178851275 1 0.00050772241326207685 1 0.0005641360147356409 1 0.00062054961620920505 1 0.0006769632176827691 1 0.00073337681915633325 1 0.0007897904206298973 1 0.00084620402210346145 1 0.0009026176235770255 1 0.00095903122505058955 1 0.0010154448265241537 1 0.0010718584279977177 1 0.0011282720294712818 1 0.0011846856309448461 1 0.0012410992324184101 4
7 0 0  3 25 23  6.2765303070606233 48.418750000000003  6.2766902377800813 48.418750000000003  6.2770090100859477 48.417384036839238  6.2774824416780746 48.411289561377735  6.27794967895107 48.401202277063177  6.2784092823998305 48.387173634894424  6.2788597086446307 48.369259806238134  6.2792998018063448 48.347499351858758  6.279725290184567 48.322021423841974  6.2801343142713799 48.293011998211547  6.2805247838529521 48.260646067632194  6.2808946427386552 48.22509166856598  6.2812419292429409 48.18655564564483  6.2815642695466058 48.145096567023586  6.281860382249671 48.100872457097239  6.2821294029909653 48.054189902127213  6.2823703556579229 48.005315681342729  6.2825822940743414 47.954527240235137  6.2827642640342285 47.902099166279584  6.2829153134740983 47.848306812754224  6.2830344897471697 47.793425327740742  6.2831208403542558 47.737729914304282  6.2831734127494272 47.681495760772243  6.2831853071795631 47.643830626550631  6.2831853071795871 47.625000000000014 
 0 4 5.6413601473564094e-05 1 0.00011282720294712819 1 0.00016924080442069227 1 0.00022565440589425638 1 0.00028206800736782045 1 0.00033848160884138455 1 0.00039489521031494865 1 0.00045130881178851275 1 0.00050772241326207685 1 0.0005641360147356409 1 0.00062054961620920505 1 0.0006769632176827691 1 0.00073337681915633325 1 0.0007897904206298973 1 0.00084620402210346145 1 0.0009026176235770255 1 0.00095903122505058955 1 0.0010154448265241537 1 0.0010718584279977177 1 0.0011282720294712818 1 0.0011846856309448461 1 0.0012410992324184101 4
7 0 0  3 47 45  1.5707963267948966 50.927202946521888  1.5612753077721397 50.894998759638064  1.5423279826199165 50.830581590182327  1.514165723839956 50.733929816918035  1.4862366947379806 50.637252392391936  1.458515709429725 50.540549684999597  1.4309779697286451 50.443822060993909  1.403599214727328 50.347069894622159  1.3763558199409225 50.250293530296837  1.349224957455202 50.153493423774876  1.3221845085232016 50.05666961527038  1.2952138617428495 49.959823695824475  1.2682913819106267 49.862951468712808  1.2414042837361676 49.766070337446081  1.2145351254199737 49.669201221622878  1.1876576976274063 49.572343440930538  1.1607469388651734 49.475502101689209  1.1337764353929973 49.378680763598815  1.1067192645545187 49.281883386207276  1.079547886755917 49.185113876291076  1.0522345169233416 49.088375951864109  1.0247505588253787 48.991674138762271  0.99706935092062643 48.895009920295912  0.96915665960198716 48.798396142055637  0.94100694216996672 48.701803243036572  0.91258357508992549 48.605222766913705  0.88381563509345407 48.508688665523749  0.8546343656604275 48.412223522941431  0.82496389650301061 48.315852986127716  0.79472428154521557 48.219601818260664  0.76383123995485791 48.12349525476381  0.73219713595282465 48.02755752586139  0.69973084821089759 47.93181641032961  0.66634160786290697 47.836286497936015  0.63192909529608277 47.741031585930692  0.59642584868970672 47.645931830642574  0.55945909793215065 47.551057960052624  0.52058795115872181 47.456666226034237  0.47936687159050656 47.36295708257834  0.43527164141901342 47.270168651313163  0.38796611847476897 47.178444181200462  0.33644307245338367 47.088310981552922  0.27731744882791431 47.000830051996417  0.20827710539759503 46.917076185509174  0.12093249607424539 46.84157378896041  0.044364071576871285 46.816481314354  0 46.813986402758289 
 0 4 9.916318113001882e-05 1 0.00019832636226003764 1 0.00029748954339005643 1 0.00039665272452007528 1 0.00049581590565009413 1 0.00059497908678011286 1 0.00069414226791013171 1 0.00079330544904015056 1 0.0008924686301701694 1 0.00099163181130018825 1 0.001090794992430207 1 0.0011899581735602257 1 0.0012891213546902447 1 0.0013882845358202634 1 0.0014874477169502824 1 0.0015866108980803011 1 0.0016857740792103199 1 0.0017849372603403388 1 0.0018841004414703575 1 0.0019832636226003765 1 0.0020824268037303952 1 0.002181589984860414 1 0.0022807531659904327 1 0.0023799163471204515 1 0.0024790795282504706 1 0.0025782427093804894 1 0.0026774058905105081 1 0.0027765690716405268 1 0.0028757322527705456 1 0.0029748954339005648 1 0.0030740586150305835 1 0.0031732217961606022 1 0.003272384977290621 1 0.0033715481584206397 1 0.0034707113395506589 1 0.0035698745206806776 1 0.0036690377018106964 1 0.0037682008829407151 1 0.0038673640640707338 1 0.003966527245200753 1 0.0040656904263307713 1 0.0041648536074607905 1 0.0042640167885908097 1 0.004363179969720828 4
7 0 0  3 47 45  0.0075843475458558587 0  0.0075350464615538629 -1.6430500511244489e-08  0.0074366799037654556 -3.8980990668809404e-07  0.0072897810594548754 -1.5585328848398633e-06  0.0071434768635316309 -2.8557814252213353e-06  0.00699771273569597 -4.0367215814564458e-06  0.0068524352846272832 -4.9582038279073847e-06  0.0067075924808665975 -5.5645247897442098e-06  0.0065631335839861195 -5.8439114210908103e-06  0.0064190092332844194 -5.7912904754701721e-06  0.0062751710795271596 -5.3804796030385673e-06  0.0061315730560411712 -4.4946122317664108e-06  0.0059881665335883164 -3.0134104178064412e-06  0.005844918296737403 -3.1099404990406498e-07  0.0057018672576001975 2.95088878476323e-06  0.0055587451220366884 4.5985507574569009e-06  0.0054151227677514428 3.7808857187198803e-06  0.0052710747719174698 5.5172863832784004e-07  0.005126547547744607 -3.8980238456430596e-06  0.004981508919591939 -1.2520629289545326e-05  0.0048359688803741498 -1.1270900238589028e-05  0.0046898608738750571 -1.1433408376926109e-05  0.0045431515169115158 -1.2033104874534094e-05  0.0043958287349147983 -9.4718107457650698e-06  0.0042477678231954774 -1.9117290763233183e-05  0.004099091362261457 1.8258953436598353e-05  0.0039496366452047987 5.4534998999439131e-05  0.0037994187783778476 8.9269142091107532e-05  0.003648233845621629 0.00011177511807333534  0.0034955505528890644 0.00012361629310833939  0.0033410487559518004 0.00011896639598868525  0.0031842996915913699 9.7051780882095575e-05  0.0030248827553489691 5.9734716766783555e-05  0.0028621884930067746 1.951344539894141e-05  0.0026960360193699459 -1.4479185312264733e-05  0.0025264306977447748 2.3395554604717588e-05  0.0023522025290854233 9.8519714196540473e-05  0.002172406339874906 0.00014062371477881227  0.0019857032462197114 0.0001171225082050829  0.0017906689733351298 1.234746502443738e-06  0.0015835768299051877 -1.0585832654406266e-05  0.0013612350058622724 0.00019264183553692008  0.0011132660003965529 -5.5221418573640699e-05  0.00083099744129554859 9.3580806334676202e-05  0.00047751159530915165 -3.1788511176501336e-05  0.00017406013700362188 -3.4239103891831839e-05  0 0 
 0 4 9.916318113001882e-05 1 0.00019832636226003764 1 0.00029748954339005643 1 0.00039665272452007528 1 0.00049581590565009413 1 0.00059497908678011286 1 0.00069414226791013171 1 0.00079330544904015056 1 0.0008924686301701694 1 0.00099163181130018825 1 0.001090794992430207 1 0.0011899581735602257 1 0.0012891213546902447 1 0.0013882845358202634 1 0.0014874477169502824 1 0.0015866108980803011 1 0.0016857740792103199 1 0.0017849372603403388 1 0.0018841004414703575 1 0.0019832636226003765 1 0.0020824268037303952 1 0.002181589984860414 1 0.0022807531659904327 1 0.0023799163471204515 1 0.0024790795282504706 1 0.0025782427093804894 1 0.0026774058905105081 1 0.0027765690716405268 1 0.0028757322527705456 1 0.0029748954339005648 1 0.0030740586150305835 1 0.0031732217961606022 1 0.003272384977290621 1 0.0033715481584206397 1 0.0034707113395506589 1 0.0035698745206806776 1 0.0036690377018106964 1 0.0037682008829407151 1 0.0038673640640707338 1 0.003966527245200753 1 0.0040656904263307713 1 0.0041648536074607905 1 0.0042640167885908097 1 0.004363179969720828 4
1 1.5707963267948966 0 0 1 
1 1.5707963267948966 0 0 1 
1 0 4.7123889803846897 1 1.2583861343751577e-15 
1 6.2831853071795871 0 0 1 
1 6.2831853071795845 58.544107303809831 -1 0 
1 6.2831853071795862 0 0 1 
7 0 0  3 25 23  1.5707963267948966 63.5  1.5945082315715762 63.5  1.6419770756973873 63.499999679168255  1.7132873030559692 63.499999310238934  1.7846785790334672 63.500000133322338  1.8561171860910606 63.50000321103024  1.9275694369577816 63.500009669423669  1.9990330350522831 63.500020397849582  2.0703004324956931 63.500037596188207  2.1415218567173016 63.500063937310649  2.2128147128094171 63.500101955837906  2.2842607033650602 63.500154210694419  2.356133376288565 63.500223301840528  2.4279989532121076 63.500311640789675  2.4994332361565856 63.500421169954144  2.5707205172161518 63.500554016194542  2.641955315112857 63.50071227933077  2.713263892147709 63.500897982897385  2.7848211549692921 63.501113482611153  2.8562967225522082 63.501359543533482  2.9277248199019028 63.501635376119992  2.999091136306681 63.501940522536799  3.0703864619698886 63.502274436038014  3.1178663066844545 63.502515874556316  3.1415926535897931 63.502641212920274 
 0.0012410992324184136 4 0.001297487299185558 1 0.0013538753659527026 1 0.0014102634327198471 1 0.0014666514994869915 1 0.0015230395662541359 1 0.0015794276330212806 1 0.001635815699788425 1 0.0016922037665555697 1 0.0017485918333227141 1 0.0018049799000898585 1 0.0018613679668570029 1 0.0019177560336241476 1 0.0019741441003912922 1 0.0020305321671584367 1 0.0020869202339255811 1 0.0021433083006927255 1 0.0021996963674598699 1 0.0022560844342270148 1 0.0023124725009941588 1 0.0023688605677613037 1 0.0024252486345284481 1 0.0024816367012955925 4
7 0 0  3 25 23  6.2831853071795862 9.5250000000000199  6.2831853071794965 9.5061778968286621  6.283173894958523 9.4685010751615604  6.283122962856635 9.4121921391670913  6.2830386444640753 9.3563936971682491  6.2829213512033579 9.3014097541192804  6.282771554126267 9.2475450301051758  6.2825895018112696 9.1951015772231255  6.2823772208654516 9.1444754162952702  6.2821354140351513 9.0958105991242757  6.2818648488901641 9.0492801916958197  6.2815665016077098 9.005075957975107  6.2812404490407419 8.9632858558261752  6.2808901566582458 8.9243943695381311  6.2805196593217802 8.8888064619531306  6.2801296089739758 8.856530218960474  6.2797215368230965 8.8276787593977986  6.2792968398418934 8.8023419472623985  6.278856572575668 8.7805976329645627  6.2784048225367108 8.7627192528947955  6.2779438885389931 8.748728047840336  6.2774762090650134 8.7386764611504457  6.2770041851552349 8.732608572601098  6.2766882136595417 8.7312500000000313  6.2765303070606233 8.7312500000000313 
 0.0012410992324184136 4 0.001297487299185558 1 0.0013538753659527026 1 0.0014102634327198471 1 0.0014666514994869915 1 0.0015230395662541359 1 0.0015794276330212806 1 0.001635815699788425 1 0.0016922037665555697 1 0.0017485918333227141 1 0.0018049799000898585 1 0.0018613679668570029 1 0.0019177560336241476 1 0.0019741441003912922 1 0.0020305321671584367 1 0.0020869202339255811 1 0.0021433083006927255 1 0.0021996963674598699 1 0.0022560844342270148 1 0.0023124725009941588 1 0.0023688605677613037 1 0.0024252486345284481 1 0.0024816367012955925 4
7 0 0  3 47 45  3.1415926535897931 46.813986402758289  3.0969621706474371 46.816478860388607  3.0199179443177644 46.841905522476118  2.9321050383640479 46.918311470513864  2.8633916418685659 47.002053047374098  2.8042738171025969 47.089748568757358  2.7525751688033075 47.180363838120975  2.7050331173019471 47.272772898144254  2.6608544146907347 47.365938012690904  2.6196387780754544 47.459828907580395  2.5808377607997461 47.554245152947793  2.5439734777784282 47.649040814607808  2.5085686435142622 47.744022131340913  2.4742439878861386 47.839132154385091  2.4409529169417321 47.934463541988791  2.4085862542386876 48.029975595474163  2.3770521366927242 48.125663348838629  2.3462561097439467 48.221512262304692  2.3161076884584504 48.317510358519179  2.2865195020708189 48.413644984206641  2.2574085911885078 48.50990362735628  2.2286957328184229 48.606273886821221  2.2003099527404171 48.702742776734013  2.172173900356722 48.799299539245624  2.1442603741071458 48.895925089154034  2.1165775759090639 48.99260380125574  2.0890892861510331 49.089328378559671  2.0617711399986223 49.186089293048013  2.034595744673251 49.28287761259768  2.0075368468211536 49.379684252533139  1.980568391641035 49.476500142494253  1.9536649110166371 49.573316307411375  1.9268016624426698 49.670123376737934  1.8999544059489519 49.766913466544182  1.8731008589840272 49.86367314191012  1.8462157915603306 49.960409685260075  1.8192772107428377 50.057139279188206  1.7922659359801907 50.153857388880624  1.765160664165164 50.250565030736254  1.737939406383449 50.347261733710951  1.7105792230380408 50.44394742531982  1.6830564216183603 50.540621926284253  1.6553466411354738 50.637285085941038  1.627424972058958 50.733936745959276  1.5992661028970234 50.830576750063337  1.5803182954442325 50.894995544303924  1.5707963267948966 50.927202946521888 
 0 4 0.0001005315264413054 1 0.0002010630528826108 1 0.00030159457932391618 1 0.00040212610576522161 1 0.00050265763220652703 1 0.00060318915864783235 1 0.00070372068508913778 1 0.00080425221153044321 1 0.00090478373797174864 1 0.0010053152644130541 1 0.0011058467908543594 1 0.0012063783172956647 1 0.0013069098437369702 1 0.0014074413701782756 1 0.0015079728966195811 1 0.0016085044230608864 1 0.0017090359495021917 1 0.0018095674759434973 1 0.0019100990023848026 1 0.0020106305288261081 1 0.0021111620552674132 1 0.0022116935817087188 1 0.0023122251081500243 1 0.0024127566345913294 1 0.002513288161032635 1 0.0026138196874739405 1 0.002714351213915246 1 0.0028148827403565511 1 0.0029154142667978567 1 0.0030159457932391622 1 0.0031164773196804673 1 0.0032170088461217728 1 0.0033175403725630784 1 0.0034180718990043835 1 0.003518603425445689 1 0.0036191349518869946 1 0.0037196664783282997 1 0.0038201980047696052 1 0.0039207295312109107 1 0.0040212610576522163 1 0.0041217925840935218 1 0.0042223241105348265 1 0.004322855636976132 1 0.0044233871634174375 4
7 0 0  3 47 45  0.0075878238643456294 0  0.0074128800369473247 2.4316674618296568e-05  0.0071090038961426055 6.2750181749192838e-05  0.0067567902716272306 0.00011396882946030531  0.0064746342129334633 -6.2574743559743034e-05  0.0062258744287427056 0.00017103367871537593  0.0060021569672336818 -1.8869558888115707e-05  0.005793800599188755 1.8679606792610915e-06  0.0055987892157777089 0.00012359273779725399  0.0054118420854642538 0.00014179008617868521  0.005231958405453381 9.5924694725072986e-05  0.0050578944423170808 1.9180930018691168e-05  0.0048887447341191799 -1.6122071909225444e-05  0.0047236320857438124 2.0058806235028049e-05  0.0045621586531530275 6.1051700725929167e-05  0.0044037237723438842 9.9666493732158935e-05  0.0042477260164335076 0.00012191953755416165  0.0040936327570167469 0.00012614912475573058  0.0039409798136960652 0.00011377304347748894  0.0037892284103192859 8.9760058827312441e-05  0.003638272564292 5.8124367547079111e-05  0.0034882846540649631 2.6777841259409968e-05  0.0033391143803988177 3.1175581866172983e-06  0.0031906932044491183 -4.1470736628946422e-06  0.0030429967559553336 8.18405174394014e-07  0.0028960345663236872 5.1576933520470834e-06  0.0027497739528563351 8.4246626577606724e-06  0.0026043433004288761 1.0097273327552671e-05  0.0024595933642211046 1.0324620649799698e-05  0.0023154335559275123 9.3152725856298676e-06  0.0021717713886726347 7.4620437037146016e-06  0.0020284855742951345 5.0788975241963944e-06  0.0018855914679622901 2.8002294951581824e-06  0.0017425938869483747 -2.3457172048215162e-07  0.0015992605942700888 -2.7907511415609015e-06  0.0014556337489454133 -3.8419515492367797e-06  0.0013116681956060294 -4.1448535948264711e-06  0.0011673688546454837 -3.8917497943528226e-06  0.0010227267361295961 -3.3364736814983403e-06  0.00087773611258785804 -2.6397941027850336e-06  0.00073238994649223871 -1.9232852557571029e-06  0.00058668114544353203 -1.2667905043907998e-06  0.00044060225968329723 -7.2053253959680216e-07  0.00029414559270657923 -3.1298522770767035e-07  0.00014730322937973734 -5.9366818706126892e-08  4.9145739930917398e-05 -1.3695106164103759e-10  0 0 
 0 4 0.0001005315264413054 1 0.0002010630528826108 1 0.00030159457932391618 1 0.00040212610576522161 1 0.00050265763220652703 1 0.00060318915864783235 1 0.00070372068508913778 1 0.00080425221153044321 1 0.00090478373797174864 1 0.0010053152644130541 1 0.0011058467908543594 1 0.0012063783172956647 1 0.0013069098437369702 1 0.0014074413701782756 1 0.0015079728966195811 1 0.0016085044230608864 1 0.0017090359495021917 1 0.0018095674759434973 1 0.0019100990023848026 1 0.0020106305288261081 1 0.0021111620552674132 1 0.0022116935817087188 1 0.0023122251081500243 1 0.0024127566345913294 1 0.002513288161032635 1 0.0026138196874739405 1 0.002714351213915246 1 0.0028148827403565511 1 0.0029154142667978567 1 0.0030159457932391622 1 0.0031164773196804673 1 0.0032170088461217728 1 0.0033175403725630784 1 0.0034180718990043835 1 0.003518603425445689 1 0.0036191349518869946 1 0.0037196664783282997 1 0.0038201980047696052 1 0.0039207295312109107 1 0.0040212610576522163 1 0.0041217925840935218 1 0.0042223241105348265 1 0.004322855636976132 1 0.0044233871634174375 4
1 3.1415926535897931 0 0 1 
1 3.1415926535897931 11.906250000000014 -1 0 
1 3.1415926535897931 8.7312500000000313 -1 0 
1 3.1415926535897993 8.7312500000000313 1 0 
1 1.5707963267948943 -109.72799999999999 0 1 
1 9.4247779607693793 8.7312500000000313 -1 0 
1 -3.1415926535897869 8.7312500000000313 1 0 
1 3.1415926535897927 8.7312500000000313 1 0 
1 3.1415926535897931 0 0 1 
1 1.5707963267948966 0 0 1 
1 1.5707963267948966 0 0 1 
1 0 0 0 1 
1 6.2831853071795871 48.418750000000003 -1 0 
1 5.8961879883797783 0 0 1 
1 2.7545953347899919 0 0 1 
7 0 0  3 25 23  5.2913645352711312 48.418750000000003  5.2917468093382762 48.418750000000003  5.2925096430996028 48.419693405766168  5.2936487563472134 48.423936448699671  5.2947827379244643 48.431005141716817  5.2959115935571646 48.44089720476979  5.2970353287355314 48.453610342385517  5.2981539496610512 48.469142316639257  5.2992674596959342 48.487490674838419  5.3003758726179955 48.508653765813364  5.3014791631513294 48.532626947070206  5.302577451588399 48.559416739889592  5.3036703147706703 48.588988001778013  5.3047593575437286 48.621461081564043  5.305843886633717 48.656919044348491  5.3069211895894695 48.695289642123122  5.3079890658813387 48.736541666907897  5.3090452859873745 48.780635063719274  5.310087224111034 48.827524125559314  5.311115015294857 48.877192185667361  5.3121284805555034 48.929699368686066  5.3131273545265154 48.985091805571223  5.3141113948902037 49.043419378163875  5.3147573669526658 49.084293765022103  5.3150777981305959 49.105236486486504 
 0 4 0.00011297657764001164 1 0.00022595315528002328 1 0.0003389297329200349 1 0.00045190631056004656 1 0.00056488288820005816 1 0.00067785946584006981 1 0.00079083604348008146 1 0.00090381262112009312 1 0.0010167891987601047 1 0.0011297657764001163 1 0.001242742354040128 1 0.0013557189316801396 1 0.0014686955093201513 1 0.0015816720869601629 1 0.0016946486646001746 1 0.0018076252422401862 1 0.0019206018198801979 1 0.0020335783975202093 1 0.002146554975160221 1 0.0022595315528002326 1 0.0023725081304402443 1 0.0024854847080802559 4
7 0 0  3 25 23  4.7123889803846897 -73.235081131947922  4.7022982870955072 -73.214137859533608  4.6821699083883468 -73.172308526173936  4.6521094358660395 -73.109737361651696  4.6221543303484038 -73.047340234633836  4.5922771649067116 -72.98511834403881  4.5624502609599995 -72.923072900182731  4.5326457305299828 -72.861205070859938  4.5028357569605495 -72.799516182554228  4.4729923037008827 -72.738006969513705  4.4430888623942364 -72.676680376238451  4.4130946183432185 -72.615531098458007  4.382996922215427 -72.554584616731148  4.3527181463089573 -72.493751521070493  4.3222383297415652 -72.433072166777052  4.2916029227958683 -72.372701305162792  4.2608401091287558 -72.312764633583427  4.2299789457281909 -72.25338966920873  4.1990571007265247 -72.194725703908588  4.1680433772417294 -72.136770198089636  4.1369020888200705 -72.07953696139829  4.1056001046395068 -72.023044699176452  4.0741022611424755 -71.967310804517794  4.0529491387148298 -71.930672284048256  4.0423279795899134 -71.912485317047413 
 0 4 0.00011297657764001164 1 0.00022595315528002328 1 0.0003389297329200349 1 0.00045190631056004656 1 0.00056488288820005816 1 0.00067785946584006981 1 0.00079083604348008146 1 0.00090381262112009312 1 0.0010167891987601047 1 0.0011297657764001163 1 0.001242742354040128 1 0.0013557189316801396 1 0.0014686955093201513 1 0.0015816720869601629 1 0.0016946486646001746 1 0.0018076252422401862 1 0.0019206018198801979 1 0.0020335783975202093 1 0.002146554975160221 1 0.0022595315528002326 1 0.0023725081304402443 1 0.0024854847080802559 4
7 0 0  3 25 23  5.3044745030219342 51.435000000000031  5.3041634639847919 51.415618455566182  5.3035377885930686 51.377814223389798  5.302588630389339 51.323945146836166  5.3016289739428801 51.272874043413239  5.3006589659967833 51.224561615300928  5.2996787534553222 51.178968561856053  5.2986884823779361 51.13605559296753  5.2976883017037872 51.095783379218943  5.296678349351283 51.058112737883157  5.2956588040867683 51.02300393878123  5.2946296919412825 50.990419294852146  5.2935916086655181 50.960313494015061  5.2925430234835371 50.932669681150379  5.2914838055882196 50.90754750300551  5.2904159497190673 50.884977984630794  5.2893408839206675 50.86500035267207  5.2882601772409972 50.847649649090755  5.2871754010744549 50.832969452990092  5.2860885682110643 50.820950184999703  5.284999396195186 50.811595164735223  5.2839079550352226 50.804908230920837  5.282814220245462 50.800893083138348  5.2820835352515578 50.800000000000011  5.2817178095823305 50.800000000000011 
 2.9845311177454601e-17 4 0.00010791098820323628 1 0.00021582197640644272 1 0.00032373296460964918 1 0.00043164395281285563 1 0.00053955494101606198 1 0.00064746592921926843 1 0.00075537691742247489 1 0.00086328790562568134 1 0.0009711988938288878 1 0.0010791098820320943 1 0.0011870208702353007 1 0.0012949318584385072 1 0.0014028428466417136 1 0.0015107538348449201 1 0.0016186648230481265 1 0.001726575811251333 1 0.0018344867994545394 1 0.0019423977876577459 1 0.0020503087758609521 1 0.0021582197640641586 1 0.002266130752267365 1 0.0023740417404705715 4
7 0 0  3 25 23  4.0688878715913974 -72.509656807267561  4.0790619124648257 -72.527037668417051  4.0993081867094814 -72.561976221781123  4.1294029222481194 -72.614903893427311  4.1592537699073171 -72.668340754193039  4.1888913731886666 -72.72227615469636  4.2183460221413744 -72.776699434045867  4.2476475013539581 -72.831599974289844  4.2768248374538338 -72.886966997226935  4.3059064770669355 -72.942790322714501  4.3349189114617959 -72.999057538625109  4.3638911361715635 -73.055764562711786  4.3928373621979153 -73.112876225190035  4.4218209121544918 -73.170473376545431  4.4508641781934823 -73.22856079914277  4.4799387709955329 -73.287027312649982  4.5090296688993572 -73.34579262276587  4.5381187348432741 -73.404768853763073  4.5671878900052043 -73.463867569587322  4.5962095878995877 -73.522979152614255  4.6252154709337683 -73.582118311204951  4.6542283051112072 -73.641280525383962  4.683273407933882 -73.700466429163058  4.7026747163910185 -73.739938989015656  4.7123889803846861 -73.75967903208533 
 2.9845311177454601e-17 4 0.00010791098820323628 1 0.00021582197640644272 1 0.00032373296460964918 1 0.00043164395281285563 1 0.00053955494101606198 1 0.00064746592921926843 1 0.00075537691742247489 1 0.00086328790562568134 1 0.0009711988938288878 1 0.0010791098820320943 1 0.0011870208702353007 1 0.0012949318584385072 1 0.0014028428466417136 1 0.0015107538348449201 1 0.0016186648230481265 1 0.001726575811251333 1 0.0018344867994545394 1 0.0019423977876577459 1 0.0020503087758609521 1 0.0021582197640641586 1 0.002266130752267365 1 0.0023740417404705715 4
1 5.1464093424673463 0 0 1 
1 5.1464093424673463 0 0 1 
1 5.8961879883797783 0 0 1 
1 2.7545953347899919 0 0 1 
1 5.1464093424673463 0 0 1 
1 5.1464093424673463 0 0 1 
7 0 0  3 25 23  5.315077798130595 8.0447635135135442  5.314756908076026 8.0657362263144972  5.3141109572339316 8.1066386746422214  5.3131296994474733 8.1649087591251579  5.3121362908579126 8.2201405997283992  5.3111309120291619 8.2723795394781394  5.3101137437061219 8.3216709254966013  5.3090849656564316 8.3680600896247306  5.3080447609557027 8.4115924207323349  5.3069932999939429 8.4523130948553771  5.3059308001530505 8.4902680823360708  5.3048573030785615 8.5255003891255932  5.303773505902651 8.5580640844329317  5.3026776590674718 8.5879719488269686  5.3015699451537337 8.6151467366750367  5.3004529853498221 8.6395527947220501  5.2993287731973409 8.6611423433741521  5.2981993739902169 8.6798745160149515  5.2970671932753195 8.69569292045691  5.295932338646101 8.7086511195874081  5.2947946823945671 8.7187394331752142  5.293654249710392 8.7259530494164323  5.292511024774802 8.7302858515678619  5.2917470101081259 8.7312500000000313  5.2913645352711312 8.7312500000000313 
 3.4694469519536142e-18 4 0.00011287147798598376 1 0.00022574295597196405 1 0.00033861443395794433 1 0.00045148591194392462 1 0.00056435738992990491 1 0.0006772288679158852 1 0.00079010034590186549 1 0.00090297182388784578 1 0.0010158433018738261 1 0.0011287147798598064 1 0.0012415862578457866 1 0.0013544577358317669 1 0.0014673292138177472 1 0.0015802006918037275 1 0.0016930721697897078 1 0.0018059436477756881 1 0.0019188151257616684 1 0.0020316866037476487 1 0.0021445580817336289 1 0.0022574295597196092 1 0.0023703010377055895 1 0.0024831725156915698 4
7 0 0  3 25 23  2.2408573275896675 -71.912485317047413  2.2302208986044434 -71.930698328965562  2.209062804356114 -71.967335505554573  2.1776347867813444 -72.022911571666199  2.1464806858599403 -72.079094780943365  2.1155654336625682 -72.135871978936564  2.0848543786485649 -72.193229997776029  2.0543134747021572 -72.251155719660488  2.0239095851357862 -72.309635839934927  1.9936103013206532 -72.368657751290527  1.9633854981472585 -72.428206243887615  1.9332023594863292 -72.488275820663574  1.9030447377232709 -72.548824735978641  1.8728416738831695 -72.609946525724823  1.8425771767890995 -72.671628277826642  1.8122921937697032 -72.733722251514962  1.7820135590931854 -72.79611536966344  1.7517692537900458 -72.85869072926846  1.7215962041933226 -72.921312067192247  1.691466914170477 -72.983973929466771  1.6613512298231248 -73.04668246593269  1.6312222312873135 -73.109435414032788  1.6010518894103554 -73.172232766079333  1.5808922796477241 -73.2141268602293  1.5707963267948966 -73.235081131947922 
 3.4694469519536142e-18 4 0.00011287147798598376 1 0.00022574295597196405 1 0.00033861443395794433 1 0.00045148591194392462 1 0.00056435738992990491 1 0.0006772288679158852 1 0.00079010034590186549 1 0.00090297182388784578 1 0.0010158433018738261 1 0.0011287147798598064 1 0.0012415862578457866 1 0.0013544577358317669 1 0.0014673292138177472 1 0.0015802006918037275 1 0.0016930721697897078 1 0.0018059436477756881 1 0.0019188151257616684 1 0.0020316866037476487 1 0.0021445580817336289 1 0.0022574295597196092 1 0.0023703010377055895 1 0.0024831725156915698 4
7 0 0  3 25 23  5.2817178095823305 6.3500000000000227  5.2820833530066045 6.350000000000021  5.2828128279991313 6.3491247111244808  5.2839022136829259 6.345189923391457  5.2849867813233047 6.3386372944179774  5.286066539686975 6.3294708339800163  5.2871414973263073 6.3176945644943912  5.2882116634498839 6.3033124612177218  5.2892770446591504 6.2863286754067467  5.2903376571306238 6.266746701477742  5.2913934811499272 6.2445724852088356  5.2924446307928452 6.2198028237712322  5.293490720666596 6.1924686574018271  5.2945332292632923 6.1624735026818085  5.2955718908875413 6.1297357374770511  5.2966045777822774 6.0943012570860624  5.2976296547924546 6.0561814855224849  5.2986453780608578 6.0153982145068445  5.2996499456932717 5.9719662362168497  5.3006415643049722 5.9259712663682063  5.3016202812494058 5.8773596441278482  5.3025858431070549 5.8260969301437955  5.3035380769894491 5.7721435329144786  5.3041638844691255 5.734355343008529  5.3044745030219334 5.7150000000000247 
 0 4 0.00010798545735126987 1 0.00021597091470253974 1 0.00032395637205380961 1 0.00043194182940507948 1 0.00053992728675634929 1 0.00064791274410761922 1 0.00075589820145888914 1 0.00086388365881015896 1 0.00097186911616142877 1 0.0010798545735126986 1 0.0011878400308639686 1 0.0012958254882152384 1 0.0014038109455665082 1 0.0015117964029177783 1 0.0016197818602690481 1 0.0017277673176203179 1 0.0018357527749715877 1 0.0019437382323228575 1 0.0020517236896741274 1 0.0021597091470253972 1 0.0022676946043766674 1 0.0023756800617279372 4
7 0 0  3 25 23  1.5707963267949001 -73.75967903208533  1.5805057780246003 -73.739948825614178  1.5998749085605817 -73.700541636670664  1.6288033961858677 -73.641591413105701  1.6576306333396096 -73.582802638036497  1.6863811023244446 -73.52417619733815  1.7150794580408542 -73.465712987174996  1.7437504901862135 -73.407413865325907  1.7724188845500157 -73.349279832821111  1.8011094936888306 -73.291311356072242  1.8298457813237803 -73.233510896712957  1.858655063219637 -73.175873470107703  1.8875483798241468 -73.118421881475683  1.9165950279008679 -73.061075222886345  1.9458215064819337 -73.003849430527708  1.975195723798316 -72.946864055409392  2.0047017826841782 -72.890211202834138  2.0343207153103808 -72.83398914611135  2.0640342579409969 -72.7782989322303  2.0938151240175449 -72.723244039032082  2.1236993916787834 -72.668825148520426  2.1537144746233094 -72.615059590307482  2.1838911275914947 -72.56196023175994  2.2041371907040439 -72.527014171665414  2.2142974355881782 -72.509656807267575 
 0 4 0.00010798545735126987 1 0.00021597091470253974 1 0.00032395637205380961 1 0.00043194182940507948 1 0.00053992728675634929 1 0.00064791274410761922 1 0.00075589820145888914 1 0.00086388365881015896 1 0.00097186911616142877 1 0.0010798545735126986 1 0.0011878400308639686 1 0.0012958254882152384 1 0.0014038109455665082 1 0.0015117964029177783 1 0.0016197818602690481 1 0.0017277673176203179 1 0.0018357527749715877 1 0.0019437382323228575 1 0.0020517236896741274 1 0.0021597091470253972 1 0.0022676946043766674 1 0.0023756800617279372 4
1 0 -23.812499999999996 1 0 
7 0 0  3 25 23  0.0075878238643456294 0  0.0075878238643456294 0.015438685778748889  0.0075878238643456285 0.046236672154136786  0.0075878238643456311 0.092218151678963758  0.0075878238643456294 0.13800693478441367  0.0075878238643456285 0.18362530670155228  0.0075878238643456329 0.22909526969612315  0.0075878238643456268 0.27443853510421778  0.0075878238643456311 0.31967657910048042  0.0075878238643456294 0.36483068013118003  0.0075878238643456285 0.40992196021823285  0.007587823864345632 0.4549714243928199  0.0075878238643456294 0.49999999999999983  0.0075878238643456285 0.54502857560718609  0.007587823864345632 0.59007803978177098  0.0075878238643456294 0.63516931986882463  0.0075878238643456294 0.68032342089952746  0.0075878238643456294 0.72556146489578255  0.0075878238643456294 0.77090473030388562  0.0075878238643456285 0.81637469329845191  0.0075878238643456294 0.8619930652155855  0.0075878238643456311 0.90778184832103703  0.0075878238643456285 0.95376332784586604  0.0075878238643456294 0.98456131422125293  0.0075878238643456294 1 
 1.5707963267948943 4 1.6012536450128387 1 1.6317109632307829 1 1.6621682814487273 1 1.6926255996666717 1 1.7230829178846159 1 1.7535402361025603 1 1.7839975543205044 1 1.8144548725384488 1 1.8449121907563932 1 1.8753695089743374 1 1.9058268271922818 1 1.9362841454102262 1 1.9667414636281704 1 1.9971987818461148 1 2.0276561000640592 1 2.0581134182820033 1 2.088570736499948 1 2.1190280547178921 1 2.1494853729358363 1 2.1799426911537809 1 2.2104000093717251 1 2.2408573275896693 4
1 0.70580753827293541 9.4247779607693793 0 -1 
7 0 0  3 25 23  0.0075843475458558587 0  0.0075843475458558596 0.016827801337054537  0.0075843475458558587 0.049990702988807631  0.0075843475458558579 0.098425525904048877  0.0075843475458558596 0.14572491307535526  0.0075843475458558579 0.19204363722296841  0.0075843475458558587 0.23752672442294942  0.0075843475458558587 0.28230942253945152  0.0075843475458558587 0.3265194362143311  0.0075843475458558587 0.37027831059062577  0.0075843475458558587 0.4137028522920424  0.0075843475458558596 0.45690639488525386  0.0075843475458558579 0.49999999999999661  0.0075843475458558596 0.54309360511474747  0.0075843475458558596 0.58629714770795682  0.0075843475458558587 0.62972168940937245  0.0075843475458558579 0.67348056378566756  0.0075843475458558587 0.71769057746054565  0.0075843475458558579 0.76247327557705158  0.0075843475458558579 0.80795636277703031  0.0075843475458558596 0.85427508692464393  0.0075843475458558587 0.90157447409594782  0.0075843475458558596 0.95000929701119008  0.0075843475458558596 0.98317219866294436  0.0075843475458558587 1 
 4.7123889803846897 4 4.7837888134208217 1 4.8551886464569529 1 4.926588479493085 1 4.9979883125292162 1 5.0693881455653482 1 5.1407879786014794 1 5.2121878116376115 1 5.2835876446737426 1 5.3549874777098747 1 5.4263873107460068 1 5.497787143782138 1 5.5691869768182691 1 5.6405868098544012 1 5.7119866428905333 1 5.7833864759266644 1 5.8547863089627965 1 5.9261861419989277 1 5.9975859750350597 1 6.0689858080711918 1 6.140385641107323 1 6.2117854741434542 1 6.2831853071795862 4
7 0 0  3 25 23  0 0  0 0.015438685778748584  0 0.046236672154136439  0 0.092218151678964411  0 0.13800693478441431  0 0.18362530670155011  0 0.22909526969612032  0 0.27443853510422078  0 0.31967657910047464  0 0.36483068013117959  0 0.40992196021823446  0 0.45497142439281574  0 0.50000000000000111  0 0.54502857560718321  0 0.59007803978177031  0 0.63516931986882263  0 0.68032342089952702  0 0.72556146489578321  0 0.77090473030388351  0 0.81637469329845447  0 0.86199306521558372  0 0.90778184832103792  0 0.95376332784586382  -0 0.98456131422125104  0 1 
 4.7123889803846897 4 4.7428462986026343 1 4.773303616820578 1 4.8037609350385226 1 4.8342182532564673 1 4.864675571474411 1 4.8951328896923556 1 4.9255902079102993 1 4.956047526128244 1 4.9865048443461886 1 5.0169621625641323 1 5.0474194807820769 1 5.0778767990000215 1 5.1083341172179653 1 5.1387914354359099 1 5.1692487536538545 1 5.1997060718717982 1 5.2301633900897428 1 5.2606207083076875 1 5.2910780265256312 1 5.3215353447435758 1 5.3519926629615195 1 5.3824499811794642 4
1 9.4247779607693811 -23.812499999999996 -1 0 
1 9.4247779607693793 -23.812499999999996 -1 0 
7 0 0  3 25 23  0 0  0 0.015416101590596013  0 0.04617523964840356  0 0.092115531367783388  0 0.13787831325317243  0 0.18348405148110214  0 0.22895297208308787  0 0.27430505407692118  0 0.31956007665842473  0 0.36473765092346094  0 0.40985725491894631  0 0.45493826714886954  0 0.49999999999999573  0 0.54506173285112103  0 0.59014274508104003  0 0.63526234907653256  0 0.68043992334156156  0 0.72569494592307082  0 0.77104702791690383  0 0.8165159485188801  0 0.86212168674682088  0 0.90788446863220607  0 0.95382476035158559  -0 0.98458389840939831  0 1 
 4.7123889803846897 4 4.7416390307843841 1 4.7708890811840794 1 4.8001391315837738 1 4.8293891819834682 1 4.8586392323831635 1 4.8878892827828579 1 4.9171393331825533 1 4.9463893835822477 1 4.9756394339819421 1 5.0048894843816374 1 5.0341395347813318 1 5.0633895851810262 1 5.0926396355807215 1 5.1218896859804159 1 5.1511397363801104 1 5.1803897867798057 1 5.2096398371795001 1 5.2388898875791945 1 5.2681399379788898 1 5.2973899883785842 1 5.3266400387782795 1 5.3558900891779739 4
7 0 0  3 25 23  0.0060420912821052058 0  0.0060420912821052058 0.015892144216049026  0.0060420912821052058 0.047467404097459878  0.0060420912821052049 0.094266899274268207  0.0060420912821052058 0.14056770703401128  0.0060420912821052076 0.18643097782971974  0.0060420912821052049 0.2319159711490448  0.0060420912821052058 0.27708001891447948  0.0060420912821052067 0.32197891920626909  0.0060420912821052041 0.3666671932551458  0.0060420912821052058 0.41119836166814094  0.0060420912821052049 0.4556252018082933  0.0060420912821052058 0.49999999999999778  0.0060420912821052049 0.54437479819170254  0.0060420912821052049 0.58880163833185661  0.0060420912821052067 0.63333280674485071  0.0060420912821052032 0.67802108079372481  0.0060420912821052067 0.72291998108551858  0.0060420912821052049 0.76808402885095139  0.0060420912821052049 0.81356902217027227  0.0060420912821052058 0.85943229296598544  0.0060420912821052049 0.9057331007257271  0.0060420912821052058 0.95253259590253747  0.0060420912821052058 0.98410785578394988  0.0060420912821052058 1 
 5.2179109877654799 4 5.2663325477388483 1 5.3147541077122167 1 5.3631756676855851 1 5.4115972276589535 1 5.4600187876323218 1 5.5084403476056911 1 5.5568619075790595 1 5.6052834675524279 1 5.6537050275257963 1 5.7021265874991647 1 5.7505481474725331 1 5.7989697074459015 1 5.8473912674192698 1 5.8958128273926382 1 5.9442343873660066 1 5.9926559473393759 1 6.0410775073127443 1 6.0894990672861127 1 6.1379206272594811 1 6.1863421872328495 1 6.2347637472062178 1 6.2831853071795862 4
7 0 0  3 25 23  -1.0408340855860843e-17 0  -1.0408340855860843e-17 0.015892144216086198  -1.0408340855860843e-17 0.047467404097532091  -1.0408340855860843e-17 0.094266899274327229  -1.0408340855860843e-17 0.14056770703406882  -1.0408340855860846e-17 0.18643097782977669  -1.0408340855860838e-17 0.23191597114909565  -1.0408340855860844e-17 0.27708001891452982  -1.0408340855860843e-17 0.32197891920631527  -1.0408340855860839e-17 0.36666719325518621  -1.0408340855860841e-17 0.41119836166818252  -1.0408340855860843e-17 0.45562520180832949  -1.0408340855860839e-17 0.50000000000003542  -1.0408340855860843e-17 0.54437479819173562  -1.0408340855860841e-17 0.58880163833188459  -1.0408340855860844e-17 0.63333280674487835  -1.0408340855860839e-17 0.6780210807937519  -1.0408340855860844e-17 0.72291998108554156  -1.0408340855860841e-17 0.76808402885097082  -1.0408340855860843e-17 0.81356902217029048  -1.0408340855860839e-17 0.85943229296599788  -1.0408340855860841e-17 0.90573310072574365  -1.0408340855860841e-17 0.95253259590254924  -1.0408340855860843e-17 0.98410785578395465  -1.0408340855860843e-17 1 
 5.2179109877654799 4 5.2663325477388483 1 5.3147541077122167 1 5.3631756676855851 1 5.4115972276589535 1 5.4600187876323218 1 5.5084403476056911 1 5.5568619075790595 1 5.6052834675524279 1 5.6537050275257963 1 5.7021265874991647 1 5.7505481474725331 1 5.7989697074459015 1 5.8473912674192698 1 5.8958128273926382 1 5.9442343873660066 1 5.9926559473393759 1 6.0410775073127443 1 6.0894990672861127 1 6.1379206272594811 1 6.1863421872328495 1 6.2347637472062178 1 6.2831853071795862 4
1 5.6365201703022585 9.4247779607693793 0 -1 
7 0 0  3 25 23  -1.713039432527097e-17 0  -1.713039432527097e-17 0.016469354549462058  -1.713039432527097e-17 0.049026569195835049  -1.713039432527097e-17 0.096843099682339506  -1.7130394325270967e-17 0.14376886926424456  -1.7130394325270973e-17 0.1899207230565054  -1.7130394325270967e-17 0.23540949327763314  -1.713039432527097e-17 0.28033994447866523  -1.713039432527097e-17 0.32481210538409971  -1.7130394325270967e-17 0.36892210977658718  -1.713039432527097e-17 0.41276307419566283  -1.7130394325270967e-17 0.45642589267986783  -1.7130394325270967e-17 0.50000000000000333  -1.7130394325270967e-17 0.54357410732013778  -1.713039432527097e-17 0.58723692580434639  -1.713039432527097e-17 0.63107789022342065  -1.7130394325270967e-17 0.67518789461590722  -1.7130394325270973e-17 0.71966005552134038  -1.713039432527097e-17 0.76459050672237605  -1.713039432527097e-17 0.81007927694350024  -1.713039432527097e-17 0.85623113073576163  -1.7130394325270967e-17 0.90315690031766571  -1.7130394325270973e-17 0.95097343080417251  -1.713039432527097e-17 0.98353064545054181  -1.713039432527097e-17 1 
 4.7123889803846897 4 4.7761775370926536 1 4.8399660938006175 1 4.9037546505085814 1 4.9675432072165453 1 5.0313317639245092 1 5.095120320632474 1 5.1589088773404379 1 5.2226974340484018 1 5.2864859907563657 1 5.3502745474643296 1 5.4140631041722935 1 5.4778516608802574 1 5.5416402175882213 1 5.6054287742961852 1 5.6692173310041492 1 5.7330058877121139 1 5.7967944444200779 1 5.8605830011280418 1 5.9243715578360057 1 5.9881601145439696 1 6.0519486712519335 1 6.1157372279598974 4
7 0 0  3 25 23  0.0058093940007464939 0  0.0058093940007464939 0.015892092326416769  0.0058093940007464921 0.047467263560743954  0.0058093940007464947 0.094266666100325483  0.005809394000746493 0.14056741634720188  0.0058093940007464965 0.18643066005599693  0.0058093940007464913 0.23191565228176833  0.0058093940007464947 0.27707972078363369  0.0058093940007464939 0.32197865968987849  0.005809394000746493 0.36666698645391355  0.0058093940007464939 0.41119821804122031  0.0058093940007464939 0.45562512827354618  0.005809394000746493 0.49999999999998956  0.005809394000746493 0.54437487172643328  0.0058093940007464939 0.58880178195875987  0.0058093940007464939 0.6333330135460653  0.005809394000746493 0.67802134031010353  0.0058093940007464939 0.72292027921634816  0.005809394000746493 0.76808434771821055  0.0058093940007464939 0.81356933994398617  0.0058093940007464939 0.85943258365277775  0.005809394000746493 0.90573333389965316  0.0058093940007464947 0.9525327364392342  0.0058093940007464939 0.9841079076735727  0.0058093940007464939 1 
 5.2179470906676944 4 5.266367009600053 1 5.3147869285324116 1 5.3632068474647703 1 5.4116267663971289 1 5.4600466853294876 1 5.5084666042618471 1 5.5568865231942057 1 5.6053064421265644 1 5.653726361058923 1 5.7021462799912817 1 5.7505661989236403 1 5.7989861178559989 1 5.8474060367883576 1 5.8958259557207162 1 5.9442458746530749 1 5.9926657935854344 1 6.041085712517793 1 6.0895056314501517 1 6.1379255503825103 1 6.186345469314869 1 6.2347653882472276 1 6.2831853071795862 4
7 0 0  3 25 23  0.0059277522978572533 0  0.0059277522978572533 0.015892092326413244  0.0059277522978572524 0.047467263560739797  0.0059277522978572542 0.09426666610032898  0.0059277522978572524 0.14056741634720163  0.0059277522978572559 0.18643066005599429  0.0059277522978572516 0.23191565228177097  0.0059277522978572542 0.27707972078363535  0.0059277522978572524 0.32197865968987666  0.0059277522978572533 0.36666698645391599  0.0059277522978572524 0.41119821804121909  0.0059277522978572524 0.4556251282735474  0.0059277522978572533 0.49999999999999151  0.0059277522978572524 0.54437487172643506  0.0059277522978572533 0.58880178195876431  0.0059277522978572542 0.63333301354606653  0.0059277522978572516 0.67802134031010408  0.0059277522978572524 0.72292027921635116  0.0059277522978572524 0.7680843477182111  0.0059277522978572524 0.81356933994399028  0.0059277522978572533 0.85943258365277919  0.0059277522978572524 0.90573333389965704  0.0059277522978572533 0.95253273643923786  0.0059277522978572533 0.98410790767357448  0.0059277522978572533 1 
 5.2179470906676944 4 5.266367009600053 1 5.3147869285324116 1 5.3632068474647703 1 5.4116267663971289 1 5.4600466853294876 1 5.5084666042618471 1 5.5568865231942057 1 5.6053064421265644 1 5.653726361058923 1 5.7021462799912817 1 5.7505661989236403 1 5.7989861178559989 1 5.8474060367883576 1 5.8958259557207162 1 5.9442458746530749 1 5.9926657935854344 1 6.041085712517793 1 6.0895056314501517 1 6.1379255503825103 1 6.186345469314869 1 6.2347653882472276 1 6.2831853071795862 4
7 0 0  3 25 23  0.011965019308480316 0  0.011965019308480316 0.015416101590599956  0.011965019308480315 0.046175239648409402  0.011965019308480316 0.092115531367785081  0.011965019308480316 0.13787831325317523  0.011965019308480315 0.18348405148110936  0.011965019308480318 0.2289529720830917  0.011965019308480315 0.27430505407692196  0.011965019308480318 0.31956007665843089  0.011965019308480315 0.36473765092346189  0.011965019308480318 0.40985725491895264  0.011965019308480315 0.45493826714887176  0.011965019308480316 0.49999999999999867  0.011965019308480318 0.54506173285112536  0.011965019308480316 0.59014274508104925  0.011965019308480315 0.63526234907652912  0.011965019308480316 0.680439923341569  0.011965019308480316 0.72569494592307171  0.011965019308480316 0.77104702791690538  0.011965019308480313 0.8165159485188842  0.01196501930848032 0.86212168674682432  0.011965019308480313 0.90788446863220607  0.011965019308480316 0.95382476035158725  0.011965019308480316 0.98458389840939942  0.011965019308480316 1 
 3.1415926535897931 4 3.170842703989488 1 3.2000927543891824 1 3.2293428047888773 1 3.2585928551885717 1 3.2878429055882665 1 3.3170929559879614 1 3.3463430063876558 1 3.3755930567873507 1 3.4048431071870451 1 3.4340931575867399 1 3.4633432079864344 1 3.4925932583861292 1 3.5218433087858241 1 3.5510933591855185 1 3.5803434095852134 1 3.6095934599849082 1 3.6388435103846026 1 3.6680935607842975 1 3.6973436111839919 1 3.7265936615836868 1 3.7558437119833812 1 3.785093762383076 4
1 -1.5707963267948941 -23.812499999999961 1 -1.1041826129756582e-14 
1 6.2831853071795862 1.5707963267948983 -1 0 
1 6.2831853071795862 5.3290705182007514e-15 0 1 
1 0 5.3290705182007514e-15 0 1 
1 -8.8817841970012523e-16 3.1415926535897651 1 4.2407395752846846e-15 
1 9.4247779607693793 0.50800000000000267 -1 0 
1 4.7123889803846888 4.7123889803846861 0 -1 
1 -1.5707963267948966 -1.0658141036401503e-14 1 0 
1 6.2831853071795862 3.1415926535897931 -1 -1.9790118017995206e-15 
1 3.1415926535897931 34.289999999999999 1 0 
1 6.2831853071795862 0 0 1 
1 0 0 0 1 
1 0 4.7123889803846879 1 0 
1 4.7123889803846888 4.712388980384695 0 -1 
1 4.7123889803846897 3.5527136788005009e-15 -1 0 
1 1.5707963267948966 0 0 1 
1 -3.1415926535897931 34.289999999999999 1 0 
1 6.2831853071795862 3.14159265358979 -1 5.6543194337129189e-16 
1 0 0 0 1 
1 6.2831853071795862 0 0 1 
1 3.1415926535897931 0.50800000000000267 -1 0 
1 0 3.1415926535897936 1 -5.6543194337129189e-16 
1 0 -4.8260000000000094 0 1 
1 0 0 0 1 
1 3.1415926535897931 0 0 1 
1 6.2831853071795836 -10.667999999999989 -1 0 
1 -3.1415926535897931 15.494000000000005 1 0 
1 6.2831853071795845 -15.493999999999996 -1 0 
1 3.1415926535897931 1.5777218104420236e-30 1 3.2867835249912293e-16 
1 3.1415926535897931 0 0 1 
1 3.1415926535897931 0 0 -1 
1 0 15.494000000000005 0 1 
1 4.7123889803846897 0 0 1 
1 0 30.162499999999998 0 1 
1 6.2831853071795862 4.7123889803846817 -1 2.2617277734851581e-15 
1 1.5707963267948966 0 0 1 
1 6.2831853071795862 4.7123889803846959 -1 -2.2617277734851766e-15 
1 3.1415926535897931 0 0 1 
1 3.1415926535897922 34.289999999999999 1 0 
1 6.2831853071795871 3.1415926535897936 -1 -1.4135798584282302e-15 
1 9.4247779607693793 0.50800000000000267 -1 0 
1 0 3.1415926535897927 1 -2.8271597168564594e-16 
1 3.1415926535897931 -1.7763568394002505e-15 0 1 
1 6.2831853071795862 4.7123889803846888 -1 2.2617277734851675e-15 
1 4.7123889803846897 0 0 -1 
1 6.2831853071795862 4.712388980384703 -1 -2.2617277734851675e-15 
1 0 -28.702000000000005 0 1 
1 0 -4.8260000000000076 0 1 
1 3.1415926535897931 0 0 1 
1 3.1415926535897931 3.5527136788005009e-15 0 1 
1 3.1415926535897931 0 0 1 
1 6.2831853071795862 0 0 -1 
1 0 35.242500000000007 0 1 
1 1.5707963267948966 0 0 1 
1 4.7123889803846897 1.4605000000000086 0 1 
1 6.2831853071795862 4.712388980384703 -1 -2.2617277734851675e-15 
1 4.7123889803846897 0 0 1 
1 6.2831853071795862 4.7123889803846888 -1 2.2617277734851675e-15 
1 4.7123889803846897 0 0 1 
1 3.1415926535897931 0.50800000000000267 -1 0 
1 0 3.1415926535897931 1 -2.8271597168564594e-16 
1 4.7123889803846906 0 0 1 
1 -3.1415926535897931 34.289999999999999 1 0 
1 6.2831853071795862 3.1415926535897913 -1 2.8271597168564594e-16 
1 3.1415926535897931 3.1554436208840472e-30 0 1 
1 6.2831853071795862 4.7123889803846959 -1 -2.2617277734851648e-15 
1 1.5707963267948966 0 0 -1 
1 6.2831853071795862 4.7123889803846923 -1 0 
1 0 -7.1054273576010019e-15 0 1 
1 1.5707963267948979 4.8260000000000183 0 -1 
1 1.5707963267948966 28.702000000000002 0 -1 
1 6.2831853071795871 1.5707963267948966 -1 1.130863886742584e-15 
1 1.5707963267948897 -30.162499999999998 0 -1 
1 1.5707963267948943 -35.242500000000014 0 -1 
1 1.5707963267948966 4.8260000000000005 0 -1 
1 6.2831853071795862 0 0 -1 
1 6.2831853071795862 1.5707963267949125 -1 -2.2617277734851668e-15 
1 1.5707963267948966 -1.4605000000000157 0 -1 
1 1.5707963267948943 -15.493999999999996 0 -1 
1 0 4.7123889803846826 1 1.1308638867425838e-15 
1 4.7123889803846897 28.701999999999998 0 -1 
1 4.7123889803846879 4.8260000000000165 0 -1 
1 4.7123889803846915 -15.493999999999996 0 -1 
1 4.7123889803846897 -7.1054273576010019e-15 0 -1 
1 0 4.7123889803846879 1 -2.2617277734851675e-15 
1 6.2831853071795862 3.0480000000000071 0 -1 
1 4.7123889803846897 4.8260000000000005 0 -1 
1 4.7123889803846915 -36.830000000000005 0 -1 
1 4.7123889803845431 -31.75 -4.8650649487168681e-15 -1 
7 0 0  3 25 23  3.1415926535897931 -1.5874999999999915  3.1630185971592568 -1.5875051554711714  3.2064468371967489 -1.5853097577441988  3.2732246910869689 -1.5749651305964052  3.3415517935921497 -1.5571058764360906  3.4113162807438639 -1.531369320478551  3.4823894560559903 -1.4974826256051894  3.5546240353330574 -1.4552880884203738  3.627855911352635 -1.404755727734283  3.7019056946466549 -1.3459946358845942  3.7765810179202366 -1.2792586204693086  3.8516792804796944 -1.2049462506414332  3.9269908169872387 -1.1235946571329853  4.0023023534947804 -1.0358672116284842  4.0774006160542395 -0.94253561979508149  4.1520759393278217 -0.84445743585969213  4.2261257226218376 -0.74255036772599281  4.2993575986414241 -0.63776492853201039  4.3715921779184841 -0.53105716807256143  4.4426653532306135 -0.42336265403362855  4.5124298403823255 -0.31557434089225883  4.5807569428875095 -0.20852025037528057  4.6475347967777259 -0.10296031420141721  4.6909630368152166 -0.034008443556136254  4.7123889803846817 0 
 3.1415926535897931 4 3.2129924866259243 1 3.2843923196620555 1 3.3557921526981871 1 3.4271919857343183 1 3.4985918187704494 1 3.5699916518065806 1 3.6413914848427118 1 3.7127913178788434 1 3.7841911509149746 1 3.8555909839511058 1 3.926990816987237 1 3.9983906500233681 1 4.0697904830594993 1 4.1411903160956305 1 4.2125901491317617 1 4.2839899821678937 1 4.355389815204024 1 4.4267896482401561 1 4.4981894812762873 1 4.5695893143124184 1 4.6409891473485496 1 4.7123889803846808 4
7 0 0  3 25 23  1.5707963267948866 -36.830000000000005  1.5493703832254222 -36.795991556443866  1.505942143187931 -36.727039685798587  1.439164289297715 -36.62147974962474  1.3708371867925295 -36.514425659107737  1.3010726996408148 -36.406637345966388  1.2299995243286901 -36.298942831927469  1.1577649450516256 -36.192235071467991  1.0845330690320447 -36.087449632274009  1.0104832857380299 -35.985542564140303  0.93580796246444375 -35.887464380204925  0.86070969990498647 -35.794132788371513  0.78539816339744473 -35.706405342867015  0.71008662688989976 -35.625053749358564  0.6349883643304427 -35.550741379530699  0.56031304105685953 -35.484005364115411  0.48626325776284024 -35.425244272265708  0.41303138174326665 -35.374711911579645  0.34079680246619481 -35.332517374394818  0.26972362715407217 -35.298630679521452  0.19995914000235693 -35.272894123563901  0.13163203749717109 -35.255034869403595  0.064854183606956675 -35.244690242255807  0.02142594356946554 -35.242494844528835  0 -35.242500000000014 
 4.7123889803846986 4 4.7837888134208297 1 4.8551886464569609 1 4.9265884794930921 1 4.9979883125292233 1 5.0693881455653553 1 5.1407879786014865 1 5.2121878116376177 1 5.2835876446737489 1 5.35498747770988 1 5.4263873107460112 1 5.4977871437821424 1 5.5691869768182736 1 5.6405868098544047 1 5.7119866428905359 1 5.7833864759266671 1 5.8547863089627992 1 5.9261861419989295 1 5.9975859750350615 1 6.0689858080711927 1 6.1403856411073239 1 6.2117854741434551 1 6.2831853071795862 4
7 0 0  3 25 23  4.7123889803846941 -32.004000000000005  4.69096303681523 -31.969991556443873  4.6475347967777356 -31.901039685798597  4.5807569428875121 -31.795479749624747  4.5124298403823397 -31.688425659107718  4.4426653532306188 -31.580637345966355  4.371592177918493 -31.472942831927462  4.2993575986414312 -31.36623507146799  4.2261257226218438 -31.261449632273997  4.1520759393278279 -31.159542564140303  4.0774006160542511 -31.061464380204914  4.0023023534947839 -30.968132788371523  3.9269908169872467 -30.880405342866997  3.8516792804796944 -30.799053749358581  3.7765810179202433 -30.724741379530691  3.7019056946466535 -30.6580053641154  3.6278559113526407 -30.599244272265711  3.5546240353330529 -30.54871191157963  3.482389456055996 -30.506517374394804  3.4113162807438631 -30.472630679521444  3.3415517935921542 -30.446894123563894  3.2732246910869685 -30.429034869403612  3.2064468371967507 -30.418690242255792  3.1630185971592577 -30.416494844528817  3.1415926535897931 -30.41650000000001 
 4.7123889803846852 4 4.7837888134208173 1 4.8551886464569494 1 4.9265884794930805 1 4.9979883125292126 1 5.0693881455653447 1 5.1407879786014767 1 5.2121878116376079 1 5.28358764467374 1 5.354987477709872 1 5.4263873107460041 1 5.4977871437821353 1 5.5691869768182674 1 5.6405868098543994 1 5.7119866428905315 1 5.7833864759266636 1 5.8547863089627947 1 5.9261861419989268 1 5.9975859750350589 1 6.06898580807119 1 6.1403856411073221 1 6.2117854741434542 1 6.2831853071795862 4
7 0 0  3 25 23  0 35.242500000000007  0.021425943569466678 35.242494844528828  0.064854183606958868 35.244690242255793  0.131632037497173 35.255034869403602  0.19995914000235854 35.272894123563901  0.269723627154072 35.298630679521445  0.34079680246620025 35.332517374394811  0.41303138174326209 35.374711911579645  0.48626325776284751 35.425244272265687  0.56031304105686175 35.484005364115404  0.63498836433044659 35.550741379530692  0.71008662688990642 35.625053749358557  0.78539816339744939 35.706405342866994  0.86070969990499357 35.794132788371535  0.93580796246445364 35.887464380204925  1.010483285738035 35.985542564140296  1.084533069032054 36.087449632274001  1.1577649450516379 36.192235071467984  1.2299995243286985 36.298942831927469  1.3010726996408286 36.406637345966367  1.3708371867925431 36.514425659107737  1.4391642892977203 36.621479749624747  1.5059421431879445 36.727039685798587  1.5493703832254375 36.795991556443859  1.5707963267949012 36.830000000000005 
 3.1415926535897931 4 3.2129924866259252 1 3.2843923196620568 1 3.3557921526981889 1 3.4271919857343205 1 3.4985918187704526 1 3.5699916518065842 1 3.6413914848427162 1 3.7127913178788479 1 3.7841911509149799 1 3.8555909839511115 1 3.9269908169872436 1 3.9983906500233752 1 4.0697904830595073 1 4.1411903160956394 1 4.2125901491317705 1 4.2839899821679026 1 4.3553898152040347 1 4.4267896482401667 1 4.4981894812762988 1 4.56958931431243 1 4.640989147348562 1 4.7123889803846941 4
1 0 -31.49599999999997 1 -4.5234555469703296e-15 
1 0 6.2831853071795862 1 0 
1 9.4247779607693793 -0.50799999999999379 -1 -1.1308638867425869e-15 
1 0 6.2831853071795862 1 0 
1 0 -10.159999999999979 1 -2.2617277734851648e-15 
1 0 6.2831853071795862 1 0 
1 9.4247779607693793 -0.50800000000000978 -1 2.2617277734851675e-15 
1 0 6.2831853071795862 1 0 
1 3.1415926535897931 -5.3339999999999961 -1 -4.5234555469703351e-15 
1 0 6.2831853071795862 1 0 
1 0 5.3340000000000174 1 -1.1308638867425828e-15 
1 0 6.2831853071795862 1 0 
1 3.1415926535897931 -5.3340000000000032 -1 -2.2617277734851691e-15 
1 2.2204460492503131e-16 6.2831853071795862 1 0 
1 0 5.3339999999999979 1 2.2617277734851675e-15 
1 0 6.2831853071795862 1 0 
1 -1.570796326794897 -1.5875000000000021 1 0 
1 4.7123889803846897 -1.1546319456101628e-14 0 1 
1 7.8539816339744757 -3.0480000000000018 -1 0 
1 1.5707963267948966 7.8539816339744775 0 -1 
1 4.7123889803846897 4.712388980384695 0 -1 
1 4.7123889803846897 0 -1 0 
1 3.1415926535897931 6.2172489379008766e-15 0 1 
1 9.4247779607693793 33.210500000000003 -1 0 
1 4.7123889803846897 -1.4605000000000068 -1 0 
1 4.7123889803846941 6.2831853071795862 1.1308638867425755e-15 -1 
1 9.4247779607693793 1.5874999999999968 -1 0 
1 3.1415926535897931 6.2172489379008766e-15 0 1 
1 6.2831853071795862 6.2831853071795862 0 -1 
1 3.1415926535897931 33.210500000000003 -1 0 
1 1.5707963267948966 -4.4408920985006262e-15 0 1 
1 -4.7123889803846826 -30.162500000000001 1 0 
1 3.1415926535897931 1.5874999999999968 -1 0 
1 0 6.2831853071795862 0 -1 
1 -4.7123889803846897 -28.701999999999998 1 0 
1 1.5707963267948966 7.8539816339744828 0 -1 
1 1.5707963267949012 6.2831853071795862 1.2722218725854031e-15 -1 
1 1.5707963267948966 30.162500000000001 -1 0 
1 4.7123889803846897 4.7123889803846879 0 -1 
1 -1.5707963267948966 28.701999999999998 1 0 
1 1.5707963267948961 1.4605000000000068 1 0 
1 4.7123889803846923 3.1415926535897816 -5.6543194337129031e-16 1 
1 1.5707963267948966 7.8539816339744775 0 -1 
1 9.4247779607693793 3.0480000000000071 -1 0 
1 3.1415926535897931 3.1415926535897922 0 1 
1 3.141592653589786 33.210500000000003 -1 0 
1 9.4247779607693793 1.5874999999999986 -1 0 
1 4.7123889803846897 9.4247779607693793 0 -1 
1 3.1415926535897931 1.5874999999999968 -1 0 
1 3.1415926535897931 3.1415926535897887 0 1 
1 6.2831853071795862 9.4247779607693793 0 -1 
1 9.4247779607693793 33.210500000000003 -1 0 
1 1.5707963267948988 3.1415926535897887 -2.8271597168564387e-16 1 
1 -1.5707963267948897 -1.4605000000000157 1 0 
1 9.4247779607693793 1.5874999999999968 -1 0 
1 0 9.4247779607693793 0 -1 
1 1.5707963267948966 9.4247779607693793 0 -1 
1 9.4247779607693793 1.4605000000000086 -1 0 
1 1.5707963267948966 7.8539816339744828 0 -1 
1 0 0 1 0 
Curves 553
2 -31.75 -71.628000000000029 34.924999999999976 -1 0 0 0 0 1 0 1 -0 3.1749999999999972
1 -31.75 -71.628000000000029 31.749999999999982 0.70710678118654624 -8.6595605623549464e-17 -0.70710678118654868 
2 -30.162500000000009 -71.628000000000029 34.924999999999976 -1 -0 -0 0 0 -1 0 -1 0 4.7624999999999957
1 -31.75 -71.628000000000029 38.099999999999973 0.70710678118654624 0 0.70710678118654868 
2 -30.162500000000009 -71.628000000000029 34.924999999999976 -1 -0 -0 0 0 -1 0 -1 0 4.7624999999999957
1 -31.75 -71.628000000000029 39.687499999999972 1 -0 -0 
2 22.224999999999994 -71.628000000000029 34.924999999999976 1 0 -0 0 -0 -1 -0 1 -0 4.7624999999999957
1 -31.75 -71.628000000000029 30.16249999999998 1 -0 -0 
7 0 0  3 6 3  27.936945985523387 -67.503554014476634 27.781249999999986  28.131716472419452 -67.16620163535859 28.365561460686674  28.292178489480484 -66.826385011188151 28.954141119006447  28.514189945153763 -66.139647253866357 30.143605806163649  28.574999999999989 -65.792673013631102 30.74458281916873  28.574999999999992 -65.441331021714959 31.353124999999981 
 2.3807323430062797e-07 4 0.00208687011795884 2 0.0041735021626833789 4
1 28.574999999999992 -67.503554014476634 27.781249999999986 -1 -0 -0 
1 22.224999999999994 -67.503554014476634 27.781249999999986 0 0.50000000000000056 0.86602540378443837 
1 28.574999999999992 -63.379108028953247 34.924999999999976 -1 -0 -0 
7 0 0  3 8 4  28.574999999999992 -65.441331021714959 31.353124999999981  28.574999999999989 -65.266316767120799 31.656258581005826  28.559918771062915 -65.090517645411452 31.960751591732393  28.501556170342752 -64.742750295637208 32.563102310754978  28.458330901017725 -64.570029762584937 32.862263049511846  28.291615600078348 -64.054935827841163 33.754431915158648  28.131230196929785 -63.715618154217154 34.342147365781571  27.936945985523376 -63.379108028953247 34.924999999999976 
 0.0041735021626833789 4 0.005212917775739 2 0.0062523333887946212 2 0.0083311646149058817 4
7 0 0  3 6 3  27.936945985523376 -63.379108028953247 34.924999999999976  28.131716472419452 -63.716460408071299 35.509311460686675  28.292178489480484 -64.056277032241738 36.097891119006427  28.514189945153756 -64.743014789563532 37.287355806163653  28.574999999999989 -65.089989029798772 37.888332819168717  28.574999999999992 -65.441331021714959 38.496874999999967 
 2.3807323430360209e-07 4 0.0020868701179588473 2 0.004173502162683391 4
1 22.224999999999994 -63.379108028953247 34.924999999999976 0 -0.49999999999999956 0.86602540378443882 
1 28.574999999999992 -67.50355401447662 42.068749999999959 -1 -0 -0 
7 0 0  3 8 4  28.574999999999992 -65.441331021714959 38.496874999999967  28.574999999999989 -65.61634527630909 38.80000858100582  28.559918771062915 -65.792144398018422 39.104501591732394  28.501556170342752 -66.139911747792681 39.706852310754989  28.458330901017725 -66.312632280844923 40.006013049511843  28.291615600078348 -66.827726215588726 40.898181915158631  28.131230196929792 -67.167043889212749 41.485897365781554  27.936945985523387 -67.50355401447662 42.068749999999959 
 0.004173502162683391 4 0.0052129177757390052 2 0.0062523333887946203 2 0.0083311646149058678 4
7 0 0  3 8 4  27.936945985523387 -67.50355401447662 42.068749999999959  28.129554875748866 -68.170770782196627 42.068749999999966  28.28978501484918 -68.84627816330044 42.068749999999966  28.457351330945766 -69.878174347173285 42.068749999999952  28.501015688889662 -70.225261280886002 42.068749999999959  28.560017161916257 -70.926688368730098 42.068749999999966  28.574999999999992 -71.278614457476081 42.068749999999959  28.574999999999992 -71.628000000000029 42.068749999999959 
 0.022422730189623052 4 0.024511144044257045 2 0.02555535097157402 2 0.026599557898890996 4
1 22.224999999999994 -67.50355401447662 42.068749999999959 0 -1 8.4119102641450884e-16 
1 28.574999999999992 -75.75244598552338 42.068749999999966 -1 -0 -0 
7 0 0  3 6 3  28.574999999999992 -71.628000000000029 42.068749999999959  28.574999999999992 -72.326187287485922 42.068749999999966  28.514903679811319 -73.018722304114021 42.068749999999959  28.293045168135968 -74.394230303625406 42.068749999999959  28.130916927719618 -75.080510931371691 42.068749999999966  27.936945985523394 -75.75244598552338 42.068749999999966 
 0.026599557898890996 4 0.028686226960497718 2 0.030772896022104437 4
7 0 0  3 6 3  27.936945985523394 -75.75244598552338 42.068749999999966  28.131716472419463 -76.089798364641439 41.484438539313281  28.292178489480495 -76.429614988811892 40.895858880993529  28.514189945153781 -77.116352746133657 39.70639419383631  28.575000000000003 -77.463326986368926 39.105417180831211  28.574999999999992 -77.814668978285098 38.496874999999974 
 2.3807323430360209e-07 4 0.0020868701179588452 2 0.0041735021626833867 4
1 22.224999999999994 -75.75244598552338 42.068749999999966 0 -0.500000000000001 -0.86602540378443815 
1 28.574999999999992 -79.876891971046774 34.924999999999983 -1 -0 -0 
7 0 0  3 8 4  28.574999999999992 -77.814668978285098 38.496874999999974  28.57500000000001 -77.989683232879216 38.193741418994108  28.559918771062932 -78.165482354588576 37.889248408267562  28.501556170342763 -78.513249704362821 37.28689768924496  28.458330901017742 -78.685970237415063 36.987736950488106  28.291615600078366 -79.201064172158851 36.095568084841311  28.131230196929792 -79.540381845782889 35.507852634218402  27.936945985523394 -79.876891971046774 34.924999999999983 
 0.0041735021626833867 4 0.0052129177757390139 2 0.0062523333887946403 2 0.0083311646149058765 4
7 0 0  3 6 3  27.936945985523394 -79.876891971046774 34.924999999999983  28.131716472419473 -79.539539591928701 34.340688539313284  28.292178489480495 -79.199722967758262 33.752108880993518  28.514189945153781 -78.512985210436497 32.562644193836306  28.575000000000003 -78.166010970201256 31.961667180831242  28.574999999999992 -77.814668978285098 31.353124999999991 
 2.3807323430360209e-07 4 0.0020868701179588378 2 0.0041735021626833719 4
1 22.224999999999994 -79.876891971046774 34.924999999999983 0 0.49999999999999933 -0.86602540378443904 
1 28.574999999999992 -75.752445985523408 27.781249999999993 -1 -0 -0 
7 0 0  3 8 4  28.574999999999992 -77.814668978285098 31.353124999999991  28.574999999999999 -77.639654723690967 31.049991418994146  28.559918771062932 -77.463855601981606 30.745498408267594  28.501556170342766 -77.11608825220739 30.143147689245023  28.45833090101776 -76.943367719155148 29.84398695048818  28.291615600078377 -76.42827378441136 28.951818084841392  28.131230196929806 -76.088956110787322 28.36410263421849  27.936945985523547 -75.752445985523636 27.781249999999993 
 0.0041735021626833719 4 0.0052129177757389601 2 0.0062523333887945492 2 0.008331164614905736 4
7 0 0  3 6 3  27.936945985523547 -75.752445985523636 27.781249999999993  28.130916927712505 -75.080510931396375 27.781249999999993  28.293045168127239 -74.394230303667158 27.781249999999993  28.51490367980696 -73.018722304153343 27.781249999999986  28.574999999999999 -72.32618728751271 27.781249999999993  28.574999999999992 -71.628000000000029 27.781249999999986 
 0.0077538321294163574 4 0.009841940748938488 2 0.011930049368460618 4
1 22.224999999999994 -75.752445985523408 27.781249999999993 0 1 -8.4119102641450884e-16 
7 0 0  3 8 4  28.574999999999992 -71.628000000000029 27.781249999999986  28.574999999999999 -71.278614457441506 27.78125  28.560017161909123 -70.926688368617988 27.781249999999986  28.501015688882656 -70.225261280830082 27.781249999999986  28.457351330940529 -69.878174347137858 27.781249999999993  28.289785014849304 -68.846278163307616 27.781249999999982  28.129554875752042 -68.170770782207626 27.781249999999982  27.936945985523387 -67.503554014476634 27.781249999999986 
 0.011930049368460618 4 0.012974976676650252 2 0.014019903984839889 2 0.016109758601219201 4
2 22.224999999999994 -71.628000000000029 34.924999999999976 1 0 -0 0 -0 -1 -0 1 -0 4.7624999999999957
2 -31.75 -71.628000000000029 34.924999999999976 -1 0 0 0 0 1 0 1 -0 3.1749999999999972
2 28.574999999999992 -71.628000000000029 34.924999999999976 1 0 -0 0 -0 -1 -0 1 -0 7.1437499999999865
2 28.574999999999992 -71.628000000000029 34.924999999999976 1 0 -0 0 -0 -1 -0 1 -0 7.1437499999999865
2 28.574999999999992 -71.628000000000029 34.924999999999976 1 0 -0 0 -0 -1 -0 1 -0 7.1437499999999865
2 28.574999999999992 -71.628000000000029 34.924999999999976 1 0 -0 0 -0 -1 -0 1 -0 7.1437499999999865
2 28.574999999999992 -71.628000000000029 34.924999999999976 1 0 -0 0 -0 -1 -0 1 -0 7.1437499999999865
2 28.574999999999992 -71.628000000000029 34.924999999999976 1 0 0 0 0 -1 -0 1 0 7.1437499999999865
2 -28.574999999999992 -71.628000000000029 34.924999999999976 -1 -0 -0 -0 0 1 0 1 -0 6.9804189782850807
1 -28.574999999999992 -71.628000000000029 41.905418978285056 0.5000000000000111 1.0605752387248989e-16 0.86602540378443227 
7 0 0  3 6 3  -27.842646776169239 -67.503554014476634 42.068749999999973  -28.035161887740319 -68.170445923408437 42.06874999999998  -28.195494742629229 -68.846102646255744 42.06874999999998  -28.4191458464466 -70.223837948463554 42.06874999999998  -28.480700790645866 -70.930667975034822 42.068749999999973  -28.480700790645866 -71.628000000000029 42.068749999999973 
 0.0030389013348224806 4 0.0051210321639287093 2 0.0072031629930349381 4
7 0 0  3 12 6  -27.842646776169243 -63.379108028953262 34.924999999999997  -28.037053190912946 -63.715829816605769 35.508219244229558  -28.197279351803886 -64.055006640051232 36.095690735186913  -28.419244652008967 -64.740434229814355 37.282886145566152  -28.480251621810801 -65.086737585044006 37.882701151655432  -28.480921610750173 -65.612717338151128 38.793724807789502  -28.466007743128259 -65.788868707519612 39.098827929358556  -28.407851642793037 -66.137314728003773 39.702354140532314  -28.364668420423513 -66.310369527470286 40.002093845701971  -28.197918170893864 -66.826452919794974 40.895976502150837  -28.037295513534637 -67.166412511731082 41.484803787904561  -27.842646776169239 -67.503554014476634 42.068749999999973 
 2.3807323432880839e-07 4 0.0020829697086522194 2 0.00416570134407011 2 0.0052070671617790555 2 0.0062484329794880002 2 0.0083311646149058921 4
7 0 0  3 12 6  -27.842646776169243 -67.503554014476677 27.781249999999964  -28.037053190912932 -67.166832226824155 28.364469244229507  -28.197279351803875 -66.827655403378685 28.951940735186863  -28.41924465200896 -66.14222781361552 30.139136145566123  -28.480251621810794 -65.795924458385926 30.738951151655385  -28.480921610750162 -65.269944705278775 31.649974807789484  -28.466007743128266 -65.093793335910306 31.955077929358563  -28.407851642793045 -64.74534731542613 32.558604140532303  -28.36466842042352 -64.572292515959603 32.858343845701967  -28.197918170893857 -64.056209123634886 33.752226502150847  -28.037295513534637 -63.7162495316988 34.341053787904549  -27.842646776169243 -63.379108028953262 34.924999999999997 
 2.3807323428136988e-07 4 0.002082969708652186 2 0.0041657013440700901 2 0.0052070671617790477 2 0.0062484329794880045 2 0.0083311646149059147 4
7 0 0  3 6 3  -28.480700790645862 -71.628000000000029 27.781249999999964  -28.480700790645862 -70.930667975034808 27.781249999999957  -28.419145846446593 -70.223837948463569 27.781249999999972  -28.195494742629226 -68.846102646255787 27.781249999999972  -28.03516188774033 -68.170445923408494 27.781249999999964  -27.842646776169243 -67.503554014476677 27.781249999999964 
 0.011516363787477779 4 0.013603749821250137 2 0.015691135855022496 4
1 -28.574999999999992 -71.628000000000029 27.944581021714896 0.5000000000000111 0 -0.86602540378443227 
2 -28.574999999999992 -71.628000000000029 28.738331021714892 -0 1 1.2246467991473532e-16 0 -1.2246467991473532e-16 1 1 0 0 0.79374999999999929
2 -29.368749999999991 -71.628000000000029 34.924999999999976 -1 -0 -0 -0 0 1 0 1 -0 6.1866689782850841
2 -28.574999999999992 -71.628000000000029 41.11166897828506 0 -1 0 0 0 -1 1 0 0 0.79375000000000273
2 -22.224999999999994 -71.628000000000029 34.924999999999976 -1 -0 -0 -0 0 1 0 1 -0 6.9804189782850807
1 -22.957353223830726 -71.628000000000029 26.676108028953198 -0.49999999999999795 1.060575238724908e-16 -0.86602540378443993 
7 0 0  3 6 3  -22.957353223830726 -67.503554014476649 27.781249999999964  -22.764838112259643 -68.170445923408437 27.781249999999957  -22.604505257370757 -68.846102646255787 27.781249999999972  -22.380854153553379 -70.223837948463554 27.781249999999972  -22.319299209354124 -70.930667975034822 27.781249999999964  -22.319299209354124 -71.628000000000029 27.781249999999964 
 0.0030389013348227525 4 0.0051210321639289721 2 0.0072031629930351913 4
7 0 0  3 12 6  -22.957353223830726 -63.379108028953247 34.924999999999976  -22.762946809087023 -63.715829816605762 34.341780755770415  -22.602720648196101 -64.055006640051218 33.754309264813052  -22.380755347991013 -64.740434229814355 32.567113854433792  -22.319748378189203 -65.086737585043991 31.967298848344544  -22.319078389249821 -65.6127173381511 31.056275192210457  -22.333992256871717 -65.788868707519583 30.751172070641378  -22.392148357206946 -66.137314728003773 30.147645859467644  -22.435331579576481 -66.3103695274703 29.847906154297988  -22.602081829106115 -66.826452919794974 28.954023497849104  -22.762704486465335 -67.166412511731082 28.36519621209538  -22.957353223830726 -67.503554014476649 27.781249999999964 
 2.3807323430360209e-07 4 0.0020829697086522016 2 0.0041657013440700996 2 0.0052070671617790477 2 0.0062484329794879967 2 0.008331164614905906 4
7 0 0  3 12 6  -22.957353223830726 -67.503554014476634 42.06874999999998  -22.762946809087033 -67.166832226824155 41.485530755770434  -22.602720648196094 -66.827655403378685 40.898059264813071  -22.38075534799102 -66.142227813615506 39.710863854433804  -22.319748378189185 -65.795924458385926 39.111048848344552  -22.319078389249832 -65.269944705278789 38.200025192210468  -22.333992256871728 -65.093793335910277 37.8949220706414  -22.392148357206946 -64.745347315426145 37.291395859467649  -22.43533157957647 -64.572292515959603 36.991656154297985  -22.602081829106115 -64.056209123634915 36.097773497849118  -22.762704486465328 -63.7162495316988 35.508946212095402  -22.957353223830726 -63.379108028953247 34.924999999999976 
 2.3807323429029216e-07 4 0.0020829697086521808 2 0.0041657013440700719 2 0.0052070671617790261 2 0.0062484329794879803 2 0.0083311646149058886 4
7 0 0  3 6 3  -22.319299209354117 -71.628000000000029 42.068749999999973  -22.319299209354121 -70.930667975034808 42.06874999999998  -22.380854153553383 -70.223837948463569 42.06874999999998  -22.60450525737075 -68.84610264625573 42.06874999999998  -22.764838112259639 -68.170445923408479 42.068749999999973  -22.957353223830726 -67.503554014476634 42.06874999999998 
 0.011516363787477727 4 0.013603749821250106 2 0.015691135855022485 4
1 -22.957353223830726 -71.628000000000029 43.17389197104675 -0.49999999999999795 0 0.86602540378443993 
1 -29.368749999999991 -71.628000000000029 30.16249999999998 1 0 0 
2 -22.224999999999994 -71.628000000000029 34.924999999999976 1 0 0 0 0 -1 -0 1 0 4.7624999999999957
1 -29.368749999999991 -71.628000000000029 39.687499999999972 1 0 0 
2 -29.368749999999991 -71.628000000000029 34.924999999999976 1 0 0 0 0 -1 -0 1 0 4.7624999999999957
2 -22.224999999999994 -71.628000000000029 34.924999999999976 1 0 0 0 0 -1 -0 1 0 4.7624999999999957
2 -22.224999999999994 -71.628000000000029 34.924999999999976 -1 -0 -0 -0 0 1 0 1 -0 6.9804189782850807
2 -29.368749999999991 -71.628000000000029 34.924999999999976 -1 -0 -0 -0 0 1 0 1 -0 6.1866689782850841
2 -29.368749999999991 -71.628000000000029 34.924999999999976 1 0 0 0 0 -1 -0 1 0 4.7624999999999957
7 0 0  3 6 3  -22.957353223830726 -75.752445985523408 42.068749999999973  -22.763720039953071 -75.081680960508649 42.06874999999998  -22.601296283702752 -74.394636160670416 42.06874999999998  -22.379201227183 -73.017373587384043 42.06874999999998  -22.319299209354121 -72.32492324658871 42.068749999999973  -22.319299209354117 -71.628000000000029 42.068749999999973 
 0.0073440389853489524 4 0.0094302013864133397 2 0.011516363787477727 4
7 0 0  3 12 6  -22.957353223830726 -79.876891971046803 34.924999999999969  -22.762946809087033 -79.540170183394309 35.508219244229529  -22.602720648196094 -79.200993359948797 36.095690735186871  -22.380755347991023 -78.515565770185702 37.282886145566152  -22.319748378189189 -78.16926241495608 37.882701151655397  -22.319078389249828 -77.643282661848929 38.793724807789474  -22.333992256871717 -77.467131292480417 39.098827929358542  -22.392148357206938 -77.118685271996299 39.702354140532293  -22.43533157957647 -76.945630472529757 40.002093845701964  -22.602081829106112 -76.42954708020504 40.89597650215083  -22.762704486465324 -76.089587488268975 41.484803787904561  -22.957353223830726 -75.752445985523408 42.068749999999973 
 2.3807323430360209e-07 4 0.0020829697086522108 2 0.0041657013440701178 2 0.0052070671617790625 2 0.0062484329794880071 2 0.0083311646149058956 4
7 0 0  3 12 6  -22.957353223830726 -75.752445985523408 27.781249999999982  -22.76294680908704 -76.08916777317593 28.364469244229543  -22.602720648196101 -76.4283445966214 28.951940735186884  -22.38075534799102 -77.113772186384509 30.139136145566134  -22.319748378189193 -77.460075541614145 30.738951151655396  -22.319078389249832 -77.986055294721282 31.649974807789491  -22.333992256871728 -78.162206664089794 31.955077929358552  -22.392148357206946 -78.510652684573941 32.558604140532303  -22.435331579576477 -78.683707484040468 32.858343845701967  -22.602081829106119 -79.199790876365142 33.752226502150826  -22.762704486465331 -79.53975046830125 34.341053787904556  -22.957353223830726 -79.876891971046803 34.924999999999969 
 2.3807323431252437e-07 4 0.0020829697086521986 2 0.0041657013440700849 2 0.0052070671617790373 2 0.0062484329794879889 2 0.0083311646149058938 4
7 0 0  3 6 3  -22.319299209354124 -71.628000000000029 27.781249999999964  -22.319299209354124 -72.32492324658871 27.781249999999957  -22.379201227183003 -73.017373587384057 27.781249999999972  -22.601296283702759 -74.394636160670416 27.781249999999972  -22.763720039953082 -75.081680960508692 27.781249999999964  -22.957353223830726 -75.752445985523408 27.781249999999982 
 0.0072031629930351905 4 0.0092840732700520609 2 0.011364983547068932 4
2 -28.574999999999992 -71.628000000000029 34.924999999999976 -1 -0 -0 -0 0 1 0 1 -0 6.9804189782850807
7 0 0  3 6 3  -27.842646776169243 -75.752445985523423 27.781250000000004  -28.036279960046887 -75.081680960508649 27.781249999999957  -28.198703716297228 -74.394636160670416 27.781249999999972  -28.420798772816973 -73.017373587384043 27.781249999999972  -28.480700790645866 -72.32492324658871 27.781249999999964  -28.480700790645862 -71.628000000000029 27.781249999999964 
 0.0073440389853489992 4 0.00943020138641339 2 0.011516363787477779 4
7 0 0  3 12 6  -27.842646776169243 -79.876891971046788 34.92499999999999  -28.037053190912939 -79.540170183394309 34.341780755770422  -28.197279351803875 -79.200993359948853 33.75430926481306  -28.41924465200896 -78.515565770185717 32.567113854433806  -28.48025162181079 -78.16926241495608 31.967298848344566  -28.480921610750162 -77.643282661848943 31.056275192210489  -28.466007743128266 -77.467131292480474 30.751172070641417  -28.407851642793037 -77.118685271996355 30.147645859467673  -28.364668420423513 -76.945630472529785 29.847906154298009  -28.197918170893875 -76.429547080205083 28.954023497849143  -28.037295513534648 -76.08958748826899 28.36519621209542  -27.842646776169243 -75.752445985523423 27.781250000000004 
 2.3807323428434398e-07 4 0.0020829697086521778 2 0.0041657013440700719 2 0.0052070671617790183 2 0.0062484329794879664 2 0.0083311646149058574 4
7 0 0  3 12 6  -27.842646776169243 -75.75244598552338 42.068749999999973  -28.037053190912946 -76.089167773175888 41.485530755770426  -28.197279351803875 -76.428344596621386 40.898059264813064  -28.419244652008949 -77.113772186384494 39.710863854433832  -28.48025162181079 -77.460075541614131 39.111048848344574  -28.480921610750162 -77.986055294721268 38.200025192210489  -28.466007743128259 -78.162206664089766 37.894922070641414  -28.407851642793052 -78.510652684573941 37.29139585946767  -28.36466842042352 -78.683707484040426 36.991656154298006  -28.197918170893875 -79.199790876365142 36.09777349784914  -28.037295513534648 -79.53975046830125 35.50894621209541  -27.842646776169243 -79.876891971046788 34.92499999999999 
 2.3807323428434398e-07 4 0.0020829697086521717 2 0.0041657013440700597 2 0.0052070671617790122 2 0.0062484329794879655 2 0.0083311646149058713 4
7 0 0  3 6 3  -28.480700790645866 -71.628000000000029 42.068749999999973  -28.480700790645873 -72.324923246588739 42.06874999999998  -28.420798772816994 -73.017373587384057 42.06874999999998  -28.198703716297221 -74.394636160670387 42.06874999999998  -28.036279960046901 -75.081680960508677 42.068749999999973  -27.842646776169243 -75.75244598552338 42.068749999999973 
 0.0072031629930349381 4 0.009284073270051799 2 0.01136498354706866 4
1 -29.368749999999991 -67.503554014476634 42.068749999999973 1 0 0 
1 -29.368749999999991 -63.379108028953247 34.924999999999976 1 0 0 
1 -29.368749999999991 -75.752445985523408 42.068749999999973 1 0 0 
1 -29.368749999999991 -79.876891971046803 34.924999999999969 1 0 0 
1 -29.368749999999991 -75.752445985523408 27.781249999999964 1 0 0 
1 -29.368749999999991 -67.503554014476634 27.781249999999964 1 0 0 
2 0 0 0 -0 -1 -0 0 0 -1 1 -0 0 27.304999999999996
1 3.343898085071848e-15 -12.699999999999999 27.304999999999996 -0 -1 -0 
2 0 -2.0319999999999987 0 -0 -1 -0 0 0 -1 1 -0 0 27.304999999999996
1 0 -12.699999999999999 -27.304999999999996 -0 -1 -0 
2 0 -2.0319999999999987 0 -0 -1 -0 0 0 -1 1 -0 0 27.304999999999996
2 0 0 0 -0 -1 -0 0 0 -1 1 -0 0 27.304999999999996
2 0 53.594000000000008 0 -0 -1 -0 0 0 1 -1 0 0 15.875
2 1.9130207649480803e-15 53.594000000000008 -15.620999999999999 1 -0 1.2246467991473532e-16 1.2246467991473532e-16 0 -1 0 1 0 0.25400000000000073
2 0 53.847999999999999 0 0 1 0 0 -0 1 1 0 -0 15.620999999999999
2 0 53.594000000000008 15.620999999999999 -1 0 0 0 0 1 0 1 -0 0.25400000000000073
2 0 52.323999999999998 0 -0 -1 -0 0 0 1 -1 0 0 15.620999999999999
2 1.9130207649480803e-15 52.577999999999996 -15.620999999999999 1 -0 1.2246467991473532e-16 1.2246467991473532e-16 0 -1 0 1 0 0.25400000000000073
2 0 52.577999999999996 0 0 1 0 0 -0 1 1 0 -0 15.875
2 0 52.577999999999996 15.620999999999999 -1 0 0 0 0 1 0 1 -0 0.25400000000000073
1 0 53.847999999999999 -5.1593749999999998 -0 -1 -0 
2 0 52.323999999999998 0 0 1 0 0 -0 1 1 0 -0 5.1593749999999998
1 6.3184120793508756e-16 53.847999999999999 5.1593749999999998 -0 -1 -0 
2 0 53.847999999999999 0 0 1 0 0 -0 1 1 0 -0 5.1593749999999998
1 1.9441267936464232e-15 53.847999999999999 15.875 -0 -1 -0 
1 0 53.847999999999999 -15.875 -0 -1 -0 
2 0 53.847999999999999 0 0 1 0 0 -0 1 1 0 -0 15.620999999999999
2 0 53.847999999999999 0 0 1 0 0 -0 1 1 0 -0 5.1593749999999998
2 0 52.323999999999998 0 -0 -1 -0 0 0 1 -1 0 0 15.620999999999999
2 0 52.323999999999998 0 0 1 0 0 -0 1 1 0 -0 5.1593749999999998
2 0 53.594000000000008 0 -0 -1 -0 0 0 1 -1 0 0 15.875
2 0 52.577999999999996 0 0 1 0 0 -0 1 1 0 -0 15.875
2 0 60.198 0 0 1 0 0 -0 1 1 0 -0 7.1437500000000007
1 0 60.198 7.1437500000000007 0 -0.49999999999999795 0.86602540378443993 
7 0 0  3 6 3  2.5872647637270949e-15 59.559945985523392 8.2488919710467759  0.58431146068669804 59.754716472419453 7.9115395919287286  1.1728911190064593 59.915178489480489 7.5717229677582774  2.3623558061636754 60.137189945153793 6.884985210436505  2.9633328191687531 60.198000000000008 6.5380109702012472  3.5718750000000004 60.198 6.186668978285085 
 2.3807323429960505e-07 4 0.0020868701179588434 2 0.0041735021626833867 4
7 0 0  3 6 3  7.1437499999999972 59.559945985523548 -4.1244459855236242  6.5594385393132022 59.754716472419489 -4.4617983646414947  5.9708588809934637 59.915178489480517 -4.8016149888119362  4.7813941938362827 60.137189945153771 -5.4883527461336836  4.1804171808312267 60.198000000000008 -5.8353269863689343  3.5718749999999977 60.198 -6.1866689782850859 
 2.3807323443629457e-07 4 0.0020868701179589124 2 0.0041735021626833884 4
1 7.1437499999999972 60.198 -4.1244459855233915 -0 -1 -0 
1 7.1437499999999972 53.847999999999999 -4.1244459855233915 -0.86602540378443882 0 -0.49999999999999956 
1 -1.7650185094535485e-15 60.198 -8.2488919710467759 -0 -1 -0 
7 0 0  3 8 4  3.5718749999999977 60.198 -6.1866689782850859  3.2687414189941424 60.198000000000036 -6.361683232879229  2.9642484082675766 60.182918771062937 -6.5374823545885716  2.3618976892449819 60.12455617034275 -6.8852497043628293  2.0627369504881279 60.081330901017743 -7.0579702374150664  1.1705680848413231 59.914615600078385 -7.5730641721588539  0.58285263421840738 59.75423019692979 -7.9123818457828943  -1.4576597694943066e-15 59.559945985523392 -8.2488919710467759 
 0.0041735021626833884 4 0.0052129177757390139 2 0.0062523333887946403 2 0.0083311646149058886 4
7 0 0  3 6 3  -1.4576597694943066e-15 59.559945985523392 -8.2488919710467759  -0.58431146068669571 59.754716472419453 -7.9115395919287286  -1.1728911190064575 59.915178489480489 -7.5717229677582774  -2.3623558061636736 60.137189945153793 -6.884985210436505  -2.9633328191687518 60.198000000000008 -6.5380109702012472  -3.5718749999999999 60.198 -6.186668978285085 
 2.3807323429860097e-07 4 0.0020868701179588421 2 0.0041735021626833858 4
1 -1.7650185094535485e-15 53.847999999999999 -8.2488919710467759 -0.8660254037844386 0 0.49999999999999994 
1 -7.1437500000000007 60.198 -4.1244459855233879 -0 -1 -0 
7 0 0  3 8 4  -3.5718749999999999 60.198 -6.186668978285085  -3.8750085810058414 60.198 -6.0116547236909437  -4.1795015917323983 60.182918771062909 -5.8358556019816055  -4.7818523107549717 60.124556170342785 -5.4880882522073566  -5.0810130495118191 60.081330901017743 -5.3153677191551276  -5.9731819151585945 59.914615600078392 -4.8002737844113588  -6.5608973657814911 59.754230196929825 -4.4609561107873272  -7.1437500000000007 59.559945985523548 -4.1244459855236197 
 0.0041735021626833858 4 0.0052129177757389775 2 0.0062523333887945691 2 0.0083311646149057499 4
7 0 0  3 6 3  -7.1437500000000007 59.559945985523548 -4.1244459855236197  -7.1437500000000025 59.753916927719587 -3.4525109313718327  -7.1437500000000007 59.916045168135952 -2.7662303036254983  -7.1437499999999998 60.137903679811316 -1.39072230411401  -7.143749999999998 60.198 -0.69818728748592485  -7.1437500000000007 60.198 3.7557864968428983e-15 
 0.007753832143110791 4 0.009841940762678969 2 0.011930049382247149 4
1 -7.1437500000000007 53.847999999999999 -4.1244459855233879 5.2574439150906709e-16 0 1 
1 -7.1437499999999972 60.198 4.1244459855233897 -0 -1 -0 
7 0 0  3 8 4  -7.1437500000000007 60.198 3.7557864968428983e-15  -7.1437499999999972 60.198 0.34938554252396586  -7.143749999999998 60.183017161916254 0.70131163126991702  -7.143749999999998 60.124015688889671 1.4027387191140104  -7.1437499999999972 60.080351330945767 1.7498256528267102  -7.143749999999998 59.912785014849199 2.7817218366996102  -7.1437499999999972 59.752554875748871 3.4572292178034281  -7.1437499999999972 59.559945985523392 4.1244459855233897 
 0.011930049382247149 4 0.012974976690396526 2 0.014019903998545902 2 0.016109758614844656 4
7 0 0  3 6 3  -7.1437499999999972 59.559945985523392 4.1244459855233897  -6.5594385393133008 59.754716472419453 4.4617983646414352  -5.9708588809935419 59.915178489480489 4.8016149888118891  -4.7813941938363236 60.137189945153793 5.4883527461336596  -4.1804171808312462 60.198000000000008 5.8353269863689192  -3.5718749999999999 60.198 6.186668978285085 
 2.3807323429873181e-07 4 0.002086870117958843 2 0.0041735021626833867 4
1 -7.1437499999999972 53.847999999999999 4.1244459855233897 0.8660254037844386 0 0.49999999999999994 
1 2.6634981808433786e-15 60.198 8.2488919710467759 -0 -1 -0 
7 0 0  3 8 4  -3.5718749999999999 60.198 6.186668978285085  -3.2687414189941451 60.198000000000036 6.361683232879229  -2.964248408267578 60.182918771062937 6.5374823545885699  -2.3618976892449819 60.12455617034275 6.8852497043628276  -2.0627369504881266 60.081330901017743 7.0579702374150664  -1.1705680848413229 59.914615600078385 7.5730641721588556  -0.58285263421840738 59.75423019692979 7.9123818457828961  2.5872647637270949e-15 59.559945985523392 8.2488919710467759 
 0.0041735021626833867 4 0.0052129177757390139 2 0.0062523333887946411 2 0.0083311646149058921 4
1 2.6634981808433786e-15 53.847999999999999 8.2488919710467759 0.8660254037844386 0 -0.50000000000000011 
1 7.143749999999998 60.198 4.1244459855233906 -0 -1 -0 
7 0 0  3 8 4  3.5718750000000004 60.198 6.186668978285085  3.8750085810058552 60.198000000000008 6.0116547236909383  4.1795015917324196 60.182918771062937 5.8358556019815966  4.7818523107550153 60.124556170342771 5.4880882522073398  5.0810130495118688 60.081330901017743 5.3153677191551001  5.9731819151586736 59.914615600078371 4.8002737844113126  6.5608973657815897 59.754230196929782 4.4609561107872686  7.143749999999998 59.559945985523392 4.1244459855233906 
 0.0041735021626833867 4 0.0052129177757390122 2 0.0062523333887946385 2 0.0083311646149058886 4
7 0 0  3 8 4  7.143749999999998 59.559945985523392 4.1244459855233906  7.143749999999998 59.75255487575204 3.4572292177923774  7.143749999999998 59.912785014849312 2.7817218366924084  7.143749999999998 60.08035133094053 1.7498256528621872  7.1437499999999972 60.124015688882672 1.4027387191699334  7.143749999999998 60.183017161909149 0.70131163138204766  7.1437499999999972 60.198 0.34938554255850612  7.1437499999999972 60.198 -1.502314598737158e-15 
 0.022422730177668417 4 0.024511144032299648 2 0.02555535095961526 2 0.026599557886930875 4
1 7.143749999999998 53.847999999999999 4.1244459855233906 -2.1029775660362672e-16 0 -1 
7 0 0  3 6 3  7.1437499999999972 60.198 -1.502314598737158e-15  7.1437499999999972 60.198 -0.69818728751267467  7.143749999999998 60.137903679806982 -1.3907223041533396  7.1437499999999936 59.916045168127248 -2.7662303036671378  7.1437499999999972 59.75391692771251 -3.4525109313963416  7.1437499999999972 59.559945985523548 -4.1244459855236242 
 0.026599557886930875 4 0.028686226948408521 2 0.030772896009886166 4
2 0 60.198 0 0 1 0 0 -0 1 1 0 -0 7.1437500000000007
2 0 60.198 0 0 1 0 0 -0 1 1 0 -0 7.1437500000000007
2 0 60.198 0 0 1 0 0 -0 1 1 0 -0 7.1437500000000007
2 0 60.198 0 0 1 0 0 -0 1 1 0 -0 7.1437500000000007
2 0 60.198 0 0 1 0 0 -0 1 1 0 -0 7.1437500000000007
2 0 60.198 0 0 1 0 0 -0 1 1 0 -0 7.1437500000000007
7 1 0  3 4 2  -15.874999999999993 -104.17175000000002 34.924999999999976  1 -15.875 -115.28424999999996 34.924999999999976  0.33333333333333337 15.874999999999996 -115.28424999999996 34.924999999999976  0.33333333333333337 15.874999999999996 -104.17175000000002 34.924999999999976  1
 3.1415926535897931 4 6.2831853071795862 4
2 15.875000000000011 -71.628000000000043 34.924999999999976 1 -4.3709567898628202e-16 -0 4.3709567898628202e-16 1 0 0 -0 1 32.543749999999996
7 1 0  3 4 2  -15.874999999999964 -39.084250000000019 34.924999999999969  1 -15.875000000000036 -27.971750000000075 34.924999999999976  0.33333333333333259 15.875000000000036 -27.971750000000089 34.924999999999976  0.33333333333333259 15.875000000000025 -39.08425000000004 34.924999999999969  1
 3.1415926535897909 4 6.2831853071795862 4
2 -15.874999999999979 -71.628000000000029 34.924999999999976 1 -4.3709567898628202e-16 -0 4.3709567898628202e-16 1 0 0 -0 1 32.54375000000001
2 18.10724481485985 -71.628000000000043 34.924999999999976 1 -4.3709567898628202e-16 -0 4.3709567898628202e-16 1 0 0 -0 1 13.119002304506729
2 17.462500000000002 -83.296326471072106 34.924999999999976 5.3528782419168929e-32 1.2246467991473532e-16 1 6.5553852051890347e-48 -1 1.2246467991473532e-16 1 0 -5.3528782419168929e-32 1.5874999999999917
2 19.050000000000004 -71.628000000000043 34.924999999999976 1 -4.3709567898628202e-16 -0 4.3709567898628202e-16 1 0 0 -0 1 11.668326471072076
2 17.462500000000009 -59.959673528927958 34.924999999999976 0 0 -1 -1 0 0 0 1 0 1.5874999999999952
1 11.906250000000009 -55.75300000000005 34.924999999999976 -0.91381154862025749 0.40613846605344672 4.9737617246296909e-17 
2 11.906250000000002 -71.628000000000043 34.924999999999976 1 -4.3709567898628202e-16 -0 4.3709567898628202e-16 1 0 0 -0 1 15.874999999999986
1 11.906249999999995 -87.503000000000029 34.924999999999976 -0.91381154862025793 -0.40613846605344589 0 
1 15.875000000000016 -49.403000000000056 34.924999999999976 1 -4.3709567898628202e-16 -0 
2 14.287500000000005 -71.628000000000043 34.924999999999976 1 -4.3709567898628202e-16 -0 4.3709567898628202e-16 1 0 0 -0 1 22.22499999999998
1 15.874999999999996 -93.853000000000009 34.924999999999976 1 -4.3709567898628202e-16 -0 
2 11.906250000000007 -71.628000000000043 34.924999999999976 1 -4.3709567898628202e-16 -0 4.3709567898628202e-16 1 0 0 -0 1 22.22499999999998
1 15.875000000000021 -43.053000000000047 34.924999999999976 1 -4.3709567898628202e-16 -0 
2 15.875000000000011 -71.628000000000043 34.924999999999976 1 -4.3709567898628202e-16 -0 4.3709567898628202e-16 1 0 0 -0 1 28.574999999999989
1 15.874999999999993 -100.20300000000002 34.924999999999983 1 -4.3709567898628202e-16 -0 
2 14.287500000000009 -71.628000000000043 34.924999999999976 1 -4.3709567898628202e-16 -0 4.3709567898628202e-16 1 0 0 -0 1 28.574999999999989
1 15.875000000000021 -43.053000000000033 34.924999999999976 1 -4.3709567898628202e-16 -0 
2 -14.28749999999998 -71.628000000000029 34.924999999999976 1 -4.3709567898628202e-16 -0 4.3709567898628202e-16 1 0 0 -0 1 28.575000000000003
1 15.874999999999993 -100.20300000000003 34.924999999999983 1 -4.3709567898628202e-16 -0 
2 -15.874999999999979 -71.628000000000029 34.924999999999976 1 -4.3709567898628202e-16 -0 4.3709567898628202e-16 1 0 0 -0 1 28.575000000000003
1 15.875000000000016 -49.403000000000041 34.924999999999976 1 -4.3709567898628202e-16 -0 
2 -11.906249999999986 -71.628000000000029 34.924999999999976 1 -4.3709567898628202e-16 -0 4.3709567898628202e-16 1 0 0 -0 1 22.224999999999994
1 15.874999999999996 -93.853000000000037 34.924999999999976 1 -4.3709567898628202e-16 -0 
2 -14.287499999999985 -71.628000000000029 34.924999999999976 1 -4.3709567898628202e-16 -0 4.3709567898628202e-16 1 0 0 -0 1 22.224999999999994
2 -18.10724481485984 -71.628000000000029 34.924999999999976 1 -4.3709567898628202e-16 -0 4.3709567898628202e-16 1 0 0 -0 1 13.119002304506758
1 -18.10724481485985 -84.747002304506779 34.924999999999976 0.91381154862025848 -0.40613846605344478 4.9737617246296675e-17 
2 -11.906249999999986 -71.628000000000029 34.924999999999976 1 -4.3709567898628202e-16 -0 4.3709567898628202e-16 1 0 0 -0 1 15.875
1 -18.107244814859836 -58.508997695493271 34.924999999999976 0.91381154862025882 0.406138466053444 0 
2 -19.049999999999997 -71.628000000000029 34.924999999999976 1 -4.3709567898628202e-16 -0 4.3709567898628202e-16 1 0 0 -0 1 11.66832647107209
2 -17.462499999999999 -83.296326471072106 34.924999999999976 5.3528782419168929e-32 1.2246467991473532e-16 1 6.5553852051890347e-48 -1 1.2246467991473532e-16 1 0 -5.3528782419168929e-32 1.5875000000000055
2 -17.462499999999991 -59.959673528927929 34.924999999999976 0 0 -1 -1 0 0 0 1 0 1.5875000000000055
1 15.875000000000011 -66.865500000000054 34.924999999999976 1 -4.3709567898628202e-16 -0 
2 19.050000000000008 -71.628000000000043 34.924999999999976 1 -4.3709567898628202e-16 -0 4.3709567898628202e-16 1 0 0 -0 1 4.7624999999999895
1 15.875000000000002 -76.390500000000031 34.924999999999976 1 -4.3709567898628202e-16 -0 
2 -19.049999999999997 -71.628000000000029 34.924999999999976 1 -4.3709567898628202e-16 -0 4.3709567898628202e-16 1 0 0 -0 1 4.7625000000000028
2 19.050000000000008 -71.628000000000043 34.924999999999976 1 -4.3709567898628202e-16 -0 4.3709567898628202e-16 1 0 0 -0 1 4.7624999999999895
2 -19.049999999999997 -71.628000000000029 34.924999999999976 1 -4.3709567898628202e-16 -0 4.3709567898628202e-16 1 0 0 -0 1 4.7625000000000028
2 -19.049999999999997 -71.628000000000029 34.924999999999976 1 -4.3709567898628202e-16 -0 4.3709567898628202e-16 1 0 0 -0 1 11.66832647107209
2 -18.10724481485984 -71.628000000000029 34.924999999999976 1 -4.3709567898628202e-16 -0 4.3709567898628202e-16 1 0 0 -0 1 13.119002304506758
2 -11.906249999999986 -71.628000000000029 34.924999999999976 1 -4.3709567898628202e-16 -0 4.3709567898628202e-16 1 0 0 -0 1 15.875
2 -11.906249999999986 -71.628000000000029 34.924999999999976 1 -4.3709567898628202e-16 -0 4.3709567898628202e-16 1 0 0 -0 1 22.224999999999994
2 -14.287499999999985 -71.628000000000029 34.924999999999976 1 -4.3709567898628202e-16 -0 4.3709567898628202e-16 1 0 0 -0 1 22.224999999999994
2 -14.28749999999998 -71.628000000000029 34.924999999999976 1 -4.3709567898628202e-16 -0 4.3709567898628202e-16 1 0 0 -0 1 28.575000000000003
2 -15.874999999999979 -71.628000000000029 34.924999999999976 1 -4.3709567898628202e-16 -0 4.3709567898628202e-16 1 0 0 -0 1 28.575000000000003
2 -15.874999999999979 -71.628000000000029 34.924999999999976 1 -4.3709567898628202e-16 -0 4.3709567898628202e-16 1 0 0 -0 1 32.54375000000001
2 15.875000000000011 -71.628000000000043 34.924999999999976 1 -4.3709567898628202e-16 -0 4.3709567898628202e-16 1 0 0 -0 1 32.543749999999996
2 15.875000000000011 -71.628000000000043 34.924999999999976 1 -4.3709567898628202e-16 -0 4.3709567898628202e-16 1 0 0 -0 1 28.574999999999989
2 14.287500000000009 -71.628000000000043 34.924999999999976 1 -4.3709567898628202e-16 -0 4.3709567898628202e-16 1 0 0 -0 1 28.574999999999989
2 14.287500000000005 -71.628000000000043 34.924999999999976 1 -4.3709567898628202e-16 -0 4.3709567898628202e-16 1 0 0 -0 1 22.22499999999998
2 11.906250000000007 -71.628000000000043 34.924999999999976 1 -4.3709567898628202e-16 -0 4.3709567898628202e-16 1 0 0 -0 1 22.22499999999998
2 11.906250000000002 -71.628000000000043 34.924999999999976 1 -4.3709567898628202e-16 -0 4.3709567898628202e-16 1 0 0 -0 1 15.874999999999986
2 18.10724481485985 -71.628000000000043 34.924999999999976 1 -4.3709567898628202e-16 -0 4.3709567898628202e-16 1 0 0 -0 1 13.119002304506729
2 19.050000000000004 -71.628000000000043 34.924999999999976 1 -4.3709567898628202e-16 -0 4.3709567898628202e-16 1 0 0 -0 1 11.668326471072076
2 0 -8.3819999999999997 22.953161111826358 -1 0 0 0 0 1 0 1 -0 4.3179999999999987
2 0 -4.0639999999999992 0 -0 1 -0 0 0 1 1 0 -0 22.953161111826358
2 2.8109515285911648e-15 -8.3819999999999997 -22.953161111826358 1 0 1.2246467991473532e-16 1.2246467991473532e-16 0 -1 -0 1 0 4.3179999999999987
2 0 -7.6321871688341894 0 -0 1 -0 0 0 1 1 0 -0 27.205560989333073
2 0 -12.699999999999999 0 -0 1 -0 0 0 1 1 0 -0 22.953161111826358
1 2.8109515285911648e-15 -2.032 -22.953161111826358 -0 1 -0 
2 0 -4.0639999999999992 0 -0 1 -0 0 0 1 1 0 -0 22.953161111826358
1 0 -2.032 22.953161111826358 -0 1 -0 
1 0 -13.052853097019202 -28.161370645879188 0 -0.98480775301220769 -0.17364817766693189 
2 0 -12.699999999999999 0 0 -1 0 0 0 1 -1 0 0 28.099153124648165
1 3.4487732421078182e-15 -13.052853097019202 28.161370645879188 2.1265768495757904e-17 -0.98480775301220769 0.17364817766693189 
2 0 -7.2793340718149837 0 -0 1 -0 0 0 1 1 0 -0 29.206690343453882
1 3.6938409079282035e-15 -12.699999999999998 30.162499999999998 2.1265768495757845e-17 -0.98480775301220791 0.17364817766693141 
2 0 -12.699999999999998 0 -0 1 -0 0 0 1 1 0 -0 30.162499999999998
1 0 -12.699999999999998 -30.162499999999998 0 -0.98480775301220791 -0.17364817766693141 
2 2.8109515285911648e-15 -8.3819999999999997 -22.953161111826358 1 0 1.2246467991473532e-16 1.2246467991473532e-16 0 -1 -0 1 0 6.3500000000000014
2 0 -2.0319999999999983 0 -0 1 -0 0 0 1 1 0 -0 22.953161111826358
2 0 -8.3819999999999997 22.953161111826358 -1 0 0 0 0 1 0 1 -0 6.3500000000000014
2 0 -12.699999999999998 0 -0 1 -0 0 0 1 1 0 -0 30.162499999999998
2 0 -12.699999999999999 0 0 -1 0 0 0 1 -1 0 0 28.099153124648165
2 0 -2.0319999999999983 0 -0 1 -0 0 0 1 1 0 -0 22.953161111826358
2 0 -7.2793340718149837 0 -0 1 -0 0 0 1 1 0 -0 29.206690343453882
2 0 -7.6321871688341894 0 -0 1 -0 0 0 1 1 0 -0 27.205560989333073
2 0 -12.699999999999999 0 -0 1 -0 0 0 1 1 0 -0 22.953161111826358
1 -31.75 -60.491995839086869 25.320624999999975 1 -0 -0 
2 22.224999999999994 -60.491995839086869 28.495624999999976 1 0 -0 0 -0 -1 -0 1 -0 3.1750000000000007
1 -31.75 -60.491995839086869 31.670624999999976 1 -0 -0 
2 19.843749999999986 -60.491995839086869 28.495624999999976 1 0 0 0 0 -1 -0 1 0 3.1750000000000007
1 -31.75 -60.491995839086869 25.320624999999975 1 -0 -0 
2 -19.843749999999986 -60.491995839086869 28.495624999999976 -1 0 0 0 0 1 0 1 -0 3.1749999999999972
1 -31.75 -60.491995839086869 31.670624999999976 1 -0 -0 
2 -22.224999999999994 -60.491995839086869 28.495624999999976 1 0 -0 0 -0 -1 -0 1 -0 3.1750000000000007
2 19.049999999999983 -17.462499999999995 25.233272996077229 0.79809758189096114 3.4884500445393941e-15 -0.60252821492424802 -0.60252821492424802 0 -0.79809758189096114 -2.7841235450943053e-15 1 2.1018895781887343e-15 3.174999999999998
2 0 -20.637499999999996 0 -0 -1 0 -1.7763568394002505e-15 0 1 -1 0 -1.7763568394002505e-15 31.61677665567063
2 0 -17.462499999999995 31.61677665567063 -1 0 0 0 0 1 0 1 -0 3.1749999999999972
2 0 -17.991666666666667 0 0 1 -0 0 -0 -1 -1 0 -0 28.486184437113735
2 0 -19.843750000000007 0 0 -1 -0 0 0 1 -1 -0 0 26.193750000000009
2 0 -19.843750000000007 29.368750000000009 -1 -0 0 0 0 1 -0 1 0 3.1750000000000007
2 0 -23.018750000000008 0 -0 1 0 0 0 1 1 0 -0 29.368750000000009
2 -19.049999999999997 -19.843750000000007 22.352202946521867 0.76108799136912042 0 0.64864864864864835 0.64864864864864835 0 -0.76108799136912042 -0 1 0 3.1750000000000012
2 0 -23.018750000000004 0 0 -1 -0 0 0 1 -1 -0 0 41.396935273036803
1 0 -81.562857303809835 41.396935273036803 -0 1 -0 
2 0 -20.637499999999996 0 -0 -1 0 0 0 1 -1 0 0 41.396935273036803
7 0 0  3 14 7  -19.049999999999972 -20.637499999999996 36.753282166358964  -19.390483571956398 -20.637499999999996 36.576802362013566  -19.719718022741663 -20.688167484269435 36.400151669988539  -20.196725634906638 -20.843412525590271 36.136291193922375  -20.354199501946717 -20.909221586342927 36.047788990794963  -20.656520200630926 -21.066337034939274 35.875405247757875  -20.800518344135799 -21.156891266140224 35.792037906617445  -21.074898842046402 -21.361200352100539 35.631168654577998  -21.205475798196236 -21.474594544449285 35.553546378479375  -21.451580794689793 -21.727674716070489 35.405600479634096  -21.56529096608952 -21.865961786841591 35.336364243857822  -21.869503827277505 -22.309152093830516 35.149505004416255  -22.028184798085459 -22.650597175744203 35.049649908363861  -22.123189341617689 -23.018750000000004 34.989580496984132 
 3.1798006553922508e-17 4 0.0011293445850243378 2 0.0016940168775365001 2 0.0022586891700486621 2 0.0028233614625608246 2 0.0033880337550729867 2 0.0045173783400972983 4
1 -28.575000000000017 -71.628000000000029 30.162499999999977 1 -0 -0 
2 22.224999999999998 -71.628000000000029 34.924999999999976 1 0 -0 0 -0 -1 -0 1 -0 4.7624999999999993
1 -28.575000000000017 -71.628000000000029 39.687499999999972 1 -0 -0 
2 19.843749999999982 -71.628000000000029 34.924999999999976 1 0 0 0 0 -1 -0 1 0 4.7624999999999993
1 -28.575000000000017 -71.628000000000029 30.162499999999977 1 -0 -0 
2 -19.843749999999986 -71.628000000000029 34.924999999999976 -1 0 0 0 0 1 0 1 -0 4.7624999999999957
1 -28.575000000000017 -71.628000000000029 39.687499999999972 1 -0 -0 
2 -22.224999999999994 -71.628000000000029 34.924999999999976 1 0 -0 0 -0 -1 -0 1 -0 4.7624999999999993
2 0 -19.049999999999997 22.225000000000001 -1 0 0 0 0 1 0 1 -0 3.9687500000000031
2 0 -15.081249999999994 0 -0 1 -0 0 0 1 1 0 -0 22.225000000000001
2 2.7217775111049925e-15 -19.049999999999997 -22.225000000000001 1 0 1.2246467991473532e-16 1.2246467991473532e-16 0 -1 -0 1 0 3.9687500000000031
2 0 -19.049999999999997 0 -0 1 -0 0 0 1 1 0 -0 26.193750000000005
7 0 0  3 10 5  -19.843749999999986 -23.812499999999996 -17.09789826265208  -19.843749999999989 -23.679993786130311 -17.09789826265208  -19.809664568961526 -23.554504139707916 -17.137569567363958  -19.703288599017927 -23.346811125689527 -17.259765913673878  -19.633815244713919 -23.265736900944692 -17.338940302651036  -19.482051246781634 -23.139356741396472 -17.509289851396925  -19.400190683578945 -23.094352565536369 -17.600039058820119  -19.228053075054905 -23.033612103730153 -17.787938283401164  -19.140014678778897 -23.018750000000011 -17.882661365265704  -19.049999999999997 -23.018750000000008 -17.978043248988488 
 0 4 0.00039016434466393089 2 0.00078032868932786177 2 0.0011704930339917928 2 0.0015606573786557235 4
1 -19.843749999999986 0 -17.09789826265208 -0 1 -0 
7 0 0  3 28 14  -20.530236486486473 -71.912485317047413 16.267204088946567  -21.142514438509238 -71.380774148195144 15.494470736505859  -21.703260771568441 -70.816010357662435 14.697041431606371  -22.721097299263196 -69.62390432128727 13.068522964683901  -23.17220124219693 -69.003993591171238 12.247523266745135  -23.971648511435411 -67.716475000273121 10.59777355025728  -24.3199402238644 -67.048861066097899 9.7690053426131431  -24.7721375414148 -66.011242747568886 8.5234292039758373  -24.911139623615778 -65.659333184376294 8.1078257358391852  -25.166591099399533 -64.943328589017668 7.2762908095842622  -25.283155580374565 -64.578663492437997 6.8597446494847958  -25.807445627131798 -62.740531056502668 4.7950504049592624  -26.045878706453038 -61.212071204656461 3.1883336970060605  -26.240205700515862 -58.040407214824668 0.069815108270503454  -26.195376750212233 -56.39719190631552 -1.4420301870158101  -25.950683059408895 -53.845664701729703 -3.635348206628878  -25.839656257802297 -52.98483057014024 -4.3503767511996996  -25.566982310463114 -51.254869766873561 -5.7396018098145438  -25.405144227438516 -50.383808869820008 -6.4154679585180894  -24.851493990307059 -47.752010751913062 -8.389514803439484  -24.391951477650817 -45.972647909250483 -9.6342857816054259  -23.323690671540017 -42.362739037040221 -11.991339077352185  -22.714814081287827 -40.53220156488721 -13.103572719064646  -21.70455593668979 -37.747072593996428 -14.676963414678173  -21.350965124117391 -36.810640603044391 -15.186332260877563  -20.617091122132429 -34.934689225462961 -16.168610111284647  -20.236688962056075 -33.994703157500311 -16.64185492863993  -19.843749999999986 -33.052604727675032 -17.09789826265208 
 0.11359907063364565 4 0.11692077257577108 2 0.12024247451789649 2 0.12356417646002192 2 0.12522502743108463 2 0.12688587840214732 2 0.13352928228639818 2 0.14017268617064904 2 0.14349438811277446 2 0.14681609005489987 2 0.15345949393915073 2 0.16010289782340159 2 0.16342459976552703 2 0.16674630170765248 4
1 -20.530236486486476 0 16.267204088946563 0 -1 0 
7 0 0  3 14 7  -16.99054054054054 -19.843750000000007 19.935748573924908  -17.444474662719916 -19.843750000000007 19.548876414245328  -17.87332219504971 -19.938064371855134 19.156711673516483  -18.68704594198833 -20.295003593400462 18.363811216420096  -19.052918202235016 -20.549095094868413 17.981494713717247  -19.542448379769269 -21.051014229368697 17.443167047903145  -19.696623503944291 -21.241054738908939 17.268465805664441  -19.971730870202297 -21.657173454390978 16.949538482971789  -20.09464483656695 -21.885322756118356 16.803107086671723  -20.302404101453511 -22.384807847483994 16.55148170331611  -20.384967700063555 -22.650007367513521 16.449136902086373  -20.500078479184392 -23.218924063665465 16.305452931565416  -20.530236486486473 -23.512645308718014 16.267204088946563  -20.530236486486476 -23.812499999999996 16.267204088946563 
 0 4 0.0017661665942880706 2 0.0035323331885761412 2 0.004415416485720176 2 0.0052984997828642117 2 0.0061815830800082475 2 0.0070646663771522823 4
1 0 0 26.193750000000009 -0 1 -0 
1 3.2078092095165992e-15 0 -26.193750000000009 -0 1 -0 
2 0 -23.018750000000008 0 0 -1 -0 1.7763568394002505e-15 0 1 -1 -0 1.7763568394002505e-15 26.193750000000009
2 0 -19.049999999999997 0 -0 1 -0 0 0 1 1 0 -0 28.574999999999992
2 2.7217775111049925e-15 -19.049999999999997 -22.225000000000001 1 0 1.2246467991473532e-16 1.2246467991473532e-16 0 -1 -0 1 0 6.3499999999999943
2 0 -12.699999999999999 0 -0 1 -0 0 0 1 1 0 -0 22.225000000000001
2 0 -19.049999999999997 22.225000000000001 -1 0 0 0 0 1 0 1 -0 6.3499999999999943
7 0 0  3 8 4  17.163729858897167 -17.99166666666666 22.734754916560323  17.507162562604723 -17.991666666666667 22.475478483945103  17.845223234388886 -18.013650093471991 22.212846960115755  18.510086277551327 -18.101642000356648 21.680238555336501  18.837849316644437 -18.167959317539957 21.409452420065872  19.79422039660593 -18.434446910400432 20.587909760248298  20.389269878240057 -18.700067598272931 20.03565482371544  20.925125030681453 -19.049999999999997 19.459439032262679 
 0 4 0.0012845941408122347 2 0.0025691882816244694 2 0.0051383765632489389 4
2 0 -12.699999999999999 0 -0 1 -0 0 0 1 1 0 -0 22.225000000000001
2 0 -19.049999999999997 0 -0 1 -0 0 0 1 1 0 -0 28.574999999999992
7 0 0  3 8 4  -20.925123054413184 -19.049999999999997 19.45944115738337  -20.657226933370971 -18.875034029580828 19.74751517005776  -20.37394080353906 -18.720907536924635 20.029748121449913  -19.781460372683217 -18.455735446488088 20.58829781422725  -19.470995826789618 -18.344375514402902 20.865694597086645  -18.515213228984955 -18.078689019120539 21.686449460937705  -17.850531942991271 -17.991666666666728 22.216249857624309  -17.163729858897145 -17.99166666666666 22.734754916560341 
 0 4 0.0012843827518096897 2 0.0025687655036193795 2 0.0051375310072387598 4
2 0 -17.991666666666667 0 0 1 -0 0 -0 -1 -1 0 -0 28.486184437113735
7 0 0  3 28 14  -19.843749999999986 -25.021798545566476 -20.561036232094445  -21.682572670715899 -29.687734743282963 -18.786362185508136  -23.387776309864762 -34.219155401891435 -16.66796866741981  -25.527878538601211 -40.85881982850681 -12.920050352959699  -26.171672420288871 -43.045448589600944 -11.575050092407736  -26.858852049863287 -45.749039117677938 -9.7613096647348474  -26.990366143851002 -46.288273451179379 -9.3919108998963683  -27.240578076297311 -47.363871575527916 -8.6393727202778159  -27.359364424294679 -47.900736332177011 -8.255847462639391  -27.693058524635656 -49.498048657293019 -7.0906974735936208  -27.886009099679452 -50.547873415792182 -6.2927103485672822  -28.365767523409485 -53.65259589885639 -3.8343429634518049  -28.554715411351129 -55.662792658157699 -2.1097590002842614  -28.57816242504521 -58.10147150503672 0.15818280292822254  -28.572117971705243 -58.585499930862618 0.61739765224438325  -28.536871482418462 -59.546139060145187 1.5472786581514155  -28.50756869436379 -60.023740094026991 2.0189539064163702  -28.382831089108745 -61.436939284381182 3.4429079754673619  -28.250962896435833 -62.352295006862079 4.4032722952106687  -27.693926791374121 -65.018932816972566 7.3128236543939114  -27.109962546546484 -66.691025226194242 9.2909352227735962  -26.03450869895245 -68.648994207778628 11.79115301416606  -25.801420408691886 -69.03451857326462 12.293338277826882  -25.303926017035238 -69.783029271369216 13.28724159649223  -25.038967056470543 -70.147159228919534 13.780386413135604  -24.19378591949798 -71.209877164102238 15.246787585681686  -23.563430133945491 -71.878839096728896 16.207093154739358  -22.859999999999992 -72.509656807267575 17.145000000000017 
 0.0022554448420242334 4 0.018083803087485594 2 0.025997982210216274 2 0.027976526990898948 2 0.029955071771581618 2 0.033912161332946986 2 0.041826340455677694 2 0.043804885236360371 2 0.045783430017043041 2 0.049740519578408394 2 0.057654698701139095 2 0.059633243481821779 2 0.061611788262504456 2 0.065568877823869817 4
1 -22.859999999999996 0 17.14500000000001 -0 1 -0 
7 0 0  3 10 5  -22.859999999999996 -23.812500000000004 17.145000000000007  -22.859999999999996 -23.31831733667628 17.14500000000001  -22.807767203120882 -22.83717882159613 17.21517703254586  -22.61226219008039 -21.905767387912206 17.471180947512131  -22.473531850000686 -21.474125505600909 17.650742802292807  -22.124855554264073 -20.664508063583547 18.085881841608852  -21.919543055293307 -20.296567029315511 18.335465020635304  -21.459141587971008 -19.62582403314936 18.872225294946304  -21.200726106085064 -19.319999180271751 19.163079729336008  -20.925123054413184 -19.049999999999997 19.45944115738337 
 0 4 0.0014623619861772719 2 0.0029247239723545438 2 0.0043870859585318153 2 0.0058494479447090877 4
7 0 0  3 16 8  20.925125030681453 -19.049999999999997 19.459439032262679  21.063690641736031 -19.185732380808943 19.310436651903114  21.198052401743418 -19.33052697719371 19.162720840382175  21.452975437785778 -19.633928726854283 18.876894355249142  21.574164583789248 -19.793087442933714 18.738120442285361  21.803836115793629 -20.127615689677665 18.470367236025172  21.912322025806962 -20.302978115145052 18.341381891424032  22.116027526737948 -20.671876647342756 18.095233424476508  22.211796097386166 -20.866478539911984 17.977379431022317  22.386134814603871 -21.27105979159786 17.759814896028153  22.464401642831263 -21.48046150522535 17.660516587925198  22.60225050983146 -21.915019379178599 17.483748431433249  22.662133721156259 -22.14160911262384 17.40588285341525  22.808217665590369 -22.839030012121995 17.214574718202435  22.859999999999992 -23.317697243451395 17.145  22.859999999999992 -23.812499999999996 17.145000000000007 
 0.005407454621917716 4 0.0061381580901280989 2 0.0068688615583384818 2 0.0075995650265488646 2 0.0083302684947592475 2 0.0090609719629696304 2 0.0097916754311800115 2 0.011253082367600781 4
1 22.859999999999996 0 17.14500000000001 0 -1 0 
7 0 0  3 28 14  22.86000000000001 -72.509656807267561 17.144999999999989  23.211618305096213 -72.194334725513457 16.676175593205059  23.545909675450638 -71.868594690391006 16.200430154536971  24.180930266320104 -71.19570348274668 15.236351633244611  24.482222891883037 -70.847828543470115 14.74702292475887  25.333125900086255 -69.776004033234585 13.268630246381894  25.825522461689335 -69.030088148277542 12.277632492987825  26.678875629767223 -67.47524335353404 10.292495576074007  27.039750931039723 -66.666306995178118 9.2983293091507271  27.642878018324037 -64.984387656540363 7.3128895259078357  27.885331664504733 -64.108049205972819 6.3182348538796633  28.441201053956988 -61.430536449927438 3.3990384583346276  28.591342114965276 -59.56836311025674 1.523157075130674  28.564760799117309 -56.660130493402036 -1.1826335408057083  28.513457636060608 -55.671531772328585 -2.066552770660846  28.334865267101065 -53.655789983956076 -3.7978042356839774  28.20692123295639 -52.625363664945155 -4.6475993306499364  27.726567328266576 -49.514602856694765 -7.1111130713098385  27.278702013943683 -47.406805898719618 -8.6470959301486481  26.191978765519742 -43.119551382681919 -11.527363095577934  25.552622848488735 -40.94013890824899 -12.871509556788094  24.482778907050022 -37.614241410808752 -14.752782073744775  24.107585877064832 -36.496138740057098 -15.357324720644494  23.32464934404706 -34.240341723581103 -16.522222985198432  22.91629364257097 -33.101037566475526 -17.083304250331587  21.654599026645318 -29.667893391276319 -18.694107619326314  20.764386940214933 -27.357876565874641 -19.672516360033054  19.843749999999982 -25.021798545566476 -20.561036232094445 
 0.1200347952184961 4 0.12200840142886275 2 0.12398200763922941 2 0.12792922005996274 2 0.13187643248069605 2 0.13582364490142937 2 0.14371806974289597 2 0.14766528216362926 2 0.15161249458436254 2 0.15950691942582912 2 0.16740134426729572 2 0.17134855668802901 2 0.17529576910876229 2 0.18319019395022887 4
1 19.843749999999986 0 -20.561036232094448 -0 1 -0 
7 0 0  3 8 4  19.843749999999986 -23.812499999999996 -20.561036232094448  19.843749999999989 -23.687407449004493 -20.561036232094452  19.813352807292034 -23.566865070551057 -20.590446108421055  19.713322544829996 -23.361892378575021 -20.686235391040011  19.64553650498177 -23.27807277779339 -20.750772454205794  19.415869684009987 -23.079610564117658 -20.966611015439025  19.234967202357716 -23.018750000000011 -21.133107790453575  19.049999999999997 -23.018750000000008 -21.298547485685503 
 0 4 0.00036884619378469899 2 0.00073769238756939799 2 0.0014753847751387838 4
2 0 -23.018750000000008 0 -0 1 0 0 0 1 1 0 -0 28.575000000000003
7 0 0  3 10 5  -19.049999999999997 -23.018750000000008 -21.298547485685503  -19.142482066065792 -23.018750000000008 -21.215829011116412  -19.232760424308477 -23.034415673872115 -21.133997231534849  -19.408893067747698 -23.098348505440235 -20.972357578634409  -19.492405798598995 -23.145829611517936 -20.894680600864792  -19.64481887085233 -23.277371222610103 -20.75144941349436  -19.713061422125133 -23.361462099184429 -20.686484790375477  -19.813334065788784 -23.566722170468758 -20.590464706081018  -19.843749999999989 -23.687434782740301 -20.561036232094448  -19.843749999999986 -23.812499999999996 -20.561036232094448 
 0 4 0.00036851579356813214 2 0.00073703158713626427 2 0.0011055473807043965 2 0.0014740631742725285 4
1 -19.843749999999986 0 -20.561036232094448 0 -1 0 
2 0 -19.049999999999997 0 -0 1 -0 0 0 1 1 0 -0 26.193750000000005
2 0 -19.843750000000007 0 0 -1 -0 -1.7763568394002505e-15 -0 1 -1 0 -1.7763568394002505e-15 26.193750000000009
7 0 0  3 18 9  20.530236486486476 -23.812499999999996 16.267204088946563  20.530236486486483 -23.512690286758133 16.267204088946563  20.500355818363502 -23.221564675247137 16.305100011681194  20.4147329136938 -22.796494661915023 16.411986568573411  20.379332270396095 -22.657403761714313 16.455988378586618  20.297671083520733 -22.390657932002881 16.55660852616235  20.251209834157017 -22.261944093029438 16.613477516368945  20.09609463950471 -21.888384150972247 16.801366098873451  19.972613410311439 -21.658840225746957 16.948485099228822  19.698951105726081 -21.244247395060981 17.265797373152139  19.546786692559689 -21.05586025391662 17.438333071113533  19.05335133630722 -20.548754266819035 17.98114309163406  18.687362507447876 -20.295517551654218 18.363403389796645  18.080126896843275 -20.028593159208494 18.955248378119755  17.868927768407048 -19.9600405862465 19.154605772568079  17.43825099451869 -19.867958541902716 19.54750378302084  17.217392423976339 -19.843750000000007 19.742410655967049  16.99054054054054 -19.843750000000007 19.935748573924908 
 0 4 0.00088521089772018117 2 0.0013278163465802705 2 0.00177042179544036 2 0.0026556326931605301 2 0.0035408435908807004 2 0.0053112653863210523 2 0.0061964762840412335 2 0.0070816871817614147 4
1 20.530236486486476 0 16.267204088946563 -0 1 -0 
7 0 0  3 26 13  19.843749999999982 -33.052604727675032 -17.09789826265208  20.62381118806417 -34.92285555899376 -16.192562474424765  21.352946319709339 -36.78046421474837 -15.221630329606723  22.693870859240146 -40.471809991221193 -13.139047600481657  23.30577199682077 -42.30553790435345 -12.027467654634883  24.116543192447313 -45.040355359847879 -10.243607537458146  24.369042816407994 -45.95041101786331 -9.6286690139385893  24.829466165763545 -47.748145937896702 -8.3701328956660426  25.038047659768683 -48.637873912526096 -7.7252553047180257  25.593249333190684 -51.279846974058842 -5.7429584645302105  25.869958879674545 -53.004888347760478 -4.3580065348106487  26.113089621489138 -55.53866440884704 -2.1800695092880953  26.165339615939587 -56.374289557508177 -1.4373090781890971  26.204655025772393 -58.027704038609144 0.083123907298333896  26.191392808551416 -58.846944287134832 0.86240981963823393  26.042702894419417 -61.243839339962172 3.220441050676929  25.800235269103911 -62.771543098458473 4.8289825826002302  25.174046341916359 -64.958273723993543 7.2866040274578596  24.921339617508227 -65.669689761249884 8.1132551983801342  24.467273323126129 -66.710378782028172 9.3627698887467474  24.302890591754156 -67.053764990378852 9.7819873013080105  23.950098652323657 -67.726263769445865 10.616522086902489  23.761782856494044 -68.055400202913688 11.031819369205781  22.758688760115337 -69.666094047332948 13.096862593996503  21.761541408035981 -70.84320203338882 14.71321969874869  20.530236486486487 -71.912485317047413 16.267204088946556 
 0.011765053623471952 4 0.018421877702638256 2 0.02507870178180456 2 0.028407113821387709 2 0.031735525860970865 2 0.038392349940137176 2 0.041720761979720342 2 0.045049174019303501 2 0.051705998098469839 2 0.055034410138053026 2 0.05669861615784464 2 0.058362822177636248 2 0.065019646256802732 4
1 19.843749999999986 0 -17.09789826265208 0 -1 0 
7 0 0  3 10 5  19.049999999999997 -23.018750000000008 -17.978043248988488  19.140061302584453 -23.018750000000011 -17.882611961474456  19.227658887742134 -23.033635549852342 -17.788355153458092  19.398061611656285 -23.093441152207401 -17.602376290697652  19.481583880866307 -23.139097587607797 -17.509808370287587  19.633049130547796 -23.264969939997158 -17.339806270801283  19.70292275367504 -23.34641511083866 -17.260182928621965  19.809129583439052 -23.553144025095232 -17.138187328690826  19.843749999999989 -23.679991525113561 -17.09789826265208  19.843749999999986 -23.812499999999996 -17.09789826265208 
 0 4 0.00038804709161201266 2 0.00077609418322402532 2 0.0011641412748360381 2 0.0015521883664480506 4
2 0 -23.018750000000008 0 0 -1 -0 0 0 1 -1 -0 0 26.193750000000009
2 0 -15.081249999999994 0 -0 1 -0 0 0 1 1 0 -0 22.225000000000001
2 -22.224999999999994 -60.491995839086869 28.495624999999976 1 0 -0 0 -0 -1 -0 1 -0 3.1750000000000007
2 -22.224999999999994 -71.628000000000029 34.924999999999976 1 0 -0 0 -0 -1 -0 1 -0 4.7624999999999993
1 -22.224999999999994 -23.812500000000004 17.960512242138318 0 0 1 
1 -22.224999999999994 -73.052379318286128 19.050000000000008 0 -1 0 
2 -22.224999999999994 10.573353763902809 73.024999999999977 -1 -0 0 -0 0 -1 0 -1 -0 100.12672493180433
2 -22.224999999999994 -71.628000000000029 34.924999999999976 -1 -0 0 -0 1.4569855966209171e-15 -1 0 -1 -1.4569855966209171e-15 9.5250000000001513
2 -22.224999999999994 -23.018750000000026 154.19710291666672 1 0 -0 0 -0 -1 -0 1 -0 119.27210291666674
2 22.224999999999994 -60.491995839086869 28.495624999999976 1 0 -0 0 -0 -1 -0 1 -0 3.1750000000000007
2 22.224999999999998 -71.628000000000029 34.924999999999976 1 0 -0 0 -0 -1 -0 1 -0 4.7624999999999993
2 22.224999999999998 10.573353763902809 73.024999999999977 -1 -0 0 -0 0 -1 0 -1 -0 100.12672493180433
1 22.224999999999994 -2.6924754616047998e-15 19.050000000000008 0 1 0 
1 22.224999999999994 -23.812500000000004 17.960512242138318 0 0 1 
2 22.224999999999998 -23.018750000000026 154.19710291666672 1 0 -0 0 -0 -1 -0 1 -0 119.27210291666674
2 22.224999999999998 -71.628000000000029 34.924999999999976 -1 -0 0 -0 1.4569855966209171e-15 -1 0 -1 -1.4569855966209171e-15 9.5250000000001513
7 0 0  3 12 6  22.224999999999994 -23.812500000000004 19.050000000000008  22.225000000000669 -23.739931792211099 19.050001897654436  22.222369817470423 -23.666222079225641 19.057100975299686  22.212435959839066 -23.523876892826209 19.083666230494803  22.205102938161161 -23.453757415875977 19.10320574162035  22.176883253062439 -23.247991538662077 19.177827320140889  22.150520486426377 -23.12115288753683 19.246875883831439  22.088147706129952 -22.884512654916787 19.408143606419245  22.052800542912749 -22.777060157235439 19.498681891061882  21.97644232188399 -22.576807366934524 19.693090811918456  21.935079280112053 -22.483517700960359 19.797866569215877  21.892210355890619 -22.397415093406632 19.906555002124541 
 -5.999999992929826e-08 4 0.00021764462343100232 2 0.00043534924686193397 2 0.00087075849372379233 2 0.0013061677405856508 2 0.0017415769874475093 4
7 0 0  3 6 3  21.892210355890619 -22.397415093406632 19.906555002124541  21.785122626075644 -22.182328455672284 20.167541234323419  21.669501319386828 -22.006218240928867 20.44916913146487  21.423026300843627 -21.692860849213513 21.026342805479434  21.291307157357206 -21.555761072895841 21.323843516876089  21.150501566712435 -21.431627169010355 21.621598924736297 
 -5.9999999998488769e-08 4 0.0010641743318253545 2 0.0021284086636507078 4
7 0 0  3 12 6  21.150501566712435 -21.431627169010355 21.621598924736297  21.07894682149719 -21.368544660570755 21.772912606561874  21.00337237736964 -21.307441029792059 21.922685364583469  20.849747256364356 -21.193985300587077 22.223656149716938  20.770925855319589 -21.140973574533547 22.374231178386513  20.528778141224013 -20.993385991702674 22.826504207327574  20.359837224285517 -20.910252481876917 23.128785604739171  20.007361490930933 -20.77560016568744 23.735455214295378  19.82436917642066 -20.724341305364611 24.038832677067028  19.447074169399389 -20.655409927415633 24.639680436832876  19.251112893100029 -20.637499999999989 24.939684136191016  19.049999999999997 -20.637499999999996 25.233272996077229 
 0 4 0.00053379943091345276 2 0.0010675988618269055 2 0.002135197723653815 2 0.0032027965854807242 2 0.0042703954473076334 4
1 19.049999999999997 -20.637499999999996 21.2985474856855 0 0 1 
7 0 0  3 16 8  22.123486144225456 -23.018750000000004 34.989392833061039  22.076024401259392 -22.834883872750023 35.019402476780805  22.013819837398003 -22.659938362080752 35.058608189672015  21.861909893679449 -22.326514502600041 35.153537060031333  21.771568541890442 -22.166806244212356 35.209648683013732  21.567736828855022 -21.868603362298906 35.334873499656617  21.455355226742697 -21.73183351774826 35.403307985746288  21.211547535135193 -21.480279434717083 35.549918922608285  21.079178879599869 -21.364671898862039 35.628641517690625  20.802987690093211 -21.158330574257445 35.790607452236785  20.658893807491744 -21.067590700328363 35.874033133677088  20.358501453615695 -20.910920224771544 36.045354280246848  20.200913696139963 -20.844642549394127 36.133956868451925  19.720434052253392 -20.687805847386581 36.399790429491297  19.39010396021984 -20.637499999999996 36.576999122769493  19.049999999999997 -20.637499999999996 36.75328216635895 
 0 4 0.00056764549801623001 2 0.00113529099603246 2 0.0017029364940486901 2 0.00227058199206492 2 0.0028382274900811502 2 0.0034058729880973803 2 0.0045411639841298392 4
1 22.123486144225456 -23.018750000000008 18.085604845512066 0 0 1 
7 0 0  3 4 2  22.224999999999998 -23.812500000000004 34.927641212920257  22.224999999999998 -23.543592106579002 34.925851604437469  22.190683066422945 -23.279069935082241 34.924999999999983  22.123486144225456 -23.018750000000008 34.924999999999983 
 6.9388939039072284e-18 4 0.00080021940829992839 4
2 0 -20.637499999999996 0 -0 -1 0 0 0 1 -1 0 0 31.61677665567063
1 -19.049999999999972 -20.637499999999996 21.298547485685518 0 0 1 
2 0 -20.637499999999996 0 -0 -1 0 -1.7763568394002505e-15 0 1 -1 0 -1.7763568394002505e-15 41.396935273036803
7 0 0  3 14 7  -19.049999999999972 -20.637499999999996 25.233272996077233  -19.15035361658882 -20.637499999999989 25.086415376251729  -19.250095514503563 -20.642011877752427 24.937059582856271  -19.444918828815545 -20.6595890972931 24.639175835644153  -19.540640983234358 -20.672656324122368 24.48971025125698  -19.823158959065172 -20.724297658702675 24.039955570366288  -20.005370506687186 -20.775263545639195 23.738342720179276  -20.358246690760041 -20.909832605983297 23.131959914228229  -20.528280332060078 -20.993360491017334 22.828206409416214  -20.770939725046357 -21.141125068077358 22.375162494299026  -20.849859909564788 -21.194167472392142 22.224373721380605  -21.003529480387588 -21.307593530506217 21.923043541249839  -21.079133521396464 -21.368703893200625 21.773197749530425  -21.15036222037477 -21.431506250421922 21.621601285981519 
 -5.9999999999619042e-08 4 0.00053355229349237978 2 0.0010671645869847592 2 0.0021343891739695237 2 0.0032016137609542882 2 0.0037352260544466736 2 0.00426883834793906 4
7 0 0  3 8 4  -21.15036222037477 -21.431506250421922 21.621601285981519  -21.289862336808021 -21.554503529191791 21.324702358733447  -21.421951344148333 -21.69194924991741 21.027586602717186  -21.60708774987836 -21.92715342275363 20.595584014947395  -21.666726047789965 -22.010534383932583 20.453720057672157  -21.781873726542496 -22.190799971930325 20.176420317606446  -21.837956655158152 -22.288744232515736 20.039580432147584  -21.890637536445801 -22.394260462215517 19.910462909459707 
 0.0044150995273041123 4 0.0054643326983969303 2 0.0059889492839433423 2 0.0065135658694897534 4
7 0 0  3 8 4  -21.890637536445801 -22.394260462215517 19.910462909459707  -21.976963280558241 -22.567165068633106 19.690017569406525  -22.055488244192851 -22.762971883502235 19.491516871576216  -22.149073487858168 -23.116175540348394 19.250403970954956  -22.176017005324447 -23.244893925425004 19.180099231554998  -22.21392429628213 -23.517705169916553 19.080021365468596  -22.225000000000666 -23.665918721425673 19.050003900511815  -22.224999999999994 -23.812500000000004 19.050000000000001 
 -5.9999999994702095e-08 4 0.00087942767171509209 2 0.0013191715075726283 2 0.0017589153434301647 4
7 0 0  3 4 2  -22.123189341617692 -23.018750000000008 34.924999999999983  -22.19036749224589 -23.279072558921939 34.924999999999983  -22.224999999999994 -23.543566764464714 34.925851435783223  -22.224999999999994 -23.812500000000004 34.927641212920257 
 1.7690777709386487e-17 4 0.00080025711409889642 4
1 -22.123189341617689 -23.018750000000004 18.085959256549412 -0 -0 -1 
2 19.843749999999986 -60.491995839086869 28.495624999999976 1 0 0 0 0 -1 -0 1 0 3.1750000000000007
2 19.843749999999982 -71.628000000000029 34.924999999999976 1 0 0 0 0 -1 -0 1 0 4.7624999999999993
1 19.843749999999986 -23.812499999999996 -28.575000000000017 -0 -0 1 
1 19.843749999999986 -23.812499999999996 18.238986402758275 0 -1 -0 
2 19.843749999999982 10.573353763902809 73.024999999999977 -1 -0 -0 0 0 -1 0 -1 0 100.12672493180433
2 19.843749999999982 -71.628000000000029 34.924999999999976 -1 -0 -0 0 1.4569855966209171e-15 -1 0 -1 -1.4569855966209171e-15 9.5250000000001513
2 19.843749999999982 -23.018750000000026 154.19710291666672 1 0 0 0 0 -1 -0 1 0 119.27210291666674
7 0 0  3 8 4  19.843749999999986 -23.812499999999996 34.927641212920257  19.843749999999986 -23.70758831970284 34.926943015367883  19.823089654638732 -23.604640042192603 34.926400260191315  19.743357037171418 -23.412338288720676 34.925610649780538  19.68434840764105 -23.324264907391917 34.925368808279714  19.464508593802304 -23.104579757396987 34.92494096308031  19.257136892056739 -23.018750000000015 34.92499999999999  19.050000000000001 -23.018750000000008 34.924999999999983 
 0 4 0.00031027480810460074 2 0.00062054961620920147 2 0.0012410992324184101 4
7 0 0  3 16 8  19.049999999999997 -23.018750000000008 22.352202946521867  19.133130495858321 -23.018750000000015 21.997956890799749  19.21171085897716 -23.031461696597418 21.643178696225657  19.361216048014807 -23.078118760621464 20.932721273148239  19.4320166309871 -23.111957007535501 20.577583943774538  19.566552115410524 -23.204329709121897 19.869215300077101  19.630459467631304 -23.261627293778695 19.514920096659448  19.720600901442264 -23.384805937771631 18.991626119745561  19.749883510303999 -23.43174651378062 18.817400361861349  19.791320135747434 -23.526709360674097 18.565355640095252  19.804732868492621 -23.561921150374719 18.482796018315767  19.823464036930066 -23.632540154155162 18.366338602021809  19.829495158017405 -23.659157113750734 18.328623859926697  19.839529112435567 -23.724349431354351 18.265634298642581  19.843750000000043 -23.766004816147269 18.238986402758023  19.843749999999986 -23.812499999999996 18.238986402758275 
 0 4 0.0010907949924302115 2 0.0021815899848604231 2 0.0032723849772906344 2 0.0038177824735057455 2 0.0040904812216132945 2 0.0042268305956670617 2 0.004363179969720828 4
1 19.049999999999997 -23.018750000000008 -28.575000000000017 -0 -0 1 
1 -19.049999999999997 -23.018750000000008 -28.575000000000017 -0 -0 1 
2 0 -23.018750000000008 0 -0 1 0 0 0 1 1 0 -0 29.368750000000009
1 -28.575000000000017 -23.018750000000008 34.924999999999983 1 -0 -0 
2 0 -23.018750000000004 0 0 -1 -0 -1.7763568394002505e-15 -0 1 -1 0 -1.7763568394002505e-15 41.396935273036803
1 -28.575000000000017 -23.018750000000008 34.924999999999983 1 -0 -0 
7 0 0  3 10 5  -19.049999999999997 -23.018750000000008 34.924999999999983  -19.153521567442443 -23.018750000000008 34.924999999999983  -19.257536464778276 -23.039337768919875 34.924995145369074  -19.449684921542698 -23.118883979947935 34.92503540188634  -19.537142137312667 -23.1771193547515 34.925082135888736  -19.685319945748056 -23.325278702398354 34.925370883726636  -19.743549304317007 -23.412666307913284 34.925611701422788  -19.823201319111782 -23.605045573751458 34.926402221710418  -19.843749999999986 -23.708916106328168 34.926951851918496  -19.843749999999986 -23.812499999999996 34.927641212920257 
 0.0012410992324184136 4 0.0015512335996377084 2 0.0018613679668570029 2 0.0021715023340762975 2 0.0024816367012955925 4
7 0 0  3 16 8  -19.843749999999986 -23.812499999999996 18.238986402758275  -19.843749999999989 -23.765648241811142 18.238986402758275  -19.83947960980834 -23.723833428182722 18.265946987015965  -19.82932645286807 -23.658259619032417 18.329680959680616  -19.823262552775759 -23.631688507188517 18.367595571449236  -19.804531323700527 -23.561349885762148 18.484040312096798  -19.791049778220344 -23.525989668951908 18.567017092711893  -19.749309076701145 -23.430634314013396 18.820859832913332  -19.720055862756684 -23.383967701613638 18.994837087432455  -19.630006180017578 -23.261197176189825 19.517456572313325  -19.566382641305498 -23.204187203322842 19.870137947803077  -19.431839905526822 -23.111861878435015 20.578484059820415  -19.36096492432171 -23.078024042644678 20.933939858870282  -19.211659239143454 -23.031461968601416 21.643398714277922  -19.133138795782848 -23.018750000000015 21.99792152212434  -19.049999999999997 -23.018750000000008 22.352202946521867 
 0 4 0.00013823084885679403 2 0.00027646169771358806 2 0.00055292339542718284 2 0.0011058467908543629 2 0.0022116935817087214 2 0.0033175403725630792 2 0.0044233871634174375 4
1 -19.843749999999986 -23.812499999999996 -28.575000000000017 -0 -0 1 
2 -19.843749999999986 -60.491995839086869 28.495624999999976 -1 0 0 0 0 1 0 1 -0 3.1749999999999972
2 -19.843749999999986 -71.628000000000029 34.924999999999976 -1 0 0 0 0 1 0 1 -0 4.7624999999999957
2 -19.843749999999986 10.573353763902809 73.024999999999977 1 -0 -0 0 -6.2197752727839196e-15 1 -0 -1 -6.2197752727839196e-15 100.12672493180433
1 -19.843749999999986 -109.72799999999999 18.238986402758275 0 1 -0 
2 -19.843749999999986 -23.018750000000026 154.19710291666672 -1 0 0 0 0 1 0 1 -0 119.27210291666674
2 -19.843749999999986 -71.628000000000029 34.924999999999976 1 -0 -0 0 -5.8279423864836684e-15 1 -0 -1 -5.8279423864836684e-15 9.5250000000001513
2 -19.843749999999986 10.573353763902809 73.024999999999977 1 -0 -0 0 0 1 0 -1 0 100.12672493180433
1 -19.843749999999986 -23.812499999999996 -28.575000000000017 -0 -0 1 
1 -19.049999999999997 -23.018750000000008 -28.575000000000017 -0 -0 1 
1 19.049999999999997 -23.018750000000008 -28.575000000000017 -0 -0 1 
1 19.843749999999986 -23.812499999999996 -28.575000000000017 -0 -0 1 
2 19.843749999999982 10.573353763902809 73.024999999999977 -1 -0 -0 0 8.8358924488016677e-16 -1 0 -1 -8.8358924488016677e-16 100.12672493180433
1 -28.575000000000017 -68.033174528269029 43.745592657400827 1 -0 -0 
7 0 0  3 8 4  19.843749999999982 -73.235081131947922 18.238986402758268  19.843749999999979 -73.004705135390438 17.886570695877456  19.90082605084638 -72.777790431232219 17.54429958500139  20.071294431718215 -72.443010055997163 17.045678267835655  20.14323476350193 -72.331628168026285 16.880885497788682  20.31515865222266 -72.116543866792298 16.56458508657531  20.415051518432293 -72.012513635552068 16.412574775938044  20.530236486486487 -71.912485317047413 16.267204088946556 
 0 4 0.001242742354040128 2 0.0018641135310601921 2 0.0024854847080802559 4
7 0 0  3 8 4  22.86000000000001 -72.509656807267561 17.144999999999989  22.646803011227682 -72.700846279911786 17.42926265169643  22.491616852644917 -72.902734033483583 17.732591620515493  22.332777311693238 -73.218068693262552 18.212636236229383  22.292332629822258 -73.325991730274538 18.377946003997277  22.238507886963884 -73.542652226837205 18.712034504096817  22.224999999999991 -73.651108795202134 18.880364847656566  22.224999999999998 -73.75967903208533 19.049999999999997 
 2.9845311177454601e-17 4 0.0011870208702352886 2 0.0017805313053529301 2 0.0023740417404705715 4
1 -28.575000000000017 -80.269865209415485 30.919529902458653 1 -0 -0 
1 -28.575000000000017 -68.033174528269029 43.745592657400827 1 -0 -0 
1 -28.575000000000017 -80.269865209415485 30.919529902458653 1 -0 -0 
7 0 0  3 8 4  -20.530236486486473 -71.912485317047413 16.267204088946567  -20.299536645675961 -72.112828448146871 16.558361823449513  -20.131936930483082 -72.325946322524118 16.871397729418415  -19.960099365837408 -72.660407161313685 17.369433547790205  -19.916339598919436 -72.775206396632086 17.541473145795603  -19.85833270286302 -73.004802615639818 17.887934343472313  -19.843749999999982 -73.119832637495364 18.062686005814292  -19.843749999999986 -73.235081131947922 18.238986402758268 
 3.4694469519536142e-18 4 0.0012415862578457756 2 0.0018623793867686728 2 0.0024831725156915698 4
7 0 0  3 8 4  -22.224999999999994 -73.75967903208533 19.049999999999997  -22.224999999999991 -73.542646760902684 18.710898756027245  -22.277954978604207 -73.328834540317033 18.381329361700669  -22.435484771682834 -73.013241784565665 17.900787401908559  -22.501810153781769 -72.908248022702679 17.741935667406583  -22.66104381407709 -72.704086845751334 17.434866663547531  -22.75354561345322 -72.60512231145573 17.286939182062373  -22.859999999999992 -72.509656807267575 17.145000000000017 
 0 4 0.0011878400308639782 2 0.0017817600462959576 2 0.0023756800617279372 4
2 -23.018749999999986 -23.812499999999996 18.238986402758268 -0 1 0 0 0 1 1 0 -0 3.1750000000000007
2 19.049999999999997 -19.843750000000007 22.352202946521867 0.76108799136912042 0 -0.64864864864864835 -0.64864864864864835 0 -0.76108799136912042 0 1 0 3.1750000000000012
2 23.018749999999986 -23.812499999999996 18.238986402758275 -0 -1 0 -0 0 -1 1 -0 -0 3.1750000000000007
2 25.399999999999995 -23.812499999999996 19.050000000000008 -0 -1 0 -0 0 -1 1 -0 -0 3.1750000000000007
2 23.250138922979364 -19.049999999999969 21.621598924736297 0.58385483891953271 -0.5147251620168749 -0.62783081690607423 -0.73228784009383441 -8.3266726846886741e-17 -0.68099524172398374 0.35052538612909834 0.85735524001822139 -0.37692697713528633 3.1749999999999989
2 -19.049999999999972 -17.462499999999995 25.233272996077233 0.79809758189095859 0 0.60252821492425124 0.60252821492425124 0 -0.79809758189095859 -0 1 0 3.1749999999999989
2 -23.250136727125792 -19.050000000000036 21.621601285981519 0.58383692658760189 0.51476912745088876 0.62781142756101038 0.73228777093310504 8.3266726846886741e-17 -0.6809953160938953 -0.35055536466379672 0.8573288432237951 -0.3769591368861907 3.1750000000000007
2 -25.399999999999995 -23.812499999999975 19.050000000000001 6.5564351847942301e-15 1 -5.8279423864837939e-15 -1 6.5564351847942301e-15 0 3.8210526517696e-29 5.8279423864837939e-15 1 3.1750000000000007
2 17.399000000000001 15.493999999999996 14.350999999999997 -1 -0 -0 0 0 -1 0 -1 0 5.3340000000000014
2 16.890999999999998 15.493999999999996 9.0169999999999977 0 -1 0 0 0 -1 1 0 0 0.50799999999999967
2 16.890999999999998 15.493999999999996 14.350999999999997 1 0 0 0 0 -1 -0 1 0 4.8260000000000041
2 16.890999999999998 10.159999999999991 14.351000000000001 0 0 -1 -1 0 0 0 1 0 0.50800000000000145
2 -16.890999999999998 15.493999999999996 14.350999999999997 -1 -0 -0 0 0 -1 0 -1 0 4.8260000000000041
2 -16.890999999999998 15.493999999999996 9.0169999999999977 0 -1 0 0 0 -1 1 0 0 0.50799999999999967
2 -17.399000000000001 15.493999999999996 14.350999999999997 1 0 0 0 0 -1 -0 1 0 5.3340000000000014
2 -16.890999999999998 10.159999999999991 14.351000000000001 0 0 -1 -1 0 0 0 1 0 0.50800000000000145
1 17.399000000000001 20.319999999999997 -14.350999999999997 -1 -0 -0 
2 -16.890999999999998 15.493999999999996 -14.350999999999997 -1 -0 -0 0 0 -1 0 -1 0 4.8260000000000041
1 17.399000000000001 15.493999999999996 -9.524999999999995 -1 -0 -0 
2 16.890999999999998 15.493999999999996 -14.350999999999997 1 0 0 0 0 -1 -0 1 0 4.8260000000000041
1 15.811500000000004 10.667999999999987 17.399000000000004 -0 1 3.2521999924574597e-16 
1 17.399000000000001 10.159999999999989 17.399000000000004 -1 0 0 
1 -15.811500000000004 0 17.399000000000001 0 -1 -3.2521999924574597e-16 
1 17.399000000000001 0 17.399000000000001 -1 -0 -0 
1 -17.399000000000001 0 17.399000000000001 0 0 -1 
2 -15.811500000000004 0 -15.811500000000004 0 -1 -0 0 0 1 -1 -0 0 1.5875000000000004
1 17.399000000000001 0 -17.399000000000001 -1 -0 -0 
2 15.811500000000004 0 -15.811500000000004 0 -1 -0 0 0 1 -1 -0 0 1.5875000000000004
1 17.399000000000001 0 17.399000000000001 0 0 -1 
2 15.811500000000004 0 15.811500000000004 0 -1 -0 0 0 1 -1 -0 0 1.5874999999999986
2 -15.811500000000004 0 15.811500000000004 0 -1 -0 0 0 1 -1 -0 0 1.5874999999999986
1 -15.811500000000004 10.667999999999989 -17.398999999999997 -0 1 3.2521999924574597e-16 
1 17.399000000000001 10.159999999999989 -17.398999999999997 1 -0 -0 
1 15.811500000000004 5.1628674880262121e-16 -17.399000000000001 -0 -1 -3.2521999924574597e-16 
1 17.399000000000001 10.667999999999992 -14.350999999999997 -1 -0 -0 
1 16.890999999999998 10.667999999999989 -15.811499999999997 -0 -1.1382699973601094e-15 -1 
2 15.811500000000004 10.667999999999989 -15.811500000000004 -0 1 -1.1382699973601094e-15 0 -1.1382699973601094e-15 -1 -1 -0 0 1.0795000000000006
1 17.399000000000001 10.667999999999989 -16.890999999999998 -1 0 0 
2 -15.811500000000004 10.667999999999989 -15.811499999999997 -0 1 -1.1382699973601094e-15 0 -1.1382699973601094e-15 -1 -1 -0 0 1.0795000000000006
1 -16.890999999999998 10.667999999999992 -14.350999999999997 -0 1.1382699973601094e-15 1 
2 -16.890999999999998 15.493999999999996 -14.350999999999997 -1 -0 -0 0 7.1890736675375283e-16 -1 0 -1 -7.1890736675375283e-16 4.8260000000000041
2 16.890999999999998 15.493999999999996 -14.350999999999997 1 0 0 0 0 -1 -0 1 0 4.8260000000000041
1 -16.890999999999998 20.32 -17.398999999999997 0 1.1382699973601102e-15 -1 
2 -15.811500000000004 20.319999999999997 -15.811499999999997 0 -1 -1.1382699973601102e-15 0 -1.1382699973601102e-15 1 -1 -0 0 1.0795000000000006
1 17.399000000000001 20.32 -16.890999999999998 1 -0 -0 
2 15.811500000000004 20.319999999999997 -15.811499999999997 0 -1 -1.1382699973601102e-15 0 -1.1382699973601102e-15 1 -1 -0 0 1.0795000000000006
1 16.890999999999998 20.319999999999997 -14.351000000000001 -0 -1.1382699973601102e-15 1 
1 15.811500000000004 20.32 -17.398999999999997 -0 -1 1.0840666641524852e-16 
1 17.399000000000001 20.828000000000007 -17.398999999999997 -1 0 0 
1 -15.811500000000004 52.323999999999998 -17.399000000000001 0 1 -1.0840666641524852e-16 
1 17.399000000000001 50.736500000000007 -17.399000000000001 1 0 0 
1 -15.875 52.323999999999998 0.76200000000001389 0 0 1 
1 -1.9857401693189431 52.323999999999998 0.76200000000001678 -1 0 -2.107632733059268e-16 
1 -15.875 52.323999999999998 13.262333847612965 0.74329414624716639 0 -0.66896473162244963 
1 -14.735926497347757 52.323999999999998 14.287499999999982 1 0 0 
1 -0.76200000000000012 52.323999999999998 1.7109661523870037 -0.74329414624716639 0 0.66896473162244963 
1 -0.76200000000000012 52.323999999999998 14.287499999999982 0 0 -1 
1 1.9857401693189398 52.323999999999998 0.76200000000001333 0.74329414624716639 0 0.66896473162244963 
1 15.875 52.323999999999998 0.76200000000001389 -1 0 -3.9030235797393845e-17 
1 15.875 52.323999999999998 13.262333847612965 0 0 -1 
1 -15.875 52.323999999999998 -13.262333847612993 -0.74329414624716639 -0 -0.66896473162244963 
1 -1.9857401693188799 52.323999999999998 -0.76199999999998813 1 -0 -1.4831489603009594e-16 
1 -15.875 52.323999999999998 -0.76199999999998613 -0 -0 1 
1 0.76200000000002432 52.323999999999998 -14.287499999999982 -1.6552002295666449e-15 0 1 
1 14.735926497347752 52.323999999999998 -14.287500000000005 -1 0 1.6138202238274821e-15 
1 0.76200000000000356 52.323999999999998 -1.7109661523870023 0.74329414624716561 0 -0.66896473162245051 
1 0.76200000000000012 52.323999999999998 1.7109661523870037 -0.74329414624716617 -0 -0.66896473162244974 
1 14.73592649734775 52.323999999999998 14.287499999999982 1 -0 -0 
1 0.76200000000000012 52.323999999999998 14.287499999999982 -0 -0 1 
1 -14.735926497347757 52.323999999999998 -14.28750000000001 0.74329414624716561 0 0.6689647316224504 
1 -0.76199999999997237 52.323999999999998 -14.287499999999982 -1 0 -1.9862402754799699e-15 
1 -0.76199999999997237 52.323999999999998 -14.287499999999982 2.206933639422194e-15 -0 -1 
1 15.875 52.323999999999998 -0.76199999999998613 0 0 -1 
1 1.9857401693188816 52.323999999999998 -0.76199999999998647 1 0 2.3418141478436207e-17 
1 15.875 52.323999999999998 -13.262333847612993 -0.74329414624716628 0 0.66896473162244974 
1 17.399000000000001 52.323999999999998 17.399000000000001 -0 -0 1 
1 17.399000000000001 52.323999999999998 -15.811500000000017 -1 0 0 
1 -17.399000000000001 52.323999999999998 17.399000000000001 -0 -0 1 
1 17.399000000000001 52.323999999999998 15.811499999999995 1 0 0 
1 -15.811500000000004 20.319999999999997 17.399000000000004 0 -1 1.0840666641524852e-16 
1 17.399000000000001 20.827999999999996 17.399000000000004 1 -0 -0 
1 15.811500000000004 50.736500000000007 17.399000000000001 -0 1 -1.0840666641524852e-16 
1 17.399000000000001 50.736500000000007 17.399000000000001 -1 0 0 
1 17.399000000000001 20.319999999999997 14.350999999999997 -1 -0 -0 
1 16.890999999999998 20.319999999999997 15.811500000000006 -0 -0 1 
2 15.811500000000004 20.319999999999997 15.811500000000006 0 -1 -0 0 0 1 -1 -0 0 1.0795000000000006
1 17.399000000000001 20.319999999999997 16.891000000000002 -1 0 0 
2 -15.811500000000004 20.319999999999997 15.811500000000006 0 -1 -0 0 0 1 -1 -0 0 1.0795000000000006
1 -16.890999999999998 20.319999999999997 17.399000000000004 0 0 -1 
2 16.890999999999998 15.493999999999996 14.350999999999997 1 0 0 0 0 -1 -0 1 0 4.8260000000000041
1 17.399000000000001 10.667999999999994 14.351000000000001 -1 -0 -0 
2 -16.890999999999998 15.493999999999996 14.350999999999997 -1 -0 -0 0 0 -1 0 -1 0 4.8260000000000041
1 -16.890999999999998 10.667999999999992 14.350999999999997 0 -1.7074049960401604e-15 1 
2 -15.811500000000004 10.667999999999989 15.811500000000006 -0 1 1.7074049960401604e-15 0 1.7074049960401604e-15 -1 -1 0 -0 1.0795000000000006
1 17.399000000000001 10.667999999999987 16.891000000000002 1 -0 -0 
2 15.811500000000004 10.667999999999989 15.811500000000004 -0 1 1.7074049960401604e-15 0 1.7074049960401604e-15 -1 -1 0 -0 1.0795000000000006
1 16.890999999999998 10.667999999999992 14.350999999999997 -0 1.7074049960401604e-15 -1 
1 17.399000000000001 10.667999999999987 -15.811499999999997 -0 1 3.2521999924574597e-16 
1 17.399000000000001 10.159999999999991 -14.350999999999997 -0 1.1382699973601094e-15 1 
2 17.399000000000001 15.493999999999996 -14.350999999999997 -1 -0 -0 0 9.7565999773723647e-16 -1 0 -1 -9.7565999773723647e-16 5.3340000000000014
1 17.399000000000001 20.827999999999996 -15.811499999999997 0 1.1382699973601102e-15 -1 
1 17.399000000000001 50.736500000000007 -15.811500000000004 0 1 -1.0840666641524852e-16 
1 17.399000000000001 20.319999999999997 15.811500000000006 0 -1 1.0840666641524852e-16 
1 17.399000000000001 20.827999999999996 14.350999999999997 0 0 -1 
2 17.399000000000001 15.493999999999996 14.350999999999997 -1 -0 -0 0 0 -1 0 -1 0 5.3340000000000014
1 17.399000000000001 10.159999999999989 15.811500000000006 0 -1.7074049960401604e-15 1 
1 17.399000000000001 0 15.811500000000004 0 -1 -3.2521999924574597e-16 
2 -17.399000000000001 15.493999999999996 -14.350999999999997 1 0 0 0 0 -1 -0 1 0 5.3340000000000014
1 -17.399000000000001 10.160000000000023 14.351000000000003 0 -1.1382699973601094e-15 -1 
1 -17.399000000000001 15.494000000000005 -15.811499999999997 0 -1 -3.2521999924574597e-16 
1 -17.399000000000001 15.493999999999996 15.811500000000006 -0 1 3.2521999924574597e-16 
1 -17.399000000000001 10.159999999999991 14.35099999999999 -0 1.7074049960401604e-15 -1 
2 -17.399000000000001 15.493999999999996 14.350999999999997 1 0 0 0 0 -1 -0 1 0 5.3340000000000014
1 -17.399000000000001 20.827999999999996 14.350999999999997 -0 -0 1 
1 -17.399000000000001 15.493999999999996 15.811500000000006 -0 1 -1.0840666641524852e-16 
1 -17.399000000000001 15.493999999999991 -15.811499999999997 -0 -1 1.0840666641524852e-16 
1 -17.399000000000001 20.827999999999964 14.351000000000003 -0 -1.1382699973601102e-15 1 
7 1 0  3 4 2  -15.811500000000004 50.736500000000007 -17.399000000000001  1 -16.741435969732709 50.736500000000007 -17.399000000000001  0.80473785412436705 -17.398999999999994 51.39406403026728 -16.74143596973272  0.80473785412436705 -17.399000000000001 52.323999999999998 -15.811500000000017  1
 3.1415926535897931 4 4.7123889803846808 4
7 1 0  3 4 2  17.399000000000001 52.323999999999998 -15.811500000000017  1 17.398999999999994 51.39406403026728 -16.74143596973272  0.80473785412436705 16.741435969732709 50.736500000000007 -17.399000000000001  0.80473785412436705 15.811500000000004 50.736500000000007 -17.399000000000001  1
 4.7123889803846986 4 6.2831853071795862 4
7 1 0  3 4 2  -17.399000000000001 52.323999999999998 15.811499999999995  1 -17.399000000000004 51.394064030267273 16.741435969732706  0.80473785412436405 -16.74143596973272 50.736499999999992 17.399000000000004  0.80473785412436405 -15.811500000000004 50.736500000000007 17.399000000000001  1
 4.7123889803846852 4 6.2831853071795862 4
7 1 0  3 4 2  15.811500000000004 50.736500000000007 17.399000000000001  1 16.74143596973272 50.736499999999992 17.399000000000004  0.80473785412436405 17.399000000000004 51.394064030267273 16.741435969732706  0.80473785412436405 17.399000000000001 52.323999999999998 15.811499999999995  1
 3.1415926535897931 4 4.7123889803846941 4
2 -15.811500000000004 20.828000000000007 -15.811499999999997 -0 1 1.1382699973601102e-15 0 -1.1382699973601102e-15 1 1 0 0 1.5875000000000004
2 -15.811500000000004 10.159999999999989 -15.811499999999997 0 -1 1.1382699973601094e-15 0 -1.1382699973601094e-15 -1 1 0 0 1.5874999999999986
2 -15.811500000000004 10.159999999999989 15.811500000000006 0 -1 -1.7074049960401604e-15 0 1.7074049960401604e-15 -1 1 0 0 1.5875000000000004
2 -15.811500000000004 20.827999999999996 15.811500000000006 -0 1 0 0 0 1 1 0 -0 1.5874999999999986
2 15.811500000000004 20.827999999999996 -15.811499999999997 -0 1 1.1382699973601102e-15 0 -1.1382699973601102e-15 1 1 0 0 1.5875000000000004
2 15.811500000000004 10.159999999999989 -15.811500000000004 0 -1 1.1382699973601094e-15 0 -1.1382699973601094e-15 -1 1 0 0 1.5874999999999986
2 15.811500000000004 10.159999999999989 15.811500000000004 0 -1 -1.7074049960401604e-15 0 1.7074049960401604e-15 -1 1 0 0 1.5875000000000004
2 15.811500000000004 20.827999999999996 15.811500000000006 -0 1 0 0 0 1 1 0 -0 1.5874999999999986
1 15.875 44.704000000000001 -0.76199999999998613 -0 1 -0 
1 1.9857401693188816 44.704000000000001 -0.76199999999998647 1 0 2.3418141478436207e-17 
1 1.9857401693188816 44.704000000000001 -0.76199999999998647 -0 1 -0 
1 15.875 44.704000000000001 -13.262333847612993 -0.74329414624716628 0 0.66896473162244974 
1 15.875 44.704000000000001 -13.262333847612993 -0 1 -0 
1 15.875 44.704000000000001 -0.76199999999998613 0 0 -1 
1 -14.735926497347757 44.704000000000001 -14.28750000000001 -0 1 -0 
1 -0.76199999999997237 44.704000000000001 -14.287499999999982 -1 0 -1.9862402754799699e-15 
1 -0.76199999999997237 44.704000000000001 -14.287499999999982 -0 1 -0 
1 -0.76199999999997237 44.704000000000001 -14.287499999999982 2.206933639422194e-15 -0 -1 
1 -0.76200000000000012 44.704000000000001 -1.7109661523870048 -0 1 -0 
1 -14.735926497347757 44.704000000000001 -14.28750000000001 0.74329414624716561 0 0.6689647316224504 
1 14.73592649734775 44.704000000000001 14.287499999999982 -0 1 -0 
1 14.73592649734775 44.704000000000001 14.287499999999982 1 -0 -0 
1 0.76200000000000012 44.704000000000001 14.287499999999982 -0 1 -0 
1 0.76200000000000012 44.704000000000001 14.287499999999982 -0 -0 1 
1 0.76200000000000012 44.704000000000001 1.7109661523870037 -0 1 -0 
1 0.76200000000000012 44.704000000000001 1.7109661523870037 -0.74329414624716617 -0 -0.66896473162244974 
1 0.76200000000002432 44.704000000000001 -14.287499999999982 -0 1 -0 
1 14.735926497347752 44.704000000000001 -14.287500000000005 -1 0 1.6138202238274821e-15 
1 14.735926497347752 44.704000000000001 -14.287500000000005 -0 1 -0 
1 0.76200000000000356 44.704000000000001 -1.7109661523870023 0.74329414624716561 0 -0.66896473162245051 
1 0.76200000000000356 44.704000000000001 -1.7109661523870023 -0 1 -0 
1 0.76200000000002432 44.704000000000001 -14.287499999999982 -1.6552002295666449e-15 0 1 
1 -1.9857401693188799 44.704000000000001 -0.76199999999998813 -0 1 -0 
1 -1.9857401693188799 44.704000000000001 -0.76199999999998813 1 -0 -1.4831489603009594e-16 
1 -15.875 44.704000000000001 -0.76199999999998613 -0 1 -0 
1 -15.875 44.704000000000001 -0.76199999999998613 -0 -0 1 
1 -15.875 44.704000000000001 -13.262333847612993 -0 1 -0 
1 -15.875 44.704000000000001 -13.262333847612993 -0.74329414624716639 -0 -0.66896473162244963 
1 1.9857401693189398 44.704000000000001 0.76200000000001333 -0 1 -0 
1 15.875 44.704000000000001 0.76200000000001389 -1 0 -3.9030235797393845e-17 
1 15.875 44.704000000000001 0.76200000000001389 -0 1 -0 
1 15.875 44.704000000000001 13.262333847612965 0 0 -1 
1 15.875 44.704000000000001 13.262333847612965 -0 1 -0 
1 1.9857401693189398 44.704000000000001 0.76200000000001333 0.74329414624716639 0 0.66896473162244963 
1 -14.735926497347757 44.704000000000001 14.287499999999982 -0 1 -0 
1 -0.76200000000000012 44.704000000000001 1.7109661523870037 -0.74329414624716639 0 0.66896473162244963 
1 -0.76200000000000012 44.704000000000001 1.7109661523870037 -0 1 -0 
1 -0.76200000000000012 44.704000000000001 14.287499999999982 0 0 -1 
1 -0.76200000000000012 44.704000000000001 14.287499999999982 -0 1 -0 
1 -14.735926497347757 44.704000000000001 14.287499999999982 1 0 0 
1 -15.875 44.704000000000001 0.76200000000001389 -0 1 -0 
1 -1.9857401693189431 44.704000000000001 0.76200000000001678 -1 0 -2.107632733059268e-16 
1 -1.9857401693189431 44.704000000000001 0.76200000000001678 -0 1 -0 
1 -15.875 44.704000000000001 13.262333847612965 0.74329414624716639 0 -0.66896473162244963 
1 -15.875 44.704000000000001 13.262333847612965 -0 1 -0 
1 -15.875 44.704000000000001 0.76200000000001389 0 0 1 
2 -16.890999999999998 20.827999999999996 -15.811499999999997 -0 -0 -1 -1 0 0 0 1 -0 0.50800000000000145
2 -16.890999999999998 20.827999999999996 -14.350999999999997 0 0 1 1 0 -0 -0 1 0 0.50800000000000145
2 -16.890999999999998 10.159999999999991 -14.350999999999997 0 0 -1 -1 0 0 0 1 0 0.50800000000000145
2 -15.811500000000004 20.828000000000003 -16.890999999999998 1 0 0 0 0 -1 -0 1 0 0.50800000000000145
2 -16.890999999999998 10.159999999999989 -15.811500000000004 0 0 -1 -1 0 0 0 1 0 0.50800000000000145
2 15.811500000000004 20.828000000000003 -16.890999999999998 1 0 0 0 0 -1 -0 1 0 0.50800000000000145
2 -15.811500000000004 10.159999999999989 -16.890999999999998 1 0 0 0 0 -1 -0 1 0 0.50800000000000145
2 16.891000000000002 20.827999999999996 -15.811499999999997 -0 0 1 1 0 0 0 1 -0 0.50800000000000145
2 15.811500000000004 10.159999999999989 -16.890999999999998 1 -0 0 0 0 -1 0 1 0 0.50800000000000145
2 16.890999999999998 20.827999999999996 -14.350999999999997 -0 0 1 1 0 0 0 1 -0 0.50800000000000145
2 16.890999999999998 10.159999999999989 -15.811499999999997 0 0 1 1 0 -0 -0 1 0 0.50800000000000145
2 16.890999999999998 10.159999999999991 -14.350999999999997 0 0 -1 -1 0 0 0 1 0 0.50800000000000145
2 -16.890999999999998 10.159999999999989 15.811500000000004 0 -0 1 1 0 0 -0 1 0 0.50800000000000145
2 -16.890999999999998 20.827999999999996 14.350999999999997 0 0 1 1 0 -0 -0 1 0 0.50800000000000145
2 -15.811500000000004 10.159999999999986 16.891000000000005 1 0 0 0 0 -1 -0 1 0 0.50800000000000145
2 -16.890999999999998 20.827999999999996 15.811500000000006 0 0 1 1 0 -0 -0 1 0 0.50800000000000145
2 15.811500000000004 10.159999999999986 16.891000000000002 1 0 0 0 0 -1 -0 1 0 0.50800000000000145
2 -15.811500000000004 20.827999999999996 16.891000000000002 1 0 -0 0 -0 -1 -0 1 -0 0.50800000000000145
2 16.891000000000002 10.159999999999989 15.811500000000006 0 0 -1 -1 0 0 0 1 0 0.50800000000000145
2 15.811500000000004 20.827999999999996 16.891000000000002 1 0 -0 0 -0 -1 -0 1 -0 0.50800000000000145
2 16.890999999999998 20.827999999999996 15.811500000000006 0 0 -1 -1 0 0 0 1 0 0.50800000000000145
2 16.890999999999998 20.827999999999996 14.350999999999997 -0 0 1 1 0 0 0 1 -0 0.50800000000000145
Polygon3D 0
PolygonOnTriangulations 0
Surfaces 242
3 -31.75 -71.628000000000029 34.924999999999976 1 0 0 0 0 1 0 -1 0 3.1749999999999972
0.78539816339745006
1 -31.75 -71.628000000000029 34.924999999999976 -1 0 0 0 0 1 0 1 -0 
3 -31.75 -71.628000000000029 34.924999999999976 1 0 0 0 0 1 0 -1 0 3.1749999999999972
0.78539816339745006
2 -31.75 -71.628000000000029 34.924999999999976 1 -0 -0 0 0 -1 0 1 0 4.7624999999999957
2 -31.75 -71.628000000000029 34.924999999999976 1 -0 -0 0 0 -1 0 1 0 4.7624999999999957
1 22.224999999999994 -63.379108028953247 34.924999999999976 1 0 -0 -0 0 -1 0 1 0 
1 28.574999999999992 -67.503554014476634 27.781249999999986 0 -0.86602540378443837 0.50000000000000067 0 -0.50000000000000067 -0.86602540378443837 1 0 0 
3 28.574999999999992 -71.628000000000029 34.924999999999976 -1 0 0 0 0 -1 -0 -1 -0 7.1437499999999865
1.0471975511966001
1 28.574999999999992 -75.752445985523408 27.781249999999993 -0 8.4119102641450864e-16 1 0 -1 8.4119102641450864e-16 1 0 0 
1 28.574999999999992 -63.379108028953247 34.924999999999976 0 -0.86602540378443882 -0.49999999999999961 0 0.49999999999999961 -0.86602540378443882 1 0 0 
3 28.574999999999992 -71.628000000000029 34.924999999999976 -1 0 0 0 0 -1 -0 -1 -0 7.1437499999999865
1.0471975511966001
1 28.574999999999992 -67.50355401447662 42.068749999999959 0 -8.4119102641450864e-16 -1 0 1 -8.4119102641450864e-16 1 0 0 
3 28.574999999999992 -71.628000000000029 34.924999999999976 -1 0 0 0 0 -1 -0 -1 -0 7.1437499999999865
1.0471975511966001
1 28.574999999999992 -75.75244598552338 42.068749999999966 0 0.86602540378443815 -0.500000000000001 0 0.500000000000001 0.86602540378443815 1 -0 0 
3 28.574999999999992 -71.628000000000029 34.924999999999976 -1 0 0 0 0 -1 -0 -1 -0 7.1437499999999865
1.0471975511966001
1 28.574999999999992 -79.876891971046774 34.924999999999983 -0 0.86602540378443915 0.49999999999999922 0 -0.49999999999999922 0.86602540378443915 1 0 0 
3 28.574999999999992 -71.628000000000029 34.924999999999976 -1 0 0 0 0 -1 -0 -1 -0 7.1437499999999865
1.0471975511966001
3 28.574999999999992 -71.628000000000029 34.924999999999976 -1 0 0 0 0 -1 -0 -1 -0 7.1437499999999865
1.0471975511966001
1 28.574999999999992 -63.379108028953247 34.924999999999976 1 0 -0 -0 0 -1 0 1 0 
3 -28.574999999999992 -71.628000000000029 34.924999999999976 1 0 0 0 0 -1 -0 1 0 6.9804189782850807
1.047197551196585
5 -28.574999999999992 -71.628000000000029 34.924999999999976 -1 -0 -0 -0 0 1 0 1 -0 6.1866689782850841 0.79374999999999929
3 -28.574999999999992 -71.628000000000029 34.924999999999976 1 0 0 0 0 -1 -0 1 0 6.9804189782850807
1.047197551196585
1 -29.368749999999991 -67.503554014476634 42.068749999999973 -0 0 1 1 0 0 0 1 -0 
1 -29.368749999999991 -63.379108028953247 34.924999999999976 -0 0.8660254037844386 0.50000000000000011 0 -0.50000000000000011 0.8660254037844386 1 0 0 
1 -29.368749999999991 -67.503554014476634 27.781249999999964 0 0.86602540378443893 -0.49999999999999956 0 0.49999999999999956 0.86602540378443893 1 -0 0 
1 -29.368749999999991 -75.752445985523408 27.781249999999964 0 0 -1 -1 0 -0 0 1 0 
5 -28.574999999999992 -71.628000000000029 34.924999999999976 -1 -0 -0 -0 0 1 0 1 -0 6.1866689782850841 0.79374999999999929
1 -29.368749999999991 -63.379108028953247 34.924999999999976 1 0 -0 -0 0 -1 0 1 0 
3 -22.957353223830726 -71.628000000000029 34.924999999999976 -1 -0 -0 -0 0 1 0 1 -0 8.2488919710467794
1.0471975511966001
1 -22.224999999999994 -63.379108028953247 34.924999999999976 1 0 -0 -0 0 -1 0 1 0 
3 -22.957353223830726 -71.628000000000029 34.924999999999976 -1 -0 -0 -0 0 1 0 1 -0 8.2488919710467794
1.0471975511966001
2 -29.368749999999991 -71.628000000000029 34.924999999999976 1 0 0 0 0 -1 -0 1 0 4.7624999999999957
2 -29.368749999999991 -71.628000000000029 34.924999999999976 1 0 0 0 0 -1 -0 1 0 4.7624999999999957
1 -29.368749999999991 -75.752445985523408 42.068749999999973 0 -0.86602540378443882 0.49999999999999983 0 -0.49999999999999983 -0.86602540378443882 1 0 0 
1 -29.368749999999991 -79.876891971046803 34.924999999999969 0 -0.86602540378443882 -0.49999999999999983 0 0.49999999999999983 -0.86602540378443882 1 0 0 
2 0 -12.699999999999999 0 -0 -1 -0 0 0 -1 1 -0 0 27.304999999999996
1 0 0 0 0 1 0 0 -0 1 1 0 -0 
2 0 -12.699999999999999 0 -0 -1 -0 0 0 -1 1 -0 0 27.304999999999996
1 0 -2.032 0 0 -1 -0 0 0 -1 1 0 0 
5 0 53.594000000000008 0 0 1 0 0 -0 1 1 0 -0 15.620999999999999 0.254
2 0 53.847999999999999 0 -0 -1 -0 0 0 -1 1 -0 0 15.875
5 0 53.594000000000008 0 0 1 0 0 -0 1 1 0 -0 15.620999999999999 0.254
1 0 53.847999999999999 0 0 1 0 0 -0 1 1 0 -0 
5 0 52.577999999999996 0 0 1 0 0 -0 1 1 0 -0 15.620999999999999 0.254
1 0 52.323999999999998 0 0 1 0 0 -0 1 1 0 -0 
5 0 52.577999999999996 0 0 1 0 0 -0 1 1 0 -0 15.620999999999999 0.254
2 0 53.847999999999999 0 -0 -1 -0 0 0 -1 1 -0 0 5.1593749999999998
2 0 53.847999999999999 0 -0 -1 -0 0 0 -1 1 -0 0 5.1593749999999998
2 0 53.847999999999999 0 -0 -1 -0 0 0 -1 1 -0 0 15.875
3 0 60.198 0 0 -1 0 0 0 1 -1 0 0 7.1437500000000007
1.0471975511966001
1 -3.593225148942623e-15 60.198 -8.2488919710467741 0 1 0 0 -0 1 1 0 -0 
3 0 60.198 0 0 -1 0 0 0 1 -1 0 0 7.1437500000000007
1.0471975511966001
1 2.6634981808433786e-15 60.198 8.2488919710467759 -0.49999999999999994 0 -0.86602540378443871 -0.86602540378443871 0 0.49999999999999994 0 1 0 
1 7.1437499999999972 60.198 -4.1244459855233915 -0.49999999999999961 0 0.86602540378443882 0.86602540378443882 0 0.49999999999999961 0 1 -0 
3 0 60.198 0 0 -1 0 0 0 1 -1 0 0 7.1437500000000007
1.0471975511966001
1 7.143749999999998 60.198 4.1244459855233906 -1 0 2.1029775660362677e-16 2.1029775660362677e-16 0 1 0 1 -0 
1 -3.593225148942623e-15 53.847999999999999 -8.2488919710467741 0 1 0 0 -0 1 1 0 -0 
1 -1.7650185094535485e-15 60.198 -8.2488919710467759 0.49999999999999989 -0 0.86602540378443871 0.86602540378443871 0 -0.49999999999999989 0 1 0 
3 0 60.198 0 0 -1 0 0 0 1 -1 0 0 7.1437500000000007
1.0471975511966001
1 -7.1437500000000007 60.198 -4.1244459855233879 1 0 -5.2574439150906718e-16 -5.2574439150906718e-16 0 -1 0 1 0 
3 0 60.198 0 0 -1 0 0 0 1 -1 0 0 7.1437500000000007
1.0471975511966001
1 -7.1437499999999972 60.198 4.1244459855233897 0.49999999999999989 0 -0.86602540378443871 -0.86602540378443871 0 -0.49999999999999989 0 1 0 
3 0 60.198 0 0 -1 0 0 0 1 -1 0 0 7.1437500000000007
1.0471975511966001
3 0 60.198 0 0 -1 0 0 0 1 -1 0 0 7.1437500000000007
1.0471975511966001
9 1 1 0 0 3 3 4 4 2 2 -15.874999999999996 -104.17175000000002 34.924999999999976  1 -15.874999999999996 -104.17175000000002 -30.162500000000033  0.33333333333333343 -15.874999999999972 -39.084249999999997 -30.162500000000055  0.33333333333333343 -15.874999999999968 -39.084249999999997 34.924999999999976  1 
-15.875 -115.28424999999996 34.924999999999976  0.33333333333333337 -15.875 -115.28424999999997 -52.387499999999861  0.11111111111111116 -15.874999999999963 -27.971750000000089 -52.387499999999882  0.11111111111111116 -15.874999999999963 -27.971750000000085 34.924999999999976  0.33333333333333337 
15.874999999999996 -115.28424999999996 34.924999999999976  0.33333333333333337 15.874999999999996 -115.28424999999997 -52.387499999999825  0.11111111111111116 15.875000000000034 -27.971750000000114 -52.387499999999861  0.11111111111111116 15.875000000000034 -27.971750000000114 34.924999999999976  0.33333333333333337 
15.874999999999996 -104.17175000000002 34.924999999999976  1 15.874999999999996 -104.17175000000002 -30.162500000000005  0.33333333333333343 15.875000000000025 -39.084250000000033 -30.162500000000033  0.33333333333333343 15.875000000000025 -39.084250000000026 34.924999999999976  1 

0 4
1 4

0 4
1 4

9 1 1 0 0 3 3 4 4 2 2 -15.874999999999968 -39.084250000000019 34.924999999999976  1 -15.874999999999972 -39.084250000000019 100.01249999999997  0.33333333333333343 -15.874999999999996 -104.17175 100.01249999999999  0.33333333333333343 -15.874999999999996 -104.17175000000002 34.924999999999983  1 
-15.875000000000036 -27.971750000000078 34.924999999999976  0.33333333333333259 -15.875000000000034 -27.971750000000075 122.23749999999988  0.1111111111111109 -15.875000000000073 -115.28424999999993 122.23749999999988  0.1111111111111109 -15.875000000000073 -115.28424999999996 34.92499999999999  0.33333333333333259 
15.875000000000036 -27.971750000000089 34.924999999999976  0.33333333333333259 15.875000000000034 -27.971750000000096 122.23749999999988  0.1111111111111109 15.874999999999996 -115.28424999999993 122.23749999999988  0.1111111111111109 15.874999999999996 -115.28424999999996 34.92499999999999  0.33333333333333259 
15.875000000000025 -39.084250000000026 34.924999999999976  1 15.875000000000025 -39.084250000000033 100.01249999999997  0.33333333333333343 15.874999999999996 -104.17175 100.01249999999997  0.33333333333333343 15.874999999999996 -104.17175000000002 34.924999999999983  1 

0 4
1 4

0 4
1 4

1 15.874999999999996 -100.20300000000002 34.924999999999976 -1 4.3709567898628202e-16 0 -4.3709567898628202e-16 -1 0 0 0 1 
1 -15.874999999999996 -100.20300000000002 34.924999999999976 1 -4.3709567898628202e-16 -0 4.3709567898628202e-16 1 0 0 -0 1 
5 17.462500000000006 -71.628000000000043 34.924999999999976 1 -4.3709567898628202e-16 -0 4.3709567898628202e-16 1 0 0 -0 1 11.668326471072076 1.5874999999999941
3 11.906250000000002 -71.628000000000043 34.924999999999976 -1 4.3709567898628202e-16 0 -4.3709567898628202e-16 -1 0 0 0 1 15.874999999999986
0.41822432957922767
5 17.462500000000006 -71.628000000000043 34.924999999999976 1 -4.3709567898628202e-16 -0 4.3709567898628202e-16 1 0 0 -0 1 11.668326471072076 1.5874999999999941
1 19.050000000000001 -76.390500000000031 34.924999999999976 -1 4.3709567898628202e-16 0 -4.3709567898628202e-16 -1 0 0 0 1 
3 11.906250000000002 -71.628000000000043 34.924999999999976 -1 4.3709567898628202e-16 0 -4.3709567898628202e-16 -1 0 0 0 1 15.874999999999986
0.41822432957922767
1 11.906249999999998 -87.503000000000029 34.924999999999976 -1 4.3709567898628202e-16 0 -4.3709567898628202e-16 -1 0 0 0 1 
2 15.875000000000007 -71.628000000000043 34.924999999999976 1 -4.3709567898628202e-16 -0 4.3709567898628202e-16 1 0 0 -0 1 22.22499999999998
2 15.875000000000007 -71.628000000000043 34.924999999999976 1 -4.3709567898628202e-16 -0 4.3709567898628202e-16 1 0 0 -0 1 22.22499999999998
1 14.287499999999996 -93.853000000000009 34.924999999999976 -1 4.3709567898628202e-16 0 -4.3709567898628202e-16 -1 0 0 0 1 
2 15.875000000000007 -71.628000000000043 34.924999999999976 1 -4.3709567898628202e-16 -0 4.3709567898628202e-16 1 0 0 -0 1 28.574999999999989
2 15.875000000000007 -71.628000000000043 34.924999999999976 1 -4.3709567898628202e-16 -0 4.3709567898628202e-16 1 0 0 -0 1 28.574999999999989
2 15.875000000000007 -71.628000000000043 34.924999999999976 1 -4.3709567898628202e-16 -0 4.3709567898628202e-16 1 0 0 -0 1 28.575000000000003
2 15.875000000000007 -71.628000000000043 34.924999999999976 1 -4.3709567898628202e-16 -0 4.3709567898628202e-16 1 0 0 -0 1 28.575000000000003
1 -14.287499999999994 -93.853000000000009 34.924999999999976 1 -4.3709567898628202e-16 -0 4.3709567898628202e-16 1 0 0 -0 1 
2 15.875000000000007 -71.628000000000043 34.924999999999976 1 -4.3709567898628202e-16 -0 4.3709567898628202e-16 1 0 0 -0 1 22.224999999999994
2 15.875000000000007 -71.628000000000043 34.924999999999976 1 -4.3709567898628202e-16 -0 4.3709567898628202e-16 1 0 0 -0 1 22.224999999999994
1 -11.906249999999995 -87.503000000000029 34.924999999999976 1 -4.3709567898628202e-16 -0 4.3709567898628202e-16 1 0 0 -0 1 
3 -18.10724481485984 -71.628000000000029 34.924999999999976 1 -4.3709567898628202e-16 -0 4.3709567898628202e-16 1 0 0 -0 1 13.119002304506758
0.41822432957922556
5 -17.462499999999995 -71.628000000000029 34.924999999999976 1 -4.3709567898628202e-16 -0 4.3709567898628202e-16 1 0 0 -0 1 11.66832647107209 1.5875000000000046
3 -18.10724481485984 -71.628000000000029 34.924999999999976 1 -4.3709567898628202e-16 -0 4.3709567898628202e-16 1 0 0 -0 1 13.119002304506758
0.41822432957922556
1 -19.050000000000001 -76.390500000000031 34.924999999999976 1 -4.3709567898628202e-16 -0 4.3709567898628202e-16 1 0 0 -0 1 
5 -17.462499999999995 -71.628000000000029 34.924999999999976 1 -4.3709567898628202e-16 -0 4.3709567898628202e-16 1 0 0 -0 1 11.66832647107209 1.5875000000000046
2 15.875000000000007 -71.628000000000043 34.924999999999976 1 -4.3709567898628202e-16 -0 4.3709567898628202e-16 1 0 0 -0 1 4.7624999999999895
2 15.875000000000007 -71.628000000000043 34.924999999999976 1 -4.3709567898628202e-16 -0 4.3709567898628202e-16 1 0 0 -0 1 4.7624999999999895
5 0 -8.3819999999999997 0 -0 1 -0 0 0 1 1 0 -0 22.953161111826358 4.3180000000000005
5 0 -8.3819999999999997 0 -0 1 -0 0 0 1 1 0 -0 22.953161111826358 4.3180000000000005
2 0 -2.032 0 -0 1 -0 0 0 1 1 0 -0 22.953161111826358
3 0 -13.052853097019202 0 0 -1 0 0 0 -1 1 0 0 28.161370645879188
0.17453292519943453
2 0 -2.032 0 -0 1 -0 0 0 1 1 0 -0 22.953161111826358
1 0 -12.699999999999999 0 -0 1 0 0 0 1 1 0 -0 
3 0 -13.052853097019202 0 0 -1 0 0 0 -1 1 0 0 28.161370645879188
0.17453292519943453
1 0 -12.699999999999999 0 -0 1 0 0 0 1 1 0 -0 
3 0 -12.699999999999998 0 0 -1 0 0 0 -1 1 0 0 30.162499999999998
0.174532925199434
5 0 -8.3819999999999997 0 -0 1 -0 0 0 1 1 0 -0 22.953161111826358 6.3500000000000023
3 0 -12.699999999999998 0 0 -1 0 0 0 -1 1 0 0 30.162499999999998
0.174532925199434
5 0 -8.3819999999999997 0 -0 1 -0 0 0 1 1 0 -0 22.953161111826358 6.3500000000000023
1 0 -2.0319999999999987 0 0 -1 0 0 -0 -1 1 0 0 
2 -31.75 -60.491995839086869 28.495624999999976 1 -0 -0 0 0 -1 0 1 0 3.1750000000000007
2 -31.75 -60.491995839086869 28.495624999999976 1 -0 -0 0 0 -1 0 1 0 3.1750000000000007
1 22.224999999999994 -2.6924754616047998e-15 17.960512242138318 1 0 -0 -0 0 -1 0 1 0 
1 19.843749999999986 -23.812499999999996 -28.575000000000017 1 0 0 0 0 -1 -0 1 0 
2 -31.75 -60.491995839086869 28.495624999999976 1 -0 -0 0 0 -1 0 1 0 3.1750000000000007
2 -31.75 -60.491995839086869 28.495624999999976 1 -0 -0 0 0 -1 0 1 0 3.1750000000000007
1 -19.843749999999986 -109.72799999999999 -28.575000000000017 -1 0 0 0 0 1 0 1 -0 
1 -22.224999999999994 -2.6924754616047998e-15 17.960512242138318 1 0 -0 -0 0 -1 0 1 0 
5 0 -17.462499999999995 0 0 1 -0 0 0 1 1 -0 0 31.61677665567063 3.1749999999999998
9 1 1 0 0 3 2 12 3 6 2 21.15050156671267 -21.431627169010568 21.621598924736308  1 20.269098766371361 -20.654584368359494 20.164877230215847  0.86147089965985979 20.925125030681421 -19.049999999999979 19.459439032262672  1 
21.077552673781987 -21.367315582928356 21.775860749671555  1 20.163910409946087 -20.608331745569519 20.299938787655734  0.85883283878751804 20.796395799689101 -18.965935250909219 19.597864155882721  1 
21.000755417117141 -21.305360388967934 21.927921998986104  1 20.056563939059558 -20.565709594104636 20.432904179363771  0.85612971150418904 20.663540295621683 -18.886295170859203 19.735527817250929  1 
20.845716142718899 -21.191162669751868 22.231439112529365  1 19.837666128088948 -20.493145041657762 20.696046249013875  0.8503628944775683 20.389871534391219 -18.736212248347822 20.010083244386426  1 
20.766590540902783 -21.138155794333858 22.382447260563215  1 19.726004643219387 -20.462447848180403 20.826250888862621  0.84732202304636328 20.249051880679971 -18.665789287391263 20.146982407773166  1 
20.524261802362197 -20.990998900832356 22.834692118516593  1 19.383868141596363 -20.387092406163855 21.214626044190535  0.83766388097100641 19.814959844767028 -18.469013186168013 20.557558642287191  1 
20.35619132118169 -20.908624866019107 23.135208318165287  1 19.148026589943253 -20.360154585549104 21.468306402249688  0.83051339009551328 19.510098121417691 -18.357134929645571 20.831164502167546  1 
20.00426661123457 -20.774657218689391 23.740631660691182  1 18.663452463833853 -20.35455774294083 21.966034474064614  0.81438847630265121 18.870380413614559 -18.175351921521493 21.382238871065827  1 
19.821627591825305 -20.723726073978177 24.043276159008858  1 18.415339283358193 -20.377191852574242 22.208831682960206  0.80546022807431761 18.537828385663172 -18.106378539179463 21.657627220209289  1 
19.446147420470581 -20.655356081062827 24.641078068553803  1 17.922178261545923 -20.4705742208 22.66954574881488  0.785954613731768 17.86163169119088 -18.014824006081081 22.200065676292194  1 
19.252338620166327 -20.637499999999996 24.937895579874315  1 17.674679690725945 -20.542722901794864 22.889304332926606  0.77533362669496853 17.516212470041005 -17.991666667034782 22.468646205995249  1 
19.049999999999997 -20.637499999999996 25.233272996077233  1 17.433197021911852 -20.637500000000006 23.091686070777033  0.7637626158259726 17.163729858897156 -17.99166666666666 22.734754916560341  1 

-1.0408340855860843e-17 4
0.00072649161648066047 2
0.0014529832329613314 2
0.0029059664659226731 2
0.0043589496988840149 2
0.0058119329318453566 4

0 3
1 3

1 -19.049999999999972 -20.637499999999996 21.298547485685518 0 1 -0 0 0 1 1 -0 0 
5 0 -17.462499999999995 0 0 1 -0 0 0 1 1 -0 0 31.61677665567063 3.1749999999999998
5 0 -19.049999999999997 0 -0 1 -0 0 0 1 1 0 -0 22.225000000000001 6.3499999999999961
5 0 -19.843750000000007 0 -0 1 0 0 0 1 1 0 -0 29.368750000000009 3.1749999999999998
2 0 0 0 -0 1 -0 0 0 1 1 0 -0 26.193750000000009
5 0 -19.843750000000007 0 -0 1 0 0 0 1 1 0 -0 29.368750000000009 3.1749999999999998
1 -19.049999999999997 -23.018750000000008 -28.575000000000017 -0 1 0 0 0 1 1 0 -0 
9 1 1 0 0 3 2 16 3 8 2 -19.049999999999997 -23.018750000000008 22.352202946521867  1 -16.990540540540536 -23.018750000000008 19.935748573924904  0.70710678118654757 -16.99054054054054 -19.843750000000007 19.935748573924908  1 
-19.147243601931006 -23.018750000000008 21.937816359207439  1 -17.1914302750363 -22.775463158337981 19.764537290855948  0.73520581297106313 -17.424183948275392 -19.843750004737537 19.566169479769698  1 
-19.239860728108873 -23.036034433612038 21.515811845631923  1 -17.462814909132664 -22.589371386875275 19.533311475430146  0.76242585703129984 -17.837216760868419 -19.930172167265933 19.189778132711645  1 
-19.372441570367304 -23.085659440771149 20.873220894190364  1 -17.916214976597132 -22.436714100099824 19.122422454612312  0.80178642838197167 -18.428455651446573 -20.178297204252839 18.616656473136306  1 
-19.415028313345658 -23.106088180713567 20.660026054048451  1 -18.069367997237233 -22.406766796414662 18.980395084054525  0.81450035449892344 -18.6183695057933 -20.280440903304402 18.426509724068538  1 
-19.496110221463098 -23.154283471585764 20.242192485067104  1 -18.373308565833607 -22.38925808882712 18.69067536917543  0.83880507681722427 -18.979950987272836 -20.521417358192227 18.053847351358851  1 
-19.534783605665687 -23.18210186544707 20.036675747340187  1 -18.525113582717218 -22.400205453500252 18.542268030778022  0.85044906258210284 -19.152413377639061 -20.660509326185316 17.870548639709082  1 
-19.608303146632807 -23.246183349326596 19.63531820688085  1 -18.821642092122829 -22.464850159091672 18.244553031902942  0.87265555676648221 -19.480270788016483 -20.980916747682993 17.512581103244816  1 
-19.643458059791175 -23.282841193424712 19.437638186566424  1 -18.968347826748857 -22.518352762983586 18.093342563982112  0.88331231813388777 -19.63704270051705 -21.164205966186191 17.336271896453738  1 
-19.707355750153198 -23.364600080537638 19.069639891512484  1 -19.239538936778064 -22.668817906604271 17.807004219592447  0.90272943379350024 -19.921991857343095 -21.573000403625517 17.008057200211233  1 
-19.736235490807783 -23.409612120699208 18.898644815675379  1 -19.365431222485277 -22.76463148362696 17.670617809066226  0.91153074380698362 -20.050779895080296 -21.798060601706062 16.855548079190278  1 
-19.786426774245882 -23.510981512497999 18.596026609133194  1 -19.585883061108547 -23.003750535619115 17.427325134444324  0.92685170231981628 -20.274605881510453 -22.304907564279972 16.585645353747104  1 
-19.806894741221438 -23.565675428256018 18.469533649481001  1 -19.67784752694028 -23.143256991094031 17.323406148827683  0.93311370542855687 -20.365881958490185 -22.57837714019789 16.472827309336871  1 
-19.835857121646374 -23.685061376094442 18.289048528533026  1 -19.807700010673095 -23.460498173353091 17.175394704585621  0.94198034571831546 -20.495038511055579 -23.175306881554427 16.311854092675645  1 
-19.843749999999986 -23.748480921156919 18.238986409800852  1 -19.843749994958237 -23.635890543169129 17.133593293256826  0.94442167602929561 -20.530236481510677 -23.492404604699203 16.26720409522634  1 
-19.843749999999986 -23.812499999999996 18.238986402758275  1 -19.843749999999982 -23.812499999999989 17.133593287439592  0.9444002816030348 -20.530236486486476 -23.812499999999996 16.267204088946567  1 

0 4
0.0018969559660864074 2
0.0028454339491296109 2
0.0037939119321728147 2
0.0047423899152160181 2
0.0056908678982592218 2
0.0066393458813024256 2
0.0075878238643456294 4

0 3
1 3

2 0 -81.562857303809835 0 -0 1 -0 0 0 1 1 0 -0 41.396935273036803
2 0 -81.562857303809835 0 -0 1 -0 0 0 1 1 0 -0 41.396935273036803
9 0 0 0 0 3 1 8 2 4 2 -19.049999999999997 -20.637499999999996 22.292769396267381  -19.049999999999997 -20.637499999999996 38.360942303744991  
-19.816425221287204 -20.637499999999996 21.607257838479985  -19.816425221287204 -20.637499999999996 37.675430745957598  
-20.532306241015046 -20.89791742128833 20.887129456410811  -20.532306241015046 -20.89791742128833 36.955302363888421  
-21.420274066224671 -21.664180784647396 19.912352638226555  -21.420274066224671 -21.664180784647396 35.980525545704168  
-21.687898036257543 -21.988187003528356 19.60242432199211  -21.687898036257543 -21.988187003528356 35.67059722946972  
-22.09337703663406 -22.800333920902673 19.119144236822301  -22.09337703663406 -22.800333920902673 35.187317144299911  
-22.224999999999994 -23.294019147424756 18.954734152720199  -22.224999999999994 -23.294019147424756 35.022907060197809  
-22.224999999999998 -23.812499999999996 18.954734152720189  -22.224999999999998 -23.812499999999996 35.022907060197802  

0 4
0.50000000000000044 2
0.75000000000000022 2
1 4

0 2
1 2

2 -28.575000000000017 -71.628000000000029 34.924999999999976 1 -0 -0 0 0 -1 0 1 0 4.7624999999999993
2 -28.575000000000017 -71.628000000000029 34.924999999999976 1 -0 -0 0 0 -1 0 1 0 4.7624999999999993
2 -28.575000000000017 -71.628000000000029 34.924999999999976 1 -0 -0 0 0 -1 0 1 0 4.7624999999999993
2 -28.575000000000017 -71.628000000000029 34.924999999999976 1 -0 -0 0 0 -1 0 1 0 4.7624999999999993
5 0 -19.049999999999997 0 -0 1 -0 0 0 1 1 0 -0 22.225000000000001 3.9687500000000027
5 0 -19.049999999999997 0 -0 1 -0 0 0 1 1 0 -0 22.225000000000001 3.9687500000000027
1 0 -15.081249999999994 0 -0 1 0 0 0 1 1 0 -0 
2 -19.049999999999997 -23.812499999999996 -28.575000000000017 -0 -0 1 1 0 0 -0 1 0 0.79374999999998885
1 -19.843749999999986 -109.72799999999999 -28.575000000000017 -1 0 0 0 0 1 0 1 -0 
2 -28.575000000000017 10.573353763902809 73.024999999999977 1 -0 -0 0 0 -1 0 1 0 100.12672493180433
2 -23.018749999999986 0 18.238986402758268 -0 1 -0 0 0 1 1 0 -0 3.1750000000000007
2 0 0 0 -0 1 -0 0 0 1 1 0 -0 26.193750000000009
1 -19.049999999999997 -23.018750000000008 -28.575000000000017 -0 1 0 0 0 1 1 0 -0 
2 0 0 0 -0 1 -0 0 0 1 1 0 -0 28.575000000000003
5 0 -19.049999999999997 0 -0 1 -0 0 0 1 1 0 -0 22.225000000000001 6.3499999999999961
1 0 -12.699999999999999 0 0 -1 0 0 -0 -1 1 0 0 
9 1 1 0 0 3 2 10 3 5 2 -19.049999999999997 -20.637499999999992 25.233272996077243  1 -17.433197021911859 -20.637499999999992 23.091686070777051  0.76376261582597338 -17.16372985889717 -17.991666666666656 22.734754916560348  1 
-19.453868047610221 -20.637499999999992 24.64225345945988  1 -17.909021516625977 -20.450032715211595 22.692755605681008  0.78697531962359968 -17.868664890150743 -17.991666667614314 22.202560288364324  1 
-19.823908631379968 -20.706832424739378 24.049683871784122  1 -18.408444548588449 -20.352262014702287 22.227481085994061  0.80615749073628507 -18.543507606641423 -18.08339033870892 21.663537061423746  1 
-20.35260167714948 -20.907304107778337 23.141896324699598  1 -19.142800696526859 -20.360143741298664 21.473812940671102  0.83032954531117664 -19.50325787465512 -18.355043052040337 20.837246663340817  1 
-20.522971102721613 -20.990528296144401 22.837841072852225  1 -19.381557837297542 -20.387192669795407 21.21719564248572  0.83756234549925745 -19.811893729801572 -18.467915622031391 20.560416708271621  1 
-20.766396277507194 -21.138166753456726 22.383777837922299  1 -19.725144926714506 -20.462683859103649 20.827273963841755  0.8472607631716641 -20.247820268477252 -18.665277256302527 20.148187192033706  1 
-20.845754922678339 -21.191292325852608 22.23230510929438  1 -19.837151537624152 -20.493414815700461 20.696678875855536  0.8503131494851105 -20.38908508097294 -18.735869146857112 20.010866495894803  1 
-21.000987519824356 -21.305568947310007 21.928141179092425  1 -20.056487038805727 -20.565943836631753 20.433019698950975  0.85610326769663547 -20.663354154093582 -18.886198015166997 19.735725314071399  1 
-21.077867020803549 -21.36758721939081 21.775893249818473  1 -20.163953878358647 -20.608591599734169 20.299897887552579  0.85881008862356867 -20.796367165389178 -18.965908080338195 19.597894918723025  1 
-21.150362220374785 -21.431506250421922 21.621601285981502  1 -20.269067756127082 -20.654468756340087 20.164910432482635  0.86148006617167394 -20.925123054413188 -19.049999999999997 19.459441157383349  1 

-1.713039432527097e-17 4
0.0029046970003732383 2
0.0043570455005598665 2
0.0050832197506531802 2
0.0058093940007464939 4

0 3
1 3

2 -25.399999999999995 0 19.050000000000008 -0 1 -0 0 0 1 1 0 -0 3.1750000000000007
9 1 1 0 0 3 2 14 3 7 2 -21.150362220374785 -21.431506250421918 21.621601285981498  1 -20.2690677561271 -20.654468756340091 20.164910432482646  0.86148006617167538 -20.925123054413206 -19.050000000000011 19.459441157383349  1 
-21.299232676604927 -21.562765359544589 21.304759405909241  1 -20.522075625145973 -20.782944382999233 19.911866478954064  0.87301970060770084 -21.190282757831202 -19.309768175216984 19.17430966885712  1 
-21.437892485521296 -21.709391760397178 20.991344058710897  1 -20.770975816192934 -20.94538599369184 19.652758042074808  0.88424237031268393 -21.441452558441494 -19.604427653104107 18.892209653123611  1 
-21.625514033777737 -21.952284610528412 20.552001371296715  1 -21.11360134777631 -21.240725472144156 19.283051385075218  0.89956307539798974 -21.781395299827217 -20.09341236492816 18.496801234025146  1 
-21.684913085491839 -22.037318476980719 20.410200120527392  1 -21.22244425981048 -21.346957681733091 19.1634051292145  0.90443610573718092 -21.889019048744881 -20.26464987917625 18.369180108624342  1 
-21.76943783408657 -22.172620000220864 20.206154783630975  1 -21.37774912204619 -21.520855910315817 18.989875849778976  0.91133150185502865 -22.041395421436651 -20.53566525061493 18.185539305193046  1 
-21.79684768569529 -22.219019520913697 20.139588178121631  1 -21.428035277570938 -21.581022676729969 18.933206214132316  0.913560836830831 -22.090673945775571 -20.628371183296963 18.125629360383314  1 
-21.850118354699582 -22.314797625782294 20.00971891963697  1 -21.525639300055847 -21.706407573757463 18.822343711245846  0.91786915585727513 -22.186061966570055 -20.818930164308306 18.008747027599419  1 
-21.876589062247536 -22.36539805820701 19.946295052413198  1 -21.57314993341507 -21.772452652509759 18.767925765872626  0.91991475850082283 -22.232258954717601 -20.916922166391803 17.951665547270277  1 
-21.996730591320244 -22.610595987041386 19.639765799884355  1 -21.799134568391182 -22.103100767725206 18.5072637958691  0.93020019340782223 -22.453891575369525 -21.419513293487007 17.675789219502388  1 
-22.078232025851104 -22.830146581731228 19.433434620842792  1 -21.950079829337653 -22.406534045333391 18.326784790836808  0.93668687313695975 -22.597699229687386 -21.852372571443851 17.490091159068754  1 
-22.193790748896113 -23.310186732236211 19.13449501929389  1 -22.164969503423443 -23.082795728390554 18.066358149948613  0.94605376579207201 -22.803396469111664 -22.801797862884843 17.221045517054261  1 
-22.224999999999998 -23.56181313715533 19.050000006370755  1 -22.224999995582674 -23.446039062473499 17.991666672126289  0.94867994942690492 -22.859999995699344 -23.301514429051817 17.145000005734207  1 
-22.224999999999998 -23.812499999999996 19.050000000000001  1 -22.224999999999998 -23.812499999999986 17.991666666666667  0.94868329805051366 -22.859999999999996 -23.812499999999975 17.145  1 

0.0059277522978572533 4
0.0074370690505130184 2
0.0081917274268409022 2
0.0085690566150048442 2
0.0089463858031687844 2
0.01045570255582455 2
0.011965019308480316 4

0 3
1 3

9 1 1 0 0 3 2 16 3 8 2 22.224999999999998 -23.812499999999996 19.049999999999997  1 22.224999999999998 -23.812499999999996 17.991666666666664  0.94868329805051366 22.859999999999996 -23.812499999999996 17.144999999999996  1 
22.224999999999998 -23.558712407597941 19.050000006588611  1 22.224999995380486 -23.44298096841101 17.991666672363262  0.94866046887576527 22.859999995550066 -23.298462418704744 17.145000005933241  1 
22.194210521768291 -23.311267534882226 19.133236596826659  1 22.165857334397312 -23.08505942564528 18.065267597460217  0.9460967404889411 22.804250393168363 -22.805640780853913 17.219912936788962  1 
22.107927589196407 -22.951984225910948 19.357209608329814  1 22.005306592493795 -22.579146680140187 18.25986001535524  0.93906045054582266 22.650154777289735 -22.092689387858236 17.421488647674348  1 
22.072893294902251 -22.836468815165578 19.447297534035187  1 21.940076997426715 -22.417669200794876 18.338312510776476  0.93621673953244167 22.5876984464279 -21.863782279161249 17.502567780452331  1 
21.993498722214397 -22.617324969412895 19.649808775762839  1 21.792307072486427 -22.114565178454342 18.513548891548169  0.92971789492312684 22.445285968801322 -21.42702112723444 17.684827898365874  1 
21.948978009440964 -22.513099503916905 19.762643157749192  1 21.709204015701403 -21.971919949053607 18.610990821013264  0.92605004637641419 22.365047983891209 -21.217972696098816 17.786378841784334  1 
21.876462075601705 -22.365150728067988 19.946476930670894  1 21.573007680846487 -21.772202509442561 18.768089697795578  0.91991230628974474 22.232126679128349 -20.916651265049143 17.951829237698771  1 
21.849700491993211 -22.313977193256822 20.01016782565549  1 21.525270456300316 -21.705626370562655 18.822768499008728  0.9178699969865205 22.185734543310893 -20.81821147124537 18.0091510430182  1 
21.796191312612741 -22.217761041755605 20.140301657111198  1 21.427445045323591 -21.579812606430444 18.933878344871122  0.91356123320426441 22.090147585155659 -20.627236774948816 18.126271491471798  1 
21.768727144761314 -22.171271002535821 20.206948124061007  1 21.377092453774345 -21.51954525796376 18.990618764949733  0.91133040407801968 22.040806434789435 -20.534407876768693 18.18625331158356  1 
21.684207427471335 -22.035972853621441 20.411082292962032  1 21.221717232022204 -21.345605899732124 19.164213422526956  0.90442847965054696 21.888353275903576 -20.263246555536277 18.369974063808524  1 
21.625038694829875 -21.951305368393321 20.552742988310225  1 21.113002959210569 -21.239700489783264 19.283703208210522  0.89954807489031174 21.780825274188576 -20.092209185181066 18.497468689335811  1 
21.438474756879323 -21.709838742276244 20.991063484310779  1 20.771272658307961 -20.945755818026509 19.652423181923027  0.88422073930375733 21.441662032501185 -19.604460974575101 18.891957136166511  1 
21.301795619199424 -21.565007678149716 21.301664022317564  1 20.524781328826627 -20.785098984543794 19.909142329836548  0.87306009555743902 21.192921479009275 -19.312320851320887 19.171472140989827  1 
21.150501566712411 -21.431627169010351 21.621598924736311  1 20.269098766371251 -20.654584368359284 20.164877230215879  0.86147089965987167 20.925125030681368 -19.049999999999933 19.459439032262658  1 

0 4
0.0015105228205263015 2
0.0022657842307894521 2
0.0030210456410526029 2
0.0033986763461841783 2
0.0037763070513157533 2
0.0045315684615789041 2
0.0060420912821052058 4

0 3
1 3

2 25.399999999999995 0 19.050000000000008 -0 1 -0 0 0 1 1 0 -0 3.1750000000000007
2 -28.575000000000017 10.573353763902809 73.024999999999977 1 -0 -0 0 0 -1 0 1 0 100.12672493180433
1 19.843749999999986 -23.812499999999996 -28.575000000000017 1 0 0 0 0 -1 -0 1 0 
2 19.049999999999997 -23.812499999999996 -28.575000000000017 -0 -0 1 1 0 0 -0 1 0 0.79374999999998885
9 1 1 0 0 3 2 14 3 7 2 19.843749999999986 -23.812499999999996 18.238986402758275  1 19.843749999999982 -23.812499999999989 17.133593287439592  0.9444002816030348 20.530236486486476 -23.812499999999996 16.267204088946567  1 
19.843749999999986 -23.748036055955431 18.238986411144751  1 19.843749993999126 -23.634696258766215 17.133593294364349  0.9443860797639041 20.530236480560465 -23.490180279792174 16.267204096425569  1 
19.836027988065702 -23.686063881977329 18.287973036713019  1 19.808472243867381 -23.463221095019627 17.174505897627665  0.94203269997962424 20.495800486292012 -23.180319410035843 16.310894870198904  1 
19.807147307185254 -23.56642268453718 18.467970278111331  1 19.678977223990589 -23.145184989211486 17.322127009121409  0.93319098283172042 20.367008262800081 -22.58211342253675 16.471432951130932  1 
19.786603905230457 -23.511437632785192 18.594936355470182  1 19.586678647399257 -23.004905106120141 17.426429826898303  0.92690587604222152 20.275395791568702 -22.307188164764575 16.584672965266556  1 
19.736599860104313 -23.410250706329421 18.89646996272387  1 19.367027626256327 -22.766069758154217 17.668873394565491  0.91164186491885357 20.052404783572431 -21.801253530808758 16.853608345555166  1 
19.707574425718114 -23.364951586962135 19.068340407004456  1 19.240509220922288 -22.669587509458612 17.805950240112651  0.90279610587581427 19.922967032003299 -21.574757935901555 17.006898200534636  1 
19.644069687291893 -23.283553013987099 19.434155285513512  1 18.970937344583383 -22.519556263887566 18.090638163519831  0.88349795993708558 19.639770228717097 -21.167765068844592 17.33316552522464  1 
19.609101885548743 -23.246941265919833 19.63089981542614  1 18.824885132841828 -22.465779013889996 18.241257779796928  0.87289720431135387 19.483832731735276 -20.984706330793234 17.508640375747532  1 
19.498113115184104 -23.150016906650336 20.236981649492364  1 18.371129817927113 -22.366180002753982 18.696948607141653  0.83937201250865645 18.988882813190688 -20.500084530863461 18.049199849893409  1 
19.41702961284502 -23.102416354246007 20.657010848659183  1 18.059108718174691 -22.388925782768624 18.992879194578418  0.81502478392806632 18.627294219340996 -20.262081770496803 18.423820486281322  1 
19.240461801081896 -23.03619218540511 21.512999355617509  1 17.464707419675364 -22.588390700575307 19.531646692559978  0.76260324216330255 17.839897221143797 -19.930960927759163 19.1872696959114  1 
19.146882931502532 -23.018750000000008 21.939353293167962  1 17.190738916961056 -22.776300424831202 19.765126511130685  0.73511088089893994 17.422677643802391 -19.843750004483645 19.567453250334914  1 
19.049999999999997 -23.018750000000008 22.35220294652186  1 16.990540540540536 -23.018750000000011 19.935748573924901  0.70710678118654735 16.990540540540536 -19.843750000000007 19.935748573924901  1 

0 4
0.00094804344323198234 2
0.0018960868864639647 2
0.002844130329695947 2
0.0037921737729279294 2
0.0056882606593918941 2
0.0075843475458558587 4

0 3
1 3

2 23.018749999999986 0 18.238986402758268 -0 1 -0 0 0 1 1 0 -0 3.1750000000000007
2 -28.575000000000017 -71.628000000000029 34.924999999999976 1 -0 -0 0 0 -1 0 1 0 9.5250000000001513
2 -28.575000000000017 -23.018750000000026 154.19710291666672 1 -0 -0 0 0 -1 0 1 0 119.27210291666674
9 0 0 0 0 3 1 8 2 4 2 22.224999999999998 -23.812499999999996 18.954734152720189  22.224999999999998 -23.812499999999996 35.022907060197795  
22.224999999999998 -23.293839344881398 18.954734152720189  22.224999999999998 -23.293839344881398 35.022907060197795  
22.09485695103961 -22.804432544186319 19.117338189520702  22.09485695103961 -22.804432544186319 35.185511096998312  
21.689563760741621 -21.990397642626945 19.600480836426271  21.689563760741621 -21.990397642626945 35.668653743903874  
21.424191521955798 -21.668071370751857 19.907971764923158  21.424191521955798 -21.668071370751857 35.976144672400757  
20.531519596853805 -20.896224498679562 20.888152938213349  20.531519596853805 -20.896224498679562 36.956325845690948  
19.815867690502166 -20.637499999999992 21.607756509173917  19.815867690502166 -20.637499999999992 37.67592941665152  
19.049999999999997 -20.637499999999996 22.292769396267378  19.049999999999997 -20.637499999999996 38.360942303744984  

0 4
0.24999999999999978 2
0.49999999999999956 2
1 4

0 2
1 2

2 -28.575000000000017 -23.018750000000026 154.19710291666672 1 -0 -0 0 0 -1 0 1 0 119.27210291666674
2 -28.575000000000017 -71.628000000000029 34.924999999999976 1 -0 -0 0 0 -1 0 1 0 9.5250000000001513
2 19.049999999999997 -23.812499999999996 -28.575000000000017 -0 -0 1 1 0 0 -0 1 0 0.79374999999998885
2 -19.049999999999997 -23.812499999999996 -28.575000000000017 -0 -0 1 1 0 0 -0 1 0 0.79374999999998885
5 16.890999999999998 15.493999999999996 14.350999999999997 1 0 0 0 0 -1 -0 1 0 5.3340000000000023 0.50800000000000001
1 17.399000000000001 15.493999999999996 14.350999999999997 1 0 0 0 0 -1 -0 1 0 
5 16.890999999999998 15.493999999999996 14.350999999999997 1 0 0 0 0 -1 -0 1 0 5.3340000000000023 0.50800000000000001
2 17.399000000000001 15.493999999999996 14.350999999999997 -1 -0 -0 -0 0 1 0 1 -0 4.8260000000000041
2 16.890999999999998 10.159999999999991 14.35099999999999 0 1.7074049960401604e-15 -1 0 1 1.7074049960401604e-15 1 -0 0 0.50799999999999967
5 -16.890999999999998 15.493999999999996 14.350999999999997 1 0 0 0 0 -1 -0 1 0 5.3340000000000023 0.50800000000000001
5 -16.890999999999998 15.493999999999996 14.350999999999997 1 0 0 0 0 -1 -0 1 0 5.3340000000000023 0.50800000000000001
1 -17.399000000000001 15.493999999999996 14.350999999999997 1 0 0 0 0 -1 -0 1 0 
2 -16.890999999999998 10.159999999999991 14.350999999999997 0 -1.7074049960401604e-15 1 -0 -1 -1.7074049960401604e-15 1 0 -0 0.50799999999999967
2 17.399000000000001 15.493999999999996 -14.350999999999997 -1 -0 -0 -0 0 1 0 1 -0 4.8260000000000041
1 17.399000000000001 20.32 -17.398999999999997 -0 1 1.1382699973601102e-15 0 -1.1382699973601102e-15 1 1 0 0 
5 -16.890999999999998 15.493999999999996 -14.350999999999997 1 0 0 0 0 -1 -0 1 0 5.3340000000000023 0.50800000000000001
2 17.399000000000001 15.493999999999996 -14.350999999999997 -1 -0 -0 -0 0 1 0 1 -0 4.8260000000000041
5 16.890999999999998 15.493999999999996 -14.350999999999997 1 0 0 0 0 -1 -0 1 0 5.3340000000000023 0.50800000000000001
1 17.399000000000001 0 17.399000000000001 0 3.2521999924574602e-16 -1 0 1 3.2521999924574602e-16 1 -0 0 
2 15.811500000000004 15.493999999999996 15.811500000000006 -0 1 3.2521999924574602e-16 0 -3.2521999924574602e-16 1 1 0 0 1.5874999999999986
2 17.399000000000001 10.159999999999989 16.891000000000002 -1 0 0 0 0 1 0 1 -0 0.50800000000000145
2 -15.811500000000004 5.162867488026217e-16 15.811500000000004 0 -1 -3.2521999924574602e-16 0 3.2521999924574602e-16 -1 1 0 0 1.5875000000000004
1 17.399000000000001 0 17.399000000000001 -0 1 0 0 0 1 1 0 -0 
2 -15.811500000000004 10.667999999999989 -15.811499999999997 -0 1 3.2521999924574597e-16 0 -3.2521999924574597e-16 1 1 0 0 1.5875000000000004
1 17.399000000000001 10.667999999999989 -17.398999999999997 0 -3.2521999924574597e-16 1 0 -1 -3.2521999924574597e-16 1 0 0 
2 15.811500000000004 15.494000000000005 -15.811499999999997 0 -1 -3.2521999924574597e-16 0 3.2521999924574597e-16 -1 1 0 0 1.5874999999999986
2 17.399000000000001 10.159999999999989 -16.890999999999998 -1 0 0 0 0 1 0 1 -0 0.50800000000000145
1 17.399000000000001 10.667999999999992 -14.350999999999997 0 -1 1.1382699973601094e-15 0 -1.1382699973601094e-15 -1 1 0 0 
2 16.890999999999998 10.160000000000023 14.351000000000003 0 -1.1382699973601094e-15 -1 0 1 -1.1382699973601094e-15 1 0 0 0.50799999999999967
5 15.811500000000004 10.159999999999989 -15.811500000000004 0 -1 1.1382699973601094e-15 0 -1.1382699973601094e-15 -1 1 0 0 1.0794999999999999 0.50800000000000001
5 -15.811500000000004 10.159999999999989 -15.811499999999997 0 -1 1.1382699973601094e-15 0 -1.1382699973601094e-15 -1 1 0 0 1.0794999999999999 0.50800000000000001
2 -16.890999999999998 10.159999999999991 -14.350999999999997 -0 1.1382699973601094e-15 1 0 -1 1.1382699973601094e-15 1 0 0 0.50799999999999967
2 -16.890999999999998 20.828000000000003 -17.398999999999997 0 1.1382699973601102e-15 -1 0 1 1.1382699973601102e-15 1 -0 0 0.50800000000000145
5 -15.811500000000004 20.828000000000007 -15.811499999999997 -0 1 1.1382699973601102e-15 0 -1.1382699973601102e-15 1 1 0 0 1.0794999999999999 0.50800000000000001
2 17.399000000000001 20.828000000000007 -16.890999999999998 -1 0 0 0 0 1 0 1 -0 0.50800000000000145
5 15.811500000000004 20.827999999999996 -15.811499999999997 -0 1 1.1382699973601102e-15 0 -1.1382699973601102e-15 1 1 0 0 1.0794999999999999 0.50800000000000001
2 16.890999999999998 20.827999999999964 14.351000000000003 0 -1.1382699973601102e-15 1 -0 -1 -1.1382699973601102e-15 1 0 -0 0.50800000000000145
1 17.399000000000001 52.323999999999998 -17.399000000000001 -0 1.0840666641524852e-16 1 0 -1 1.0840666641524852e-16 1 0 0 
2 15.811500000000004 15.493999999999991 -15.811499999999997 0 -1 1.0840666641524852e-16 0 -1.0840666641524852e-16 -1 1 0 0 1.5874999999999986
2 -15.811500000000004 52.323999999999998 -15.811500000000004 0 1 -1.0840666641524852e-16 0 1.0840666641524852e-16 1 1 -0 0 1.5875000000000004
1 17.399000000000001 52.323999999999998 -15.811500000000017 0 -0.70710678118654446 0.70710678118655057 0 -0.70710678118655057 -0.70710678118654446 1 0 0 
1 17.399000000000001 52.323999999999998 17.399000000000001 0 -1 0 0 -0 -1 1 0 0 
1 -15.875 44.704000000000001 0.76200000000001389 -1 0 0 0 0 1 0 1 -0 
1 -1.9857401693189431 44.704000000000001 0.76200000000001678 2.1076327330592683e-16 0 -1 -1 0 -2.1076327330592683e-16 0 1 0 
1 -15.875 44.704000000000001 13.262333847612965 0.66896473162244952 0 0.74329414624716639 0.74329414624716639 0 -0.66896473162244952 -0 1 0 
1 -14.735926497347757 44.704000000000001 14.287499999999982 -0 0 1 1 0 0 0 1 -0 
1 -0.76200000000000012 44.704000000000001 1.7109661523870037 -0.66896473162244952 0 -0.74329414624716639 -0.74329414624716639 0 0.66896473162244952 0 1 0 
1 -0.76200000000000012 44.704000000000001 14.287499999999982 1 0 0 0 0 -1 -0 1 0 
1 1.9857401693189398 44.704000000000001 0.76200000000001333 -0.66896473162244952 0 0.74329414624716639 0.74329414624716639 0 0.66896473162244952 0 1 -0 
1 15.875 44.704000000000001 0.76200000000001389 3.9030235797393838e-17 0 -1 -1 0 -3.9030235797393838e-17 0 1 0 
1 15.875 44.704000000000001 13.262333847612965 1 0 0 0 0 -1 -0 1 0 
1 -15.875 44.704000000000001 -13.262333847612993 0.66896473162244952 0 -0.74329414624716639 -0.74329414624716639 0 -0.66896473162244952 0 1 0 
1 -1.9857401693188799 44.704000000000001 -0.76199999999998813 1.4831489603009594e-16 0 1 1 0 -1.4831489603009594e-16 -0 1 0 
1 -15.875 44.704000000000001 -0.76199999999998613 -1 0 -0 0 0 1 0 1 -0 
1 0.76200000000002432 44.704000000000001 -14.287499999999982 -1 0 -1.6552002295666451e-15 -1.6552002295666451e-15 0 1 0 1 0 
1 14.735926497347752 44.704000000000001 -14.287500000000005 -1.6138202238274827e-15 0 -1 -1 0 1.6138202238274827e-15 0 1 0 
1 0.76200000000000356 44.704000000000001 -1.7109661523870023 0.66896473162245051 0 0.7432941462471655 0.7432941462471655 0 -0.66896473162245051 -0 1 0 
1 0.76200000000000012 44.704000000000001 1.7109661523870037 0.66896473162244985 0 -0.74329414624716628 -0.74329414624716628 0 -0.66896473162244985 0 1 0 
1 14.73592649734775 44.704000000000001 14.287499999999982 0 0 1 1 0 -0 -0 1 0 
1 0.76200000000000012 44.704000000000001 14.287499999999982 -1 0 -0 0 0 1 0 1 -0 
1 -14.735926497347757 44.704000000000001 -14.28750000000001 -0.66896473162245051 0 0.74329414624716572 0.74329414624716572 0 0.66896473162245051 0 1 -0 
1 -0.76199999999997237 44.704000000000001 -14.287499999999982 1.9862402754799702e-15 0 -1 -1 0 -1.9862402754799702e-15 0 1 0 
1 -0.76199999999997237 44.704000000000001 -14.287499999999982 1 0 2.2069336394221936e-15 2.2069336394221936e-15 0 -1 -0 1 0 
1 15.875 44.704000000000001 -0.76199999999998613 1 0 0 0 0 -1 -0 1 0 
1 1.9857401693188816 44.704000000000001 -0.76199999999998647 -2.3418141478436207e-17 0 1 1 0 2.3418141478436207e-17 0 1 -0 
1 15.875 44.704000000000001 -13.262333847612993 -0.66896473162244963 0 -0.74329414624716639 -0.74329414624716639 0 0.66896473162244963 0 1 0 
1 17.399000000000001 50.736500000000007 17.399000000000001 0 -0.70710678118654913 -0.70710678118654602 0 0.70710678118654602 -0.70710678118654913 1 0 0 
1 17.399000000000001 20.319999999999997 17.399000000000004 0 -1.0840666641524852e-16 -1 0 1 -1.0840666641524852e-16 1 0 0 
2 -15.811500000000004 20.319999999999997 15.811500000000006 0 -1 1.0840666641524852e-16 0 -1.0840666641524852e-16 -1 1 0 0 1.5875000000000004
2 17.399000000000001 20.827999999999996 16.891000000000002 -1 0 0 0 0 1 0 1 -0 0.50800000000000145
2 15.811500000000004 15.493999999999996 15.811500000000006 0 1 -1.0840666641524852e-16 0 1.0840666641524852e-16 1 1 -0 0 1.5874999999999986
1 17.399000000000001 20.319999999999997 17.399000000000004 -0 1 0 0 0 1 1 0 -0 
2 16.890999999999998 20.827999999999996 14.350999999999997 0 -0 1 1 0 0 -0 1 0 0.50800000000000145
5 15.811500000000004 20.827999999999996 15.811500000000006 -0 1 0 0 0 1 1 0 -0 1.0794999999999999 0.50800000000000001
5 -15.811500000000004 20.827999999999996 15.811500000000006 -0 1 0 0 0 1 1 0 -0 1.0794999999999999 0.50800000000000001
2 -16.890999999999998 20.827999999999996 17.399000000000004 0 0 -1 -1 0 0 0 1 0 0.50800000000000145
1 17.399000000000001 10.667999999999992 14.350999999999997 0 -1 -1.7074049960401604e-15 0 1.7074049960401604e-15 -1 1 0 0 
5 -15.811500000000004 10.159999999999989 15.811500000000006 0 -1 -1.7074049960401604e-15 0 1.7074049960401604e-15 -1 1 0 0 1.0794999999999999 0.50800000000000001
5 15.811500000000004 10.159999999999989 15.811500000000004 0 -1 -1.7074049960401604e-15 0 1.7074049960401604e-15 -1 1 0 0 1.0794999999999999 0.50800000000000001
1 0 44.704000000000001 0 -0 1 0 0 0 1 1 0 -0 
1 0 44.704000000000001 0 0 1 0 0 -0 1 1 0 -0 
1 0 44.704000000000001 0 0 -1 -0 0 0 -1 1 0 0 
1 0 44.704000000000001 0 0 1 0 0 -0 1 1 0 -0 
1 0 44.704000000000001 0 0 -1 -0 0 0 -1 1 0 0 
1 0 44.704000000000001 0 0 -1 0 0 0 -1 1 0 0 
1 0 44.704000000000001 0 0 -1 -0 0 0 -1 1 0 0 
1 0 44.704000000000001 0 0 1 -0 0 0 1 1 -0 0 
Triangulations 0

TShapes 1431
Ve
1e-07
-31.75 -71.628 31.75
0 0

0101101
*
Ve
1e-07
-31.75 -71.628 38.1
0 0

0101101
*
Ed
 1e-07 1 1 0
1  1 0 3.14159265358979 6.28318530717959
2  1 1 0 3.14159265358979 6.28318530717959
4 C0 1 0 2 0
0

0101000
+1431 0 -1430 0 *
Ve
1e-07
-30.1625 -71.628 30.1625
0 0

0101101
*
Ed
 1e-07 1 1 0
1  2 0 0 2.24506403026728
2  2 1 0 0 2.24506403026728
2  3 3 0 0 2.24506403026728
4 CN 1 0 3 0
0

0101000
+1431 0 -1428 0 *
Ve
1e-07
-30.1625 -71.628 39.6875
0 0

0101101
*
Ed
 1e-07 1 1 0
1  3 0 0 3.14159265358979
2  4 1 0 0 3.14159265358979
2  5 4 0 0 3.14159265358979
4 C0 1 0 4 0
0

0101000
+1428 0 -1426 0 *
Ed
 1e-07 1 1 0
1  4 0 0 2.24506403026728
2  6 1 0 0 2.24506403026728
2  7 3 0 0 2.24506403026728
4 CN 1 0 3 0
0

0101000
+1430 0 -1426 0 *
Wi

0101100
-1429 0 +1427 0 +1425 0 -1424 0 *
Fa
0  1e-07 1 0

0111000
+1423 0 *
Ed
 1e-07 1 1 0
1  5 0 3.14159265358979 6.28318530717959
2  8 5 0 3.14159265358979 6.28318530717959
2  9 3 0 3.14159265358979 6.28318530717959
4 C0 5 0 3 0
0

0101000
+1426 0 -1428 0 *
Ve
1e-07
22.225 -71.628 39.6875
0 0

0101101
*
Ed
 1e-07 1 1 0
1  6 0 1.58749999999999 53.975
2  10 5 0 1.58749999999999 53.975
2  11 4 0 1.58749999999999 53.975
4 CN 5 0 4 0
0

0101000
+1426 0 -1420 0 *
Ve
1e-07
22.225 -71.628 30.1625
0 0

0101101
*
Ed
 1e-07 1 1 0
1  7 0 0 3.14159265358979
2  12 5 0 0 3.14159265358979
4 C0 5 0 6 0
0

0101000
+1418 0 -1420 0 *
Ed
 1e-07 1 1 0
1  8 0 1.58749999999999 53.975
2  13 5 0 1.58749999999999 53.975
2  14 4 0 1.58749999999999 53.975
4 CN 5 0 4 0
0

0101000
+1428 0 -1418 0 *
Wi

0101100
-1421 0 +1419 0 -1417 0 -1416 0 *
Fa
0  1e-07 5 0

0111000
+1415 0 *
Ve
0.000140278468938249
27.9369459855234 -67.5035540144766 27.78125
0 0

0101101
*
Ve
0.000140278468938249
28.575 -65.441331021715 31.353125
0 0

0101101
*
Ed
 0.000140278468938249 1 1 0
1  9 0 2.38073234300628e-07 0.00417350216268338
2  15 8 0 2.38073234300628e-07 0.00417350216268338
4 C0 7 0 8 0
0

0101000
+1413 0 -1412 0 *
Ve
1e-07
22.225 -67.5035540144766 27.78125
0 0

0101101
*
Ed
 1e-07 1 1 0
1  10 0 0.638054014476605 6.35
4 C0 7 0 9 0
0

0101000
+1413 0 -1410 0 *
Ve
1e-07
22.225 -63.3791080289532 34.925
0 0

0101101
*
Ed
 1e-07 1 1 0
1  11 0 0 8.24889197104677
4 C0 7 0 6 0
0

0101000
+1410 0 -1408 0 *
Ve
0.000140278468940416
27.9369459855234 -63.3791080289532 34.925
0 0

0101101
*
Ed
 1e-07 1 1 0
1  12 0 0.638054014476616 6.35
4 C0 7 0 10 0
0

0101000
+1406 0 -1408 0 *
Ed
 3.60189477250637e-05 1 1 0
1  13 0 0.00417350216268338 0.00833116461490588
2  16 11 0 0.00417350216268338 0.00833116461490588
4 C0 7 0 11 0
0

0101000
+1412 0 -1406 0 *
Wi

0101100
-1411 0 +1409 0 +1407 0 -1405 0 -1404 0 *
Fa
0  1e-07 7 0

0111000
-1403 0 *
Ve
0.000140278468940416
28.575 -65.441331021715 38.496875
0 0

0101101
*
Ed
 0.000140278468940416 1 1 0
1  14 0 2.38073234303602e-07 0.00417350216268339
2  17 11 0 2.38073234303602e-07 0.00417350216268339
4 C0 10 0 11 0
0

0101000
+1406 0 -1401 0 *
Ve
1e-07
22.225 -67.5035540144766 42.06875
0 0

0101101
*
Ed
 1e-07 1 1 0
1  15 0 0 8.24889197104675
4 C0 10 0 6 0
0

0101000
+1408 0 -1399 0 *
Ve
3.74495668581578e-05
27.9369459855234 -67.5035540144766 42.06875
0 0

0101101
*
Ed
 1e-07 1 1 0
1  16 0 0.638054014476605 6.35
4 C0 10 0 12 0
0

0101000
+1397 0 -1399 0 *
Ed
 3.60189477245255e-05 1 1 0
1  17 0 0.00417350216268339 0.00833116461490587
2  18 13 0 0.00417350216268339 0.00833116461490587
4 C0 10 0 13 0
0

0101000
+1401 0 -1397 0 *
Wi

0101100
-1400 0 +1405 0 +1398 0 -1396 0 -1395 0 *
Fa
0  1e-07 10 0

0111000
-1394 0 *
Ve
0.000149504126379268
28.575 -71.628 42.06875
0 0

0101101
*
Ed
 3.74495668581578e-05 1 1 0
1  18 0 0.0224227301896231 0.026599557898891
2  19 13 0 0.0224227301896231 0.026599557898891
4 C0 12 0 13 0
0

0101000
+1397 0 -1392 0 *
Ve
1e-07
22.225 -75.7524459855234 42.06875
0 0

0101101
*
Ed
 1e-07 1 1 0
1  19 0 0 8.24889197104676
4 C0 12 0 6 0
0

0101000
+1399 0 -1390 0 *
Ve
0.000149504126379268
27.9369459855234 -75.7524459855234 42.06875
0 0

0101101
*
Ed
 1e-07 1 1 0
1  20 0 0.638054014476598 6.35
4 C0 12 0 14 0
0

0101000
+1388 0 -1390 0 *
Ed
 0.000149504126379268 1 1 0
1  21 0 0.026599557898891 0.0307728960221044
2  20 15 0 0.026599557898891 0.0307728960221044
4 C0 12 0 15 0
0

0101000
+1392 0 -1388 0 *
Wi

0101100
-1391 0 +1396 0 +1389 0 -1387 0 -1386 0 *
Fa
0  1e-07 12 0

0111000
-1385 0 *
Ve
0.000140278468942795
28.575 -77.8146689782851 38.496875
0 0

0101101
*
Ed
 0.000140278468942795 1 1 0
1  22 0 2.38073234303602e-07 0.00417350216268339
2  21 15 0 2.38073234303602e-07 0.00417350216268339
4 C0 14 0 15 0
0

0101000
+1388 0 -1383 0 *
Ve
1e-07
22.225 -79.8768919710468 34.925
0 0

0101101
*
Ed
 1e-07 1 1 0
1  23 0 0 8.24889197104677
4 C0 14 0 6 0
0

0101000
+1390 0 -1381 0 *
Ve
0.00014027846894657
27.9369459855234 -79.8768919710468 34.925
0 0

0101101
*
Ed
 1e-07 1 1 0
1  24 0 0.638054014476598 6.35
4 C0 14 0 16 0
0

0101000
+1379 0 -1381 0 *
Ed
 3.60189477212523e-05 1 1 0
1  25 0 0.00417350216268339 0.00833116461490588
2  22 17 0 0.00417350216268339 0.00833116461490588
4 C0 14 0 17 0
0

0101000
+1383 0 -1379 0 *
Wi

0101100
-1382 0 +1387 0 +1380 0 -1378 0 -1377 0 *
Fa
0  1e-07 14 0

0111000
-1376 0 *
Ve
0.00014027846894657
28.575 -77.8146689782851 31.353125
0 0

0101101
*
Ed
 0.00014027846894657 1 1 0
1  26 0 2.38073234303602e-07 0.00417350216268337
2  23 17 0 2.38073234303602e-07 0.00417350216268337
4 C0 16 0 17 0
0

0101000
+1379 0 -1374 0 *
Ve
1e-07
22.225 -75.7524459855234 27.78125
0 0

0101101
*
Ed
 1e-07 1 1 0
1  27 0 0 8.24889197104676
4 C0 16 0 6 0
0

0101000
+1381 0 -1372 0 *
Ve
0.000149504126341837
27.9369459855235 -75.7524459855236 27.78125
0 0

0101101
*
Ed
 1e-07 1 1 0
1  28 0 0.638054014476445 6.35
4 C0 16 0 9 0
0

0101000
+1370 0 -1372 0 *
Ed
 3.60189477197358e-05 1 1 0
1  29 0 0.00417350216268337 0.00833116461490574
2  24 18 0 0.00417350216268337 0.00833116461490574
4 C0 16 0 18 0
0

0101000
+1374 0 -1370 0 *
Wi

0101100
-1373 0 +1378 0 +1371 0 -1369 0 -1368 0 *
Fa
0  1e-07 16 0

0111000
-1367 0 *
Ve
0.000149504126341837
28.575 -71.628 27.78125
0 0

0101101
*
Ed
 0.000149504126341837 1 1 0
1  30 0 0.00775383212941636 0.0119300493684606
2  25 18 0 0.00775383212941636 0.0119300493684606
4 C0 9 0 18 0
0

0101000
+1370 0 -1365 0 *
Ed
 1e-07 1 1 0
1  31 0 0 8.24889197104677
4 C0 9 0 6 0
0

0101000
+1372 0 -1410 0 *
Ed
 3.74495667289137e-05 1 1 0
1  32 0 0.0119300493684606 0.0161097586012192
2  26 8 0 0.0119300493684606 0.0161097586012192
4 C0 9 0 8 0
0

0101000
+1365 0 -1413 0 *
Wi

0101100
-1364 0 +1369 0 +1363 0 -1409 0 -1362 0 *
Fa
0  1e-07 9 0

0111000
-1361 0 *
Ed
 1e-07 1 1 0
1  33 0 3.14159265358979 6.28318530717959
2  27 4 0 3.14159265358979 6.28318530717959
4 C0 4 0 6 0
0

0101000
+1420 0 -1418 0 *
Wi

0101100
-1419 0 -1425 0 +1416 0 -1359 0 *
Fa
0  1e-07 4 0

0111000
+1358 0 *
Ed
 1e-07 1 1 0
1  34 0 0 3.14159265358979
2  28 3 0 0 3.14159265358979
4 C0 3 0 2 0
0

0101000
+1430 0 -1431 0 *
Wi

0101100
-1427 0 -1356 0 +1424 0 +1421 0 *
Fa
0  1e-07 3 0

0111000
+1355 0 *
Wi

0101100
+1356 0 +1429 0 *
Fa
0  1e-07 2 0

0111000
+1353 0 *
Wi

0101100
-1407 0 -1363 0 -1371 0 -1380 0 -1389 0 -1398 0 *
Wi

0101100
+1417 0 +1359 0 *
Fa
0  1e-07 6 0

0111000
-1351 0 -1350 0 *
Ed
 1e-07 1 1 0
1  35 0 5.23598775598299 6.28318530717959
2  29 18 0 5.23598775598299 6.28318530717959
4 C0 18 0 19 0
0

0101000
+1374 0 -1365 0 *
Wi

0101100
+1368 0 +1364 0 -1348 0 *
Fa
0  1e-07 18 0

0111000
+1347 0 *
Ed
 1e-07 1 1 0
1  36 0 4.18879020478639 5.23598775598299
2  30 17 0 4.18879020478639 5.23598775598299
4 C0 17 0 19 0
0

0101000
+1383 0 -1374 0 *
Wi

0101100
+1377 0 +1373 0 -1345 0 *
Fa
0  1e-07 17 0

0111000
+1344 0 *
Ed
 1e-07 1 1 0
1  37 0 3.14159265358979 4.18879020478639
2  31 15 0 3.14159265358979 4.18879020478639
4 C0 15 0 19 0
0

0101000
+1392 0 -1383 0 *
Wi

0101100
+1386 0 +1382 0 -1342 0 *
Fa
0  1e-07 15 0

0111000
+1341 0 *
Ed
 1e-07 1 1 0
1  38 0 2.0943951023932 3.14159265358979
2  32 13 0 2.0943951023932 3.14159265358979
4 C0 13 0 19 0
0

0101000
+1401 0 -1392 0 *
Wi

0101100
+1395 0 +1391 0 -1339 0 *
Fa
0  1e-07 13 0

0111000
+1338 0 *
Ed
 1e-07 1 1 0
1  39 0 1.0471975511966 2.0943951023932
2  33 11 0 1.0471975511966 2.0943951023932
4 C0 11 0 19 0
0

0101000
+1412 0 -1401 0 *
Wi

0101100
+1404 0 +1400 0 -1336 0 *
Fa
0  1e-07 11 0

0111000
+1335 0 *
Ed
 1e-07 1 1 0
1  40 0 0 1.0471975511966
2  34 8 0 0 1.0471975511966
4 C0 8 0 19 0
0

0101000
+1365 0 -1412 0 *
Wi

0101100
+1411 0 -1333 0 +1362 0 *
Fa
0  1e-07 8 0

0111000
+1332 0 *
Wi

0101100
+1348 0 +1333 0 +1336 0 +1339 0 +1342 0 +1345 0 *
Fa
0  1e-07 19 0

0111000
+1330 0 *
Sh

0101100
+1422 0 +1414 0 -1402 0 -1393 0 -1384 0 -1375 0 -1366 0 -1360 0 +1357 0 +1354 0 
+1352 0 -1349 0 +1346 0 +1343 0 +1340 0 +1337 0 +1334 0 +1331 0 +1329 0 *
So

0100000
+1328 0 *
Ve
1e-07
-28.575 -71.628 41.9054189782851
0 0

0101101
*
Ve
1e-07
-28.575 -71.628 27.9445810217149
0 0

0101101
*
Ed
 1e-07 1 1 0
1  41 0 0 3.14159265358979
2  35 20 0 0 3.14159265358979
2  36 21 0 0 3.14159265358979
4 C0 20 0 21 0
0

0101000
+1326 0 -1325 0 *
Ve
0.000400864738044818
-28.4807007906459 -71.628 42.06875
0 0

0101101
*
Ed
 1e-07 1 1 0
1  42 0 6.15348059642736e-15 0.188598418708249
2  37 20 0 6.15348059642736e-15 0.188598418708249
2  38 22 0 6.15348059642736e-15 0.188598418708249
4 CN 20 0 22 0
0

0101000
+1326 0 -1323 0 *
Ve
0.000400864738044818
-27.8426467761692 -67.5035540144766 42.06875
0 0

0101101
*
Ed
 0.000400864738044818 1 1 0
1  43 0 0.00303890133482248 0.00720316299303494
2  39 20 0 0.00303890133482248 0.00720316299303494
4 C0 20 0 23 0
0

0101000
+1321 0 -1323 0 *
Ve
0.000136265798349439
-27.8426467761692 -63.3791080289533 34.925
0 0

0101101
*
Ed
 0.000136265798339569 1 1 0
1  44 0 2.38073234328808e-07 0.00833116461490589
2  40 20 0 2.38073234328808e-07 0.00833116461490589
4 C0 20 0 24 0
0

0101000
+1319 0 -1321 0 *
Ve
0.000400864738041296
-27.8426467761692 -67.5035540144767 27.78125
0 0

0101101
*
Ed
 0.000136265798349439 1 1 0
1  45 0 2.3807323428137e-07 0.00833116461490591
2  41 20 0 2.3807323428137e-07 0.00833116461490591
4 C0 20 0 25 0
0

0101000
+1317 0 -1319 0 *
Ve
0.000400864738041296
-28.4807007906459 -71.628 27.78125
0 0

0101101
*
Ed
 0.000400864738041296 1 1 0
1  46 0 0.0115163637874778 0.0156911358550225
2  42 20 0 0.0115163637874778 0.0156911358550225
4 C0 20 0 26 0
0

0101000
+1315 0 -1317 0 *
Ed
 1e-07 1 1 0
1  47 0 0 0.188598418708263
2  43 20 0 0 0.188598418708263
2  44 22 0 0 0.188598418708263
4 CN 20 0 22 0
0

0101000
+1325 0 -1315 0 *
Wi

0101100
-1324 0 +1322 0 -1320 0 -1318 0 -1316 0 -1314 0 -1313 0 *
Fa
0  1e-07 20 0

0111000
+1312 0 *
Ve
1e-07
-29.36875 -71.628 28.7383310217149
0 0

0101101
*
Ed
 1e-07 1 1 0
1  48 0 3.14159265358979 4.71238898038469
2  45 21 0 3.14159265358979 4.71238898038469
2  46 27 0 3.14159265358979 4.71238898038469
4 CN 21 0 27 0
0

0101000
+1325 0 -1310 0 *
Ve
1e-07
-29.36875 -71.628 41.1116689782851
0 0

0101101
*
Ed
 1e-07 1 1 0
1  49 0 0 3.14159265358979
2  47 21 0 0 3.14159265358979
4 G1 21 0 28 0
0

0101000
+1308 0 -1310 0 *
Ed
 1e-07 1 1 0
1  50 0 3.14159265358979 4.71238898038469
2  48 21 0 3.14159265358979 4.71238898038469
2  49 27 0 3.14159265358979 4.71238898038469
4 CN 21 0 27 0
0

0101000
+1326 0 -1308 0 *
Wi

0101100
+1324 0 +1309 0 -1307 0 -1306 0 *
Fa
0  1e-07 21 0

0111000
+1305 0 *
Ve
1e-07
-22.225 -71.628 41.9054189782851
0 0

0101101
*
Ve
1e-07
-22.225 -71.628 27.9445810217149
0 0

0101101
*
Ed
 1e-07 1 1 0
1  51 0 0 3.14159265358979
2  50 29 0 0 3.14159265358979
4 C0 29 0 30 0
0

0101000
+1303 0 -1302 0 *
Ve
0.00040086473803916
-22.3192992093541 -71.628 27.78125
0 0

0101101
*
Ed
 1e-07 1 1 0
1  52 0 -1.46470644766147 -1.27610802895321
2  51 29 0 -1.46470644766147 -1.27610802895321
2  52 31 0 -1.46470644766147 -1.27610802895321
4 CN 29 0 31 0
0

0101000
+1302 0 -1300 0 *
Ve
0.00040086473803916
-22.9573532238307 -67.5035540144766 27.78125
0 0

0101101
*
Ed
 0.00040086473803916 1 1 0
1  53 0 0.00303890133482275 0.00720316299303519
2  53 29 0 0.00303890133482275 0.00720316299303519
4 C0 29 0 26 0
0

0101000
+1298 0 -1300 0 *
Ve
0.000136265798348125
-22.9573532238307 -63.3791080289532 34.925
0 0

0101101
*
Ed
 0.000136265798340349 1 1 0
1  54 0 2.38073234303602e-07 0.00833116461490591
2  54 29 0 2.38073234303602e-07 0.00833116461490591
4 C0 29 0 25 0
0

0101000
+1296 0 -1298 0 *
Ve
0.00040086473803916
-22.9573532238307 -67.5035540144766 42.06875
0 0

0101101
*
Ed
 0.000136265798348125 1 1 0
1  55 0 2.38073234290292e-07 0.00833116461490589
2  55 29 0 2.38073234290292e-07 0.00833116461490589
4 C0 29 0 24 0
0

0101000
+1294 0 -1296 0 *
Ve
0.00040086473803916
-22.3192992093541 -71.628 42.06875
0 0

0101101
*
Ed
 0.00040086473803916 1 1 0
1  56 0 0.0115163637874777 0.0156911358550225
2  56 29 0 0.0115163637874777 0.0156911358550225
4 C0 29 0 23 0
0

0101000
+1292 0 -1294 0 *
Ed
 1e-07 1 1 0
1  57 0 -1.46470644766147 -1.27610802895322
2  57 29 0 -1.46470644766147 -1.27610802895322
2  58 31 0 -1.46470644766147 -1.27610802895322
4 CN 29 0 31 0
0

0101000
+1303 0 -1292 0 *
Wi

0101100
+1301 0 +1299 0 -1297 0 -1295 0 -1293 0 -1291 0 -1290 0 *
Fa
0  1e-07 29 0

0111000
+1289 0 *
Ve
1e-07
-29.36875 -71.628 30.1625
0 0

0101101
*
Ve
1e-07
-22.225 -71.628 30.1625
0 0

0101101
*
Ed
 1e-07 1 1 0
1  58 0 0 7.14375
2  59 32 0 0 7.14375
2  60 33 0 0 7.14375
4 CN 32 0 33 0
0

0101000
+1287 0 -1286 0 *
Ve
1e-07
-22.225 -71.628 39.6875
0 0

0101101
*
Ed
 1e-07 1 1 0
1  59 0 3.14159265358979 6.28318530717959
2  61 32 0 3.14159265358979 6.28318530717959
4 C0 32 0 30 0
0

0101000
+1284 0 -1286 0 *
Ve
1e-07
-29.36875 -71.628 39.6875
0 0

0101101
*
Ed
 1e-07 1 1 0
1  60 0 0 7.14375
2  62 32 0 0 7.14375
2  63 33 0 0 7.14375
4 CN 32 0 33 0
0

0101000
+1282 0 -1284 0 *
Ed
 1e-07 1 1 0
1  61 0 3.14159265358979 6.28318530717959
2  64 32 0 3.14159265358979 6.28318530717959
4 C0 32 0 28 0
0

0101000
+1282 0 -1287 0 *
Wi

0101100
+1285 0 -1283 0 -1281 0 +1280 0 *
Fa
0  1e-07 32 0

0111000
+1279 0 *
Ed
 1e-07 1 1 0
1  62 0 0 3.14159265358979
2  65 33 0 0 3.14159265358979
4 C0 30 0 33 0
0

0101000
+1286 0 -1284 0 *
Wi

0101100
-1277 0 -1283 0 *
Ed
 1e-07 1 1 0
1  63 0 3.14159265358979 6.28318530717959
2  66 31 0 3.14159265358979 6.28318530717959
4 C0 30 0 31 0
0

0101000
+1302 0 -1303 0 *
Wi

0101100
-1301 0 -1275 0 *
Fa
0  1e-07 30 0

0111000
+1276 0 +1274 0 *
Ed
 1e-07 1 1 0
1  64 0 3.14159265358979 6.28318530717959
2  67 27 0 3.14159265358979 6.28318530717959
4 G1 28 0 27 0
0

0101000
+1310 0 -1308 0 *
Wi

0101100
+1307 0 +1272 0 *
Ed
 1e-07 1 1 0
1  65 0 0 3.14159265358979
2  68 33 0 0 3.14159265358979
4 C0 28 0 33 0
0

0101000
+1287 0 -1282 0 *
Wi

0101100
+1270 0 +1280 0 *
Fa
0  1e-07 28 0

0111000
-1271 0 -1269 0 *
Wi

0101100
-1277 0 -1285 0 +1270 0 +1281 0 *
Fa
0  1e-07 33 0

0111000
+1267 0 *
Ve
0.000153076168227906
-22.9573532238307 -75.7524459855234 42.06875
0 0

0101101
*
Ed
 0.000153076168227906 1 1 0
1  66 0 0.00734403898534895 0.0115163637874777
2  69 31 0 0.00734403898534895 0.0115163637874777
4 C0 31 0 23 0
0

0101000
+1265 0 -1292 0 *
Ve
0.000136265798351395
-22.9573532238307 -79.8768919710468 34.925
0 0

0101101
*
Ed
 0.00013626579835061 1 1 0
1  67 0 2.38073234303602e-07 0.0083311646149059
2  70 31 0 2.38073234303602e-07 0.0083311646149059
4 C0 31 0 34 0
0

0101000
+1263 0 -1265 0 *
Ve
0.000153076168224066
-22.9573532238307 -75.7524459855234 27.78125
0 0

0101101
*
Ed
 0.000136265798351395 1 1 0
1  68 0 2.38073234312524e-07 0.00833116461490589
2  71 31 0 2.38073234312524e-07 0.00833116461490589
4 C0 31 0 35 0
0

0101000
+1261 0 -1263 0 *
Ed
 0.000153076168224066 1 1 0
1  69 0 0.00720316299303519 0.0113649835470689
2  72 31 0 0.00720316299303519 0.0113649835470689
4 C0 31 0 26 0
0

0101000
+1300 0 -1261 0 *
Wi

0101100
-1299 0 +1275 0 +1290 0 -1264 0 -1262 0 -1260 0 -1259 0 *
Fa
0  1e-07 31 0

0111000
+1258 0 *
Ed
 1e-07 1 1 0
1  70 0 3.14159265358979 6.28318530717959
2  73 27 0 3.14159265358979 6.28318530717959
2  74 22 0 3.14159265358979 6.28318530717959
4 C0 27 0 22 0
0

0101000
+1325 0 -1326 0 *
Wi

0101100
-1309 0 +1256 0 +1306 0 -1272 0 *
Fa
0  1e-07 27 0

0111000
+1255 0 *
Ve
0.000153076168219673
-27.8426467761692 -75.7524459855234 27.78125
0 0

0101101
*
Ed
 0.000153076168219673 1 1 0
1  71 0 0.007344038985349 0.0115163637874778
2  75 22 0 0.007344038985349 0.0115163637874778
4 C0 22 0 26 0
0

0101000
+1253 0 -1315 0 *
Ve
0.000136265798351876
-27.8426467761692 -79.8768919710468 34.925
0 0

0101101
*
Ed
 0.000136265798351876 1 1 0
1  72 0 2.38073234284344e-07 0.00833116461490586
2  76 22 0 2.38073234284344e-07 0.00833116461490586
4 C0 22 0 35 0
0

0101000
+1251 0 -1253 0 *
Ve
0.000153076168214391
-27.8426467761692 -75.7524459855234 42.06875
0 0

0101101
*
Ed
 0.000136265798348766 1 1 0
1  73 0 2.38073234284344e-07 0.00833116461490587
2  77 22 0 2.38073234284344e-07 0.00833116461490587
4 C0 22 0 34 0
0

0101000
+1249 0 -1251 0 *
Ed
 0.000153076168214391 1 1 0
1  74 0 0.00720316299303494 0.0113649835470687
2  78 22 0 0.00720316299303494 0.0113649835470687
4 C0 22 0 23 0
0

0101000
+1323 0 -1249 0 *
Wi

0101100
-1322 0 -1256 0 +1313 0 -1252 0 -1250 0 -1248 0 -1247 0 *
Fa
0  1e-07 22 0

0111000
+1246 0 *
Ed
 1e-07 1 1 0
1  75 0 1.52610322383075 6.41139677616927
4 C0 24 0 23 0
0

0101000
+1321 0 -1294 0 *
Ed
 1e-07 1 1 0
1  76 0 1.52610322383075 6.41139677616927
4 C0 24 0 25 0
0

0101000
+1319 0 -1296 0 *
Wi

0101100
+1244 0 +1293 0 -1243 0 +1318 0 *
Fa
0  1e-07 24 0

0111000
+1242 0 *
Ed
 1e-07 1 1 0
1  77 0 1.52610322383075 6.41139677616927
4 C0 23 0 34 0
0

0101000
+1249 0 -1265 0 *
Wi

0101100
+1240 0 +1264 0 +1291 0 -1244 0 +1320 0 +1247 0 *
Fa
0  1e-07 23 0

0111000
+1239 0 *
Ed
 1e-07 1 1 0
1  78 0 1.52610322383075 6.41139677616927
4 C0 34 0 35 0
0

0101000
+1251 0 -1263 0 *
Wi

0101100
+1237 0 +1262 0 -1240 0 +1248 0 *
Fa
0  1e-07 34 0

0111000
+1236 0 *
Ed
 1e-07 1 1 0
1  79 0 1.52610322383075 6.41139677616927
4 C0 35 0 26 0
0

0101000
+1253 0 -1261 0 *
Wi

0101100
+1234 0 +1260 0 -1237 0 +1250 0 *
Fa
0  1e-07 35 0

0111000
+1233 0 *
Ed
 1e-07 1 1 0
1  80 0 1.52610322383075 6.41139677616927
4 C0 26 0 25 0
0

0101000
+1317 0 -1298 0 *
Wi

0101100
+1231 0 +1297 0 +1259 0 -1234 0 +1252 0 +1314 0 *
Fa
0  1e-07 26 0

0111000
+1230 0 *
Wi

0101100
+1243 0 +1295 0 -1231 0 +1316 0 *
Fa
0  1e-07 25 0

0111000
+1228 0 *
Sh

0101100
+1311 0 +1304 0 +1288 0 -1278 0 +1273 0 -1268 0 -1266 0 +1257 0 +1254 0 +1245 0 
+1241 0 +1238 0 +1235 0 +1232 0 +1229 0 +1227 0 *
So

0100000
+1226 0 *
Ve
1e-07
0 0 -27.305
0 0

0101101
*
Ve
1e-07
3.34389808507185e-15 0 27.305
0 0

0101101
*
Ed
 1e-07 1 1 0
1  81 0 0 3.14159265358979
2  79 36 0 0 3.14159265358979
4 C0 36 0 37 0
0

0101000
+1224 0 -1223 0 *
Ve
1e-07
3.34389808507185e-15 -2.032 27.305
0 0

0101101
*
Ed
 1e-07 1 1 0
1  82 0 -12.7 -10.668
2  80 36 0 -12.7 -10.668
2  81 38 0 -12.7 -10.668
4 CN 36 0 38 0
0

0101000
+1223 0 -1221 0 *
Ve
1e-07
0 -2.032 -27.305
0 0

0101101
*
Ed
 1e-07 1 1 0
1  83 0 0 3.14159265358979
2  82 36 0 0 3.14159265358979
4 C0 36 0 39 0
0

0101000
+1219 0 -1221 0 *
Ed
 1e-07 1 1 0
1  84 0 -12.7 -10.668
2  83 36 0 -12.7 -10.668
2  84 38 0 -12.7 -10.668
4 CN 36 0 38 0
0

0101000
+1224 0 -1219 0 *
Wi

0101100
+1222 0 +1220 0 -1218 0 -1217 0 *
Fa
0  1e-07 36 0

0111000
+1216 0 *
Ed
 1e-07 1 1 0
1  85 0 3.14159265358979 6.28318530717959
2  85 38 0 3.14159265358979 6.28318530717959
4 C0 39 0 38 0
0

0101000
+1221 0 -1219 0 *
Wi

0101100
+1218 0 +1214 0 *
Fa
0  1e-07 39 0

0111000
+1213 0 *
Ed
 1e-07 1 1 0
1  86 0 3.14159265358979 6.28318530717959
2  86 38 0 3.14159265358979 6.28318530717959
4 C0 38 0 37 0
0

0101000
+1223 0 -1224 0 *
Wi

0101100
-1220 0 +1211 0 +1217 0 -1214 0 *
Fa
0  1e-07 38 0

0111000
+1210 0 *
Wi

0101100
-1222 0 -1211 0 *
Fa
0  1e-07 37 0

0111000
+1208 0 *
Sh

0101100
+1215 0 +1212 0 +1209 0 +1207 0 *
So

0100000
+1206 0 *
Ve
1e-07
0 53.594 -15.875
0 0

0101101
*
Ve
1e-07
1.94412679364642e-15 53.594 15.875
0 0

0101101
*
Ed
 1e-07 1 1 0
1  87 0 3.14159265358979 6.28318530717959
2  87 40 0 3.14159265358979 6.28318530717959
2  88 41 0 3.14159265358979 6.28318530717959
4 G1 40 0 41 0
0

0101000
+1204 0 -1203 0 *
Ve
1e-07
1.92857377929725e-15 53.848 -15.621
0 0

0101101
*
Ed
 1e-07 1 1 0
1  88 0 0 1.5707963267949
2  89 40 0 0 1.5707963267949
2  90 42 0 0 1.5707963267949
4 CN 40 0 42 0
0

0101000
+1204 0 -1201 0 *
Ve
1e-07
0 53.848 15.621
0 0

0101101
*
Ed
 1e-07 1 1 0
1  89 0 0 3.14159265358979
2  91 40 0 0 3.14159265358979
4 G1 40 0 43 0
0

0101000
+1199 0 -1201 0 *
Ed
 1e-07 1 1 0
1  90 0 0 1.5707963267949
2  92 40 0 0 1.5707963267949
2  93 42 0 0 1.5707963267949
4 CN 40 0 42 0
0

0101000
+1203 0 -1199 0 *
Wi

0101100
-1202 0 +1200 0 -1198 0 -1197 0 *
Fa
0  1e-07 40 0

0111000
+1196 0 *
Ve
1e-07
1.92857377929725e-15 52.324 -15.621
0 0

0101101
*
Ve
1e-07
0 52.324 15.621
0 0

0101101
*
Ed
 1e-07 1 1 0
1  91 0 3.14159265358979 6.28318530717959
2  94 44 0 3.14159265358979 6.28318530717959
4 G1 44 0 45 0
0

0101000
+1194 0 -1193 0 *
Ve
1e-07
0 52.578 -15.875
0 0

0101101
*
Ed
 1e-07 1 1 0
1  92 0 4.71238898038469 6.28318530717959
2  95 44 0 4.71238898038469 6.28318530717959
2  96 46 0 4.71238898038469 6.28318530717959
4 CN 44 0 46 0
0

0101000
+1194 0 -1191 0 *
Ve
1e-07
1.94412679364642e-15 52.578 15.875
0 0

0101101
*
Ed
 1e-07 1 1 0
1  93 0 0 3.14159265358979
2  97 44 0 0 3.14159265358979
2  98 41 0 0 3.14159265358979
4 G1 44 0 41 0
0

0101000
+1189 0 -1191 0 *
Ed
 1e-07 1 1 0
1  94 0 4.71238898038469 6.28318530717959
2  99 44 0 4.71238898038469 6.28318530717959
2  100 46 0 4.71238898038469 6.28318530717959
4 CN 44 0 46 0
0

0101000
+1193 0 -1189 0 *
Wi

0101100
-1192 0 +1190 0 -1188 0 -1187 0 *
Fa
0  1e-07 44 0

0111000
+1186 0 *
Ve
1e-07
0 53.848 -5.159375
0 0

0101101
*
Ve
1e-07
0 52.324 -5.159375
0 0

0101101
*
Ed
 1e-07 1 1 0
1  95 0 -0 1.524
2  101 47 0 -0 1.524
2  102 48 0 -0 1.524
4 CN 47 0 48 0
0

0101000
+1184 0 -1183 0 *
Ve
1e-07
6.31841207935088e-16 52.324 5.159375
0 0

0101101
*
Ed
 1e-07 1 1 0
1  96 0 3.14159265358979 6.28318530717959
2  103 47 0 3.14159265358979 6.28318530717959
4 C0 47 0 45 0
0

0101000
+1183 0 -1181 0 *
Ve
1e-07
6.31841207935088e-16 53.848 5.159375
0 0

0101101
*
Ed
 1e-07 1 1 0
1  97 0 -0 1.524
2  104 47 0 -0 1.524
2  105 48 0 -0 1.524
4 CN 47 0 48 0
0

0101000
+1179 0 -1181 0 *
Ed
 1e-07 1 1 0
1  98 0 3.14159265358979 6.28318530717959
2  106 47 0 3.14159265358979 6.28318530717959
4 C0 47 0 43 0
0

0101000
+1184 0 -1179 0 *
Wi

0101100
+1182 0 +1180 0 -1178 0 -1177 0 *
Fa
0  1e-07 47 0

0111000
+1176 0 *
Ed
 1e-07 1 1 0
1  99 0 0.253999999999991 1.27
2  107 41 0 0.253999999999991 1.27
2  108 49 0 0.253999999999991 1.27
4 CN 41 0 49 0
0

0101000
+1203 0 -1189 0 *
Ed
 1e-07 1 1 0
1  100 0 0.253999999999991 1.27
2  109 41 0 0.253999999999991 1.27
2  110 49 0 0.253999999999991 1.27
4 CN 41 0 49 0
0

0101000
+1204 0 -1191 0 *
Wi

0101100
+1202 0 +1174 0 +1188 0 -1173 0 *
Fa
0  1e-07 41 0

0111000
+1172 0 *
Ed
 1e-07 1 1 0
1  101 0 3.14159265358979 6.28318530717959
2  111 42 0 3.14159265358979 6.28318530717959
4 G1 43 0 42 0
0

0101000
+1201 0 -1199 0 *
Wi

0101100
+1198 0 +1170 0 *
Ed
 1e-07 1 1 0
1  102 0 0 3.14159265358979
2  112 48 0 0 3.14159265358979
4 C0 43 0 48 0
0

0101000
+1179 0 -1184 0 *
Wi

0101100
-1177 0 -1168 0 *
Fa
0  1e-07 43 0

0111000
+1169 0 +1167 0 *
Ed
 1e-07 1 1 0
1  103 0 0 3.14159265358979
2  113 46 0 0 3.14159265358979
4 G1 45 0 46 0
0

0101000
+1193 0 -1194 0 *
Wi

0101100
+1165 0 +1192 0 *
Ed
 1e-07 1 1 0
1  104 0 0 3.14159265358979
2  114 48 0 0 3.14159265358979
4 C0 45 0 48 0
0

0101000
+1181 0 -1183 0 *
Wi

0101100
+1180 0 +1163 0 *
Fa
0  1e-07 45 0

0111000
-1164 0 -1162 0 *
Ed
 1e-07 1 1 0
1  105 0 0 3.14159265358979
2  115 49 0 0 3.14159265358979
2  116 42 0 0 3.14159265358979
4 G1 49 0 42 0
0

0101000
+1203 0 -1204 0 *
Ed
 1e-07 1 1 0
1  106 0 3.14159265358979 6.28318530717959
2  117 49 0 3.14159265358979 6.28318530717959
2  118 46 0 3.14159265358979 6.28318530717959
4 G1 49 0 46 0
0

0101000
+1191 0 -1189 0 *
Wi

0101100
-1174 0 +1160 0 +1173 0 +1159 0 *
Fa
0  1e-07 49 0

0111000
+1158 0 *
Wi

0101100
+1163 0 -1182 0 -1168 0 +1178 0 *
Fa
0  1e-07 48 0

0111000
+1156 0 *
Wi

0101100
-1190 0 -1165 0 +1187 0 -1159 0 *
Fa
0  1e-07 46 0

0111000
+1154 0 *
Wi

0101100
-1200 0 -1160 0 +1197 0 -1170 0 *
Fa
0  1e-07 42 0

0111000
+1152 0 *
Sh

0101100
+1195 0 +1185 0 -1175 0 +1171 0 +1166 0 -1161 0 +1157 0 -1155 0 +1153 0 +1151 0 
*
So

0100000
+1150 0 *
Ve
1e-07
0 60.198 7.14375
0 0

0101101
*
Ve
0.000140278468941948
3.571875 60.198 6.18666897828508
0 0

0101101
*
Ed
 1e-07 1 1 0
1  107 0 0 0.523598775598299
2  119 50 0 0 0.523598775598299
4 C0 50 0 51 0
0

0101000
+1148 0 -1147 0 *
Ve
0.000140278468941948
2.58726476372709e-15 59.5599459855234 8.24889197104678
0 0

0101101
*
Ed
 1e-07 1 1 0
1  108 0 0 1.27610802895322
2  120 50 0 0 1.27610802895322
2  121 52 0 0 1.27610802895322
4 CN 50 0 52 0
0

0101000
+1148 0 -1145 0 *
Ed
 0.000140278468941948 1 1 0
1  109 0 2.38073234299605e-07 0.00417350216268339
2  122 50 0 2.38073234299605e-07 0.00417350216268339
4 C0 50 0 53 0
0

0101000
+1145 0 -1147 0 *
Wi

0101100
-1146 0 +1144 0 +1143 0 *
Fa
0  1e-07 50 0

0111000
+1142 0 *
Ve
0.000149504126342289
7.14375 59.5599459855235 -4.12444598552362
0 0

0101101
*
Ve
0.000140278468949319
3.571875 60.198 -6.18666897828509
0 0

0101101
*
Ed
 0.000140278468949319 1 1 0
1  110 0 2.38073234436295e-07 0.00417350216268339
2  123 55 0 2.38073234436295e-07 0.00417350216268339
4 C0 54 0 55 0
0

0101000
+1140 0 -1139 0 *
Ve
1e-07
7.14375 53.848 -4.12444598552339
0 0

0101101
*
Ed
 1e-07 1 1 0
1  111 0 0.638054014476452 6.35
4 C0 54 0 56 0
0

0101000
+1140 0 -1137 0 *
Ve
1e-07
-1.76501850945355e-15 53.848 -8.24889197104678
0 0

0101101
*
Ed
 1e-07 1 1 0
1  112 0 0 8.24889197104677
4 C0 54 0 57 0
0

0101000
+1137 0 -1135 0 *
Ve
0.000140278468942587
-1.45765976949431e-15 59.5599459855234 -8.24889197104678
0 0

0101101
*
Ed
 1e-07 1 1 0
1  113 0 0.638054014476609 6.35
4 C0 54 0 58 0
0

0101000
+1133 0 -1135 0 *
Ed
 3.6018947714026e-05 1 1 0
1  114 0 0.00417350216268339 0.00833116461490589
2  124 59 0 0.00417350216268339 0.00833116461490589
4 C0 54 0 59 0
0

0101000
+1139 0 -1133 0 *
Wi

0101100
-1138 0 +1136 0 +1134 0 -1132 0 -1131 0 *
Fa
0  1e-07 54 0

0111000
-1130 0 *
Ve
0.000140278468942587
-3.571875 60.198 -6.18666897828508
0 0

0101101
*
Ed
 0.000140278468942587 1 1 0
1  115 0 2.38073234298601e-07 0.00417350216268339
2  125 59 0 2.38073234298601e-07 0.00417350216268339
4 C0 58 0 59 0
0

0101000
+1133 0 -1128 0 *
Ve
1e-07
-7.14375 53.848 -4.12444598552339
0 0

0101101
*
Ed
 1e-07 1 1 0
1  116 0 0 8.24889197104678
4 C0 58 0 57 0
0

0101000
+1135 0 -1126 0 *
Ve
0.000149504126384987
-7.14375 59.5599459855235 -4.12444598552362
0 0

0101101
*
Ed
 1e-07 1 1 0
1  117 0 0.638054014476452 6.35
4 C0 58 0 60 0
0

0101000
+1124 0 -1126 0 *
Ed
 3.60189477310828e-05 1 1 0
1  118 0 0.00417350216268339 0.00833116461490575
2  126 61 0 0.00417350216268339 0.00833116461490575
4 C0 58 0 61 0
0

0101000
+1128 0 -1124 0 *
Wi

0101100
-1127 0 +1132 0 +1125 0 -1123 0 -1122 0 *
Fa
0  1e-07 58 0

0111000
-1121 0 *
Ve
0.000149504126384987
-7.14375 60.198 3.7557864968429e-15
0 0

0101101
*
Ed
 0.000149504126384987 1 1 0
1  119 0 0.00775383214311079 0.0119300493822471
2  127 61 0 0.00775383214311079 0.0119300493822471
4 C0 60 0 61 0
0

0101000
+1124 0 -1119 0 *
Ve
1e-07
-7.14375 53.848 4.12444598552339
0 0

0101101
*
Ed
 1e-07 1 1 0
1  120 0 0 8.24889197104678
4 C0 60 0 57 0
0

0101000
+1126 0 -1117 0 *
Ve
0.000140278468942624
-7.14375 59.5599459855234 4.12444598552339
0 0

0101101
*
Ed
 1e-07 1 1 0
1  121 0 0.638054014476609 6.35
4 C0 60 0 62 0
0

0101000
+1115 0 -1117 0 *
Ed
 3.74495668620621e-05 1 1 0
1  122 0 0.0119300493822471 0.0161097586148447
2  128 63 0 0.0119300493822471 0.0161097586148447
4 C0 60 0 63 0
0

0101000
+1119 0 -1115 0 *
Wi

0101100
-1118 0 +1123 0 +1116 0 -1114 0 -1113 0 *
Fa
0  1e-07 60 0

0111000
-1112 0 *
Ve
0.000140278468942624
-3.571875 60.198 6.18666897828508
0 0

0101101
*
Ed
 0.000140278468942624 1 1 0
1  123 0 2.38073234298732e-07 0.00417350216268339
2  129 63 0 2.38073234298732e-07 0.00417350216268339
4 C0 62 0 63 0
0

0101000
+1115 0 -1110 0 *
Ve
1e-07
2.66349818084338e-15 53.848 8.24889197104678
0 0

0101101
*
Ed
 1e-07 1 1 0
1  124 0 0 8.24889197104678
4 C0 62 0 57 0
0

0101000
+1117 0 -1108 0 *
Ed
 1e-07 1 1 0
1  125 0 0.638054014476609 6.35
4 C0 62 0 53 0
0

0101000
+1145 0 -1108 0 *
Ed
 3.60189477113134e-05 1 1 0
1  126 0 0.00417350216268339 0.00833116461490589
2  130 52 0 0.00417350216268339 0.00833116461490589
4 C0 62 0 52 0
0

0101000
+1110 0 -1145 0 *
Wi

0101100
-1109 0 +1114 0 +1107 0 -1106 0 -1105 0 *
Fa
0  1e-07 62 0

0111000
-1104 0 *
Ve
1e-07
7.14375 53.848 4.12444598552339
0 0

0101101
*
Ed
 1e-07 1 1 0
1  127 0 0 8.24889197104677
4 C0 53 0 57 0
0

0101000
+1108 0 -1102 0 *
Ve
3.74495667152748e-05
7.14375 59.5599459855234 4.12444598552339
0 0

0101101
*
Ed
 1e-07 1 1 0
1  128 0 0.638054014476609 6.35
4 C0 53 0 56 0
0

0101000
+1100 0 -1102 0 *
Ed
 3.60189477167841e-05 1 1 0
1  129 0 0.00417350216268339 0.00833116461490589
2  131 64 0 0.00417350216268339 0.00833116461490589
4 C0 53 0 64 0
0

0101000
+1147 0 -1100 0 *
Wi

0101100
-1143 0 +1106 0 +1101 0 -1099 0 -1098 0 *
Fa
0  1e-07 53 0

0111000
-1097 0 *
Ve
0.000149504126342289
7.14375 60.198 -1.50231459873716e-15
0 0

0101101
*
Ed
 3.74495667152748e-05 1 1 0
1  130 0 0.0224227301776684 0.0265995578869309
2  132 64 0 0.0224227301776684 0.0265995578869309
4 C0 56 0 64 0
0

0101000
+1100 0 -1095 0 *
Ed
 1e-07 1 1 0
1  131 0 0 8.24889197104678
4 C0 56 0 57 0
0

0101000
+1102 0 -1137 0 *
Ed
 0.000149504126342289 1 1 0
1  132 0 0.0265995578869309 0.0307728960098862
2  133 55 0 0.0265995578869309 0.0307728960098862
4 C0 56 0 55 0
0

0101000
+1095 0 -1140 0 *
Wi

0101100
-1094 0 +1099 0 +1093 0 -1136 0 -1092 0 *
Fa
0  1e-07 56 0

0111000
-1091 0 *
Wi

0101100
-1134 0 -1093 0 -1101 0 -1107 0 -1116 0 -1125 0 *
Fa
0  1e-07 57 0

0111000
-1089 0 *
Ed
 1e-07 1 1 0
1  133 0 5.75958653158129 6.28318530717959
2  134 52 0 5.75958653158129 6.28318530717959
4 C0 52 0 51 0
0

0101000
+1110 0 -1148 0 *
Wi

0101100
-1144 0 -1087 0 +1105 0 *
Fa
0  1e-07 52 0

0111000
+1086 0 *
Ed
 1e-07 1 1 0
1  134 0 4.71238898038469 5.75958653158129
2  135 63 0 4.71238898038469 5.75958653158129
4 C0 63 0 51 0
0

0101000
+1119 0 -1110 0 *
Wi

0101100
+1113 0 +1109 0 -1084 0 *
Fa
0  1e-07 63 0

0111000
+1083 0 *
Ed
 1e-07 1 1 0
1  135 0 3.66519142918809 4.71238898038469
2  136 61 0 3.66519142918809 4.71238898038469
4 C0 61 0 51 0
0

0101000
+1128 0 -1119 0 *
Wi

0101100
+1122 0 +1118 0 -1081 0 *
Fa
0  1e-07 61 0

0111000
+1080 0 *
Ed
 1e-07 1 1 0
1  136 0 2.61799387799149 3.66519142918809
2  137 59 0 2.61799387799149 3.66519142918809
4 C0 59 0 51 0
0

0101000
+1139 0 -1128 0 *
Wi

0101100
+1131 0 +1127 0 -1078 0 *
Fa
0  1e-07 59 0

0111000
+1077 0 *
Ed
 1e-07 1 1 0
1  137 0 1.5707963267949 2.61799387799149
2  138 55 0 1.5707963267949 2.61799387799149
4 C0 55 0 51 0
0

0101000
+1095 0 -1139 0 *
Wi

0101100
+1138 0 -1075 0 +1092 0 *
Fa
0  1e-07 55 0

0111000
+1074 0 *
Ed
 1e-07 1 1 0
1  138 0 0.523598775598299 1.5707963267949
2  139 64 0 0.523598775598299 1.5707963267949
4 C0 64 0 51 0
0

0101000
+1147 0 -1095 0 *
Wi

0101100
+1098 0 +1094 0 -1072 0 *
Fa
0  1e-07 64 0

0111000
+1071 0 *
Wi

0101100
+1087 0 +1146 0 +1072 0 +1075 0 +1078 0 +1081 0 +1084 0 *
Fa
0  1e-07 51 0

0111000
+1069 0 *
Sh

0101100
+1141 0 -1129 0 -1120 0 -1111 0 -1103 0 -1096 0 -1090 0 -1088 0 +1085 0 +1082 0 
+1079 0 +1076 0 +1073 0 +1070 0 +1068 0 *
So

0100000
+1067 0 *
Ve
1e-07
-15.875 -104.17175 34.925
0 0

0101101
*
Ve
1e-07
15.875 -104.17175 34.925
0 0

0101101
*
Ed
 1e-07 1 1 0
1  139 0 3.14159265358979 6.28318530717959
2  140 65 0 3.14159265358979 6.28318530717959
2  141 66 0 3.14159265358979 6.28318530717959
4 G2 65 0 66 0
0

0101000
+1065 0 -1064 0 *
Ve
1e-07
15.875 -39.08425 34.925
0 0

0101101
*
Ed
 1e-07 1 1 0
1  140 0 3.14159265358979 6.28318530717959
2  142 65 0 3.14159265358979 6.28318530717959
4 G1 65 0 67 0
0

0101000
+1064 0 -1062 0 *
Ve
1e-07
-15.875 -39.08425 34.925
0 0

0101101
*
Ed
 1e-07 1 1 0
1  141 0 3.14159265358979 6.28318530717959
2  143 65 0 3.14159265358979 6.28318530717959
2  144 66 0 3.14159265358979 6.28318530717959
4 G2 65 0 66 0
0

0101000
+1060 0 -1062 0 *
Ed
 1e-07 1 1 0
1  142 0 3.14159265358979 6.28318530717959
2  145 65 0 3.14159265358979 6.28318530717959
4 G1 65 0 68 0
0

0101000
+1065 0 -1060 0 *
Wi

0101100
+1063 0 +1061 0 -1059 0 -1058 0 *
Fa
0  1e-07 65 0

0111000
+1057 0 *
Ve
1e-07
18.1072448148599 -58.5089976954933 34.925
0 0

0101101
*
Ve
1e-07
18.1072448148598 -84.7470023045068 34.925
0 0

0101101
*
Ed
 1e-07 1 1 0
1  143 0 0 3.14159265358979
2  146 69 0 0 3.14159265358979
2  147 70 0 0 3.14159265358979
4 G1 69 0 70 0
0

0101000
+1055 0 -1054 0 *
Ve
1e-07
19.05 -83.2963264710721 34.925
0 0

0101101
*
Ed
 1e-07 1 1 0
1  144 0 0.418224329579225 1.5707963267949
2  148 69 0 0.418224329579225 1.5707963267949
2  149 71 0 0.418224329579225 1.5707963267949
4 CN 69 0 71 0
0

0101000
+1054 0 -1052 0 *
Ve
1e-07
19.05 -59.959673528928 34.925
0 0

0101101
*
Ed
 1e-07 1 1 0
1  145 0 0 3.14159265358979
2  150 69 0 0 3.14159265358979
4 G1 69 0 72 0
0

0101000
+1050 0 -1052 0 *
Ed
 1e-07 1 1 0
1  146 0 1.98902065637413 3.14159265358979
2  151 69 0 1.98902065637413 3.14159265358979
2  152 71 0 1.98902065637413 3.14159265358979
4 CN 69 0 71 0
0

0101000
+1055 0 -1050 0 *
Wi

0101100
+1053 0 +1051 0 -1049 0 -1048 0 *
Fa
0  1e-07 69 0

0111000
+1047 0 *
Ve
1e-07
11.90625 -55.753 34.925
0 0

0101101
*
Ed
 1e-07 1 1 0
1  147 0 -6.78585735124773 0
2  153 70 0 -6.78585735124773 0
2  154 73 0 -6.78585735124773 0
4 CN 70 0 73 0
0

0101000
+1055 0 -1045 0 *
Ve
1e-07
11.90625 -87.503 34.925
0 0

0101101
*
Ed
 1e-07 1 1 0
1  148 0 0 3.14159265358979
2  155 70 0 0 3.14159265358979
4 C0 70 0 74 0
0

0101000
+1045 0 -1043 0 *
Ed
 1e-07 1 1 0
1  149 0 -6.78585735124773 0
2  156 70 0 -6.78585735124773 0
2  157 73 0 -6.78585735124773 0
4 CN 70 0 73 0
0

0101000
+1054 0 -1043 0 *
Wi

0101100
-1053 0 +1044 0 +1042 0 -1041 0 *
Fa
0  1e-07 70 0

0111000
+1040 0 *
Ve
1e-07
11.90625 -49.4030000000001 34.925
0 0

0101101
*
Ve
1e-07
14.2875 -49.4030000000001 34.925
0 0

0101101
*
Ed
 1e-07 1 1 0
1  150 0 -3.96875 -1.5875
2  158 75 0 -3.96875 -1.5875
2  159 76 0 -3.96875 -1.5875
4 CN 75 0 76 0
0

0101000
+1038 0 -1037 0 *
Ve
1e-07
14.2875 -93.853 34.925
0 0

0101101
*
Ed
 1e-07 1 1 0
1  151 0 3.14159265358979 6.28318530717959
2  160 75 0 3.14159265358979 6.28318530717959
4 C0 75 0 77 0
0

0101000
+1035 0 -1037 0 *
Ve
1e-07
11.90625 -93.853 34.925
0 0

0101101
*
Ed
 1e-07 1 1 0
1  152 0 -3.96875 -1.5875
2  161 75 0 -3.96875 -1.5875
2  162 76 0 -3.96875 -1.5875
4 CN 75 0 76 0
0

0101000
+1033 0 -1035 0 *
Ed
 1e-07 1 1 0
1  153 0 3.14159265358979 6.28318530717959
2  163 75 0 3.14159265358979 6.28318530717959
4 C0 75 0 74 0
0

0101000
+1033 0 -1038 0 *
Wi

0101100
+1036 0 -1034 0 -1032 0 +1031 0 *
Fa
0  1e-07 75 0

0111000
+1030 0 *
Ve
1e-07
14.2875 -43.053 34.925
0 0

0101101
*
Ve
1e-07
15.875 -43.053 34.925
0 0

0101101
*
Ed
 1e-07 1 1 0
1  154 0 -1.5875 3.5527136788005e-15
2  164 78 0 -1.5875 3.5527136788005e-15
2  165 79 0 -1.5875 3.5527136788005e-15
4 CN 78 0 79 0
0

0101000
+1028 0 -1027 0 *
Ve
1e-07
15.875 -100.203 34.925
0 0

0101101
*
Ed
 1e-07 1 1 0
1  155 0 3.14159265358979 6.28318530717959
2  166 78 0 3.14159265358979 6.28318530717959
4 C0 78 0 67 0
0

0101000
+1025 0 -1027 0 *
Ve
1e-07
14.2875 -100.203 34.925
0 0

0101101
*
Ed
 1e-07 1 1 0
1  156 0 -1.5875 3.5527136788005e-15
2  167 78 0 -1.5875 3.5527136788005e-15
2  168 79 0 -1.5875 3.5527136788005e-15
4 CN 78 0 79 0
0

0101000
+1023 0 -1025 0 *
Ed
 1e-07 1 1 0
1  157 0 3.14159265358979 6.28318530717959
2  169 78 0 3.14159265358979 6.28318530717959
4 C0 78 0 77 0
0

0101000
+1023 0 -1028 0 *
Wi

0101100
+1026 0 -1024 0 -1022 0 +1021 0 *
Fa
0  1e-07 78 0

0111000
+1020 0 *
Ve
1e-07
-15.875 -43.053 34.925
0 0

0101101
*
Ve
1e-07
-14.2875 -43.053 34.925
0 0

0101101
*
Ed
 1e-07 1 1 0
1  158 0 -31.75 -30.1625
2  170 80 0 -31.75 -30.1625
2  171 81 0 -31.75 -30.1625
4 CN 80 0 81 0
0

0101000
+1018 0 -1017 0 *
Ve
1e-07
-14.2875 -100.203 34.925
0 0

0101101
*
Ed
 1e-07 1 1 0
1  159 0 3.14159265358979 6.28318530717959
2  172 80 0 3.14159265358979 6.28318530717959
4 C0 80 0 82 0
0

0101000
+1015 0 -1017 0 *
Ve
1e-07
-15.875 -100.203 34.925
0 0

0101101
*
Ed
 1e-07 1 1 0
1  160 0 -31.75 -30.1625
2  173 80 0 -31.75 -30.1625
2  174 81 0 -31.75 -30.1625
4 CN 80 0 81 0
0

0101000
+1013 0 -1015 0 *
Ed
 1e-07 1 1 0
1  161 0 3.14159265358979 6.28318530717959
2  175 80 0 3.14159265358979 6.28318530717959
4 C0 80 0 68 0
0

0101000
+1013 0 -1018 0 *
Wi

0101100
+1016 0 -1014 0 -1012 0 +1011 0 *
Fa
0  1e-07 80 0

0111000
+1010 0 *
Ve
1e-07
-14.2875 -49.403 34.925
0 0

0101101
*
Ve
1e-07
-11.90625 -49.403 34.925
0 0

0101101
*
Ed
 1e-07 1 1 0
1  162 0 -30.1625 -27.78125
2  176 83 0 -30.1625 -27.78125
2  177 84 0 -30.1625 -27.78125
4 CN 83 0 84 0
0

0101000
+1008 0 -1007 0 *
Ve
1e-07
-11.90625 -93.853 34.925
0 0

0101101
*
Ed
 1e-07 1 1 0
1  163 0 3.14159265358979 6.28318530717959
2  178 83 0 3.14159265358979 6.28318530717959
4 C0 83 0 85 0
0

0101000
+1005 0 -1007 0 *
Ve
1e-07
-14.2875 -93.853 34.925
0 0

0101101
*
Ed
 1e-07 1 1 0
1  164 0 -30.1625 -27.78125
2  179 83 0 -30.1625 -27.78125
2  180 84 0 -30.1625 -27.78125
4 CN 83 0 84 0
0

0101000
+1003 0 -1005 0 *
Ed
 1e-07 1 1 0
1  165 0 3.14159265358979 6.28318530717959
2  181 83 0 3.14159265358979 6.28318530717959
4 C0 83 0 82 0
0

0101000
+1003 0 -1008 0 *
Wi

0101100
+1006 0 -1004 0 -1002 0 +1001 0 *
Fa
0  1e-07 83 0

0111000
+1000 0 *
Ve
1e-07
-18.1072448148598 -58.5089976954933 34.925
0 0

0101101
*
Ve
1e-07
-18.1072448148599 -84.7470023045068 34.925
0 0

0101101
*
Ed
 1e-07 1 1 0
1  166 0 0 3.14159265358979
2  182 86 0 0 3.14159265358979
2  183 87 0 0 3.14159265358979
4 G1 86 0 87 0
0

0101000
+998 0 -997 0 *
Ve
1e-07
-11.90625 -87.503 34.925
0 0

0101101
*
Ed
 1e-07 1 1 0
1  167 0 0 6.78585735124774
2  184 86 0 0 6.78585735124774
2  185 88 0 0 6.78585735124774
4 CN 86 0 88 0
0

0101000
+997 0 -995 0 *
Ve
1e-07
-11.90625 -55.753 34.925
0 0

0101101
*
Ed
 1e-07 1 1 0
1  168 0 0 3.14159265358979
2  186 86 0 0 3.14159265358979
4 C0 86 0 85 0
0

0101000
+993 0 -995 0 *
Ed
 1e-07 1 1 0
1  169 0 0 6.78585735124773
2  187 86 0 0 6.78585735124773
2  188 88 0 0 6.78585735124773
4 CN 86 0 88 0
0

0101000
+998 0 -993 0 *
Wi

0101100
+996 0 +994 0 -992 0 -991 0 *
Fa
0  1e-07 86 0

0111000
+990 0 *
Ve
1e-07
-19.05 -59.9596735289279 34.925
0 0

0101101
*
Ve
1e-07
-19.05 -83.2963264710721 34.925
0 0

0101101
*
Ed
 1e-07 1 1 0
1  170 0 0 3.14159265358979
2  189 87 0 0 3.14159265358979
4 G1 87 0 89 0
0

0101000
+988 0 -987 0 *
Ed
 1e-07 1 1 0
1  171 0 4.71238898038469 5.86496097760036
2  190 87 0 4.71238898038469 5.86496097760036
2  191 90 0 4.71238898038469 5.86496097760036
4 CN 87 0 90 0
0

0101000
+987 0 -997 0 *
Ed
 1e-07 1 1 0
1  172 0 0 1.15257199721567
2  192 87 0 0 1.15257199721567
2  193 90 0 0 1.15257199721567
4 CN 87 0 90 0
0

0101000
+988 0 -998 0 *
Wi

0101100
+986 0 +985 0 -996 0 -984 0 *
Fa
0  1e-07 87 0

0111000
+983 0 *
Ve
1e-07
-19.05 -66.8655 34.925
0 0

0101101
*
Ve
1e-07
19.05 -66.8655000000001 34.925
0 0

0101101
*
Ed
 1e-07 1 1 0
1  173 0 -34.925 3.175
2  194 91 0 -34.925 3.175
2  195 92 0 -34.925 3.175
4 CN 91 0 92 0
0

0101000
+981 0 -980 0 *
Ve
1e-07
19.05 -76.3905 34.925
0 0

0101101
*
Ed
 1e-07 1 1 0
1  174 0 3.14159265358979 6.28318530717959
2  196 91 0 3.14159265358979 6.28318530717959
4 C0 91 0 72 0
0

0101000
+978 0 -980 0 *
Ve
1e-07
-19.05 -76.3905 34.925
0 0

0101101
*
Ed
 1e-07 1 1 0
1  175 0 -34.925 3.175
2  197 91 0 -34.925 3.175
2  198 92 0 -34.925 3.175
4 CN 91 0 92 0
0

0101000
+976 0 -978 0 *
Ed
 1e-07 1 1 0
1  176 0 3.14159265358979 6.28318530717959
2  199 91 0 3.14159265358979 6.28318530717959
4 C0 91 0 89 0
0

0101000
+976 0 -981 0 *
Wi

0101100
+979 0 -977 0 -975 0 +974 0 *
Fa
0  1e-07 91 0

0111000
+973 0 *
Ed
 1e-07 1 1 0
1  177 0 0 3.14159265358979
2  200 92 0 0 3.14159265358979
4 C0 92 0 72 0
0

0101000
+980 0 -978 0 *
Ed
 1e-07 1 1 0
1  178 0 0 3.14159265358979
2  201 92 0 0 3.14159265358979
4 C0 92 0 89 0
0

0101000
+981 0 -976 0 *
Wi

0101100
-971 0 -979 0 +970 0 +975 0 *
Fa
0  1e-07 92 0

0111000
+969 0 *
Ed
 1e-07 1 1 0
1  179 0 3.14159265358979 6.28318530717959
2  202 90 0 3.14159265358979 6.28318530717959
4 G1 89 0 90 0
0

0101000
+987 0 -988 0 *
Wi

0101100
-986 0 -967 0 *
Wi

0101100
+970 0 +974 0 *
Fa
0  1e-07 89 0

0111000
-966 0 -965 0 *
Ed
 1e-07 1 1 0
1  180 0 3.14159265358979 6.28318530717959
2  203 90 0 3.14159265358979 6.28318530717959
2  204 88 0 3.14159265358979 6.28318530717959
4 G1 90 0 88 0
0

0101000
+997 0 -998 0 *
Wi

0101100
-985 0 +967 0 +984 0 -963 0 *
Fa
0  1e-07 90 0

0111000
+962 0 *
Ed
 1e-07 1 1 0
1  181 0 3.14159265358979 6.28318530717959
2  205 88 0 3.14159265358979 6.28318530717959
4 C0 88 0 85 0
0

0101000
+995 0 -993 0 *
Wi

0101100
-994 0 +963 0 +991 0 -960 0 *
Fa
0  1e-07 88 0

0111000
+959 0 *
Ed
 1e-07 1 1 0
1  182 0 0 3.14159265358979
2  206 84 0 0 3.14159265358979
4 C0 85 0 84 0
0

0101000
+1007 0 -1005 0 *
Wi

0101100
-957 0 -1004 0 *
Wi

0101100
+992 0 +960 0 *
Fa
0  1e-07 85 0

0111000
-956 0 -955 0 *
Ed
 1e-07 1 1 0
1  183 0 0 3.14159265358979
2  207 84 0 0 3.14159265358979
4 C0 84 0 82 0
0

0101000
+1008 0 -1003 0 *
Wi

0101100
-957 0 -1006 0 +953 0 +1002 0 *
Fa
0  1e-07 84 0

0111000
+952 0 *
Ed
 1e-07 1 1 0
1  184 0 0 3.14159265358979
2  208 81 0 0 3.14159265358979
4 C0 82 0 81 0
0

0101000
+1017 0 -1015 0 *
Wi

0101100
-950 0 -1014 0 *
Wi

0101100
+953 0 +1001 0 *
Fa
0  1e-07 82 0

0111000
-949 0 -948 0 *
Ed
 1e-07 1 1 0
1  185 0 0 3.14159265358979
2  209 81 0 0 3.14159265358979
4 C0 81 0 68 0
0

0101000
+1018 0 -1013 0 *
Wi

0101100
-950 0 -1016 0 +946 0 +1012 0 *
Fa
0  1e-07 81 0

0111000
+945 0 *
Ed
 1e-07 1 1 0
1  186 0 0 3.14159265358979
2  210 66 0 0 3.14159265358979
4 G1 68 0 66 0
0

0101000
+1060 0 -1065 0 *
Wi

0101100
-1058 0 -943 0 *
Wi

0101100
+946 0 +1011 0 *
Fa
0  1e-07 68 0

0111000
-942 0 -941 0 *
Ed
 1e-07 1 1 0
1  187 0 0 3.14159265358979
2  211 66 0 0 3.14159265358979
4 G1 66 0 67 0
0

0101000
+1062 0 -1064 0 *
Wi

0101100
+939 0 -1063 0 -943 0 +1059 0 *
Fa
0  1e-07 66 0

0111000
+938 0 *
Ed
 1e-07 1 1 0
1  188 0 0 3.14159265358979
2  212 79 0 0 3.14159265358979
4 C0 67 0 79 0
0

0101000
+1027 0 -1025 0 *
Wi

0101100
-936 0 -1024 0 *
Wi

0101100
+1061 0 +939 0 *
Fa
0  1e-07 67 0

0111000
-935 0 -934 0 *
Ed
 1e-07 1 1 0
1  189 0 0 3.14159265358979
2  213 79 0 0 3.14159265358979
4 C0 79 0 77 0
0

0101000
+1028 0 -1023 0 *
Wi

0101100
-936 0 -1026 0 +932 0 +1022 0 *
Fa
0  1e-07 79 0

0111000
+931 0 *
Ed
 1e-07 1 1 0
1  190 0 0 3.14159265358979
2  214 76 0 0 3.14159265358979
4 C0 77 0 76 0
0

0101000
+1037 0 -1035 0 *
Wi

0101100
-929 0 -1034 0 *
Wi

0101100
+932 0 +1021 0 *
Fa
0  1e-07 77 0

0111000
-928 0 -927 0 *
Ed
 1e-07 1 1 0
1  191 0 0 3.14159265358979
2  215 76 0 0 3.14159265358979
4 C0 76 0 74 0
0

0101000
+1038 0 -1033 0 *
Wi

0101100
-929 0 -1036 0 +925 0 +1032 0 *
Fa
0  1e-07 76 0

0111000
+924 0 *
Ed
 1e-07 1 1 0
1  192 0 3.14159265358979 6.28318530717959
2  216 73 0 3.14159265358979 6.28318530717959
4 C0 74 0 73 0
0

0101000
+1043 0 -1045 0 *
Wi

0101100
-922 0 -1042 0 *
Wi

0101100
+925 0 +1031 0 *
Fa
0  1e-07 74 0

0111000
-921 0 -920 0 *
Ed
 1e-07 1 1 0
1  193 0 3.14159265358979 6.28318530717959
2  217 73 0 3.14159265358979 6.28318530717959
2  218 71 0 3.14159265358979 6.28318530717959
4 G1 73 0 71 0
0

0101000
+1054 0 -1055 0 *
Wi

0101100
-1044 0 -918 0 +1041 0 +922 0 *
Fa
0  1e-07 73 0

0111000
+917 0 *
Ed
 1e-07 1 1 0
1  194 0 3.14159265358979 6.28318530717959
2  219 71 0 3.14159265358979 6.28318530717959
4 G1 71 0 72 0
0

0101000
+1052 0 -1050 0 *
Wi

0101100
-1051 0 +918 0 +1048 0 -915 0 *
Fa
0  1e-07 71 0

0111000
+914 0 *
Wi

0101100
-971 0 -977 0 *
Wi

0101100
+1049 0 +915 0 *
Fa
0  1e-07 72 0

0111000
-912 0 -911 0 *
Sh

0101100
-1056 0 +1046 0 +1039 0 -1029 0 -1019 0 -1009 0 -999 0 +989 0 +982 0 -972 0 
-968 0 -964 0 +961 0 +958 0 -954 0 -951 0 -947 0 -944 0 -940 0 -937 0 
-933 0 -930 0 -926 0 -923 0 -919 0 +916 0 +913 0 -910 0 *
So

0100000
+909 0 *
Ve
1e-07
3.38643705587233e-15 -7.63218716883419 27.2055609893331
0 0

0101101
*
Ve
1e-07
0 -4.064 22.9531611118264
0 0

0101101
*
Ed
 1e-07 1 1 0
1  195 0 0.174532925199434 1.5707963267949
2  220 93 0 0.174532925199434 1.5707963267949
2  221 94 0 0.174532925199434 1.5707963267949
4 CN 93 0 94 0
0

0101000
+907 0 -906 0 *
Ve
1e-07
2.81095152859116e-15 -4.064 -22.9531611118264
0 0

0101101
*
Ed
 1e-07 1 1 0
1  196 0 3.14159265358979 6.28318530717959
2  222 93 0 3.14159265358979 6.28318530717959
2  223 95 0 3.14159265358979 6.28318530717959
4 C0 93 0 95 0
0

0101000
+904 0 -906 0 *
Ve
1e-07
0 -7.63218716883419 -27.2055609893331
0 0

0101101
*
Ed
 1e-07 1 1 0
1  197 0 0.174532925199434 1.5707963267949
2  224 93 0 0.174532925199434 1.5707963267949
2  225 94 0 0.174532925199434 1.5707963267949
4 CN 93 0 94 0
0

0101000
+902 0 -904 0 *
Ed
 1e-07 1 1 0
1  198 0 3.14159265358979 6.28318530717959
2  226 93 0 3.14159265358979 6.28318530717959
2  227 96 0 3.14159265358979 6.28318530717959
4 G1 93 0 96 0
0

0101000
+902 0 -907 0 *
Wi

0101100
+905 0 -903 0 -901 0 +900 0 *
Fa
0  1e-07 93 0

0111000
+899 0 *
Ve
1e-07
0 -12.7 22.9531611118264
0 0

0101101
*
Ve
1e-07
2.81095152859116e-15 -12.7 -22.9531611118264
0 0

0101101
*
Ed
 1e-07 1 1 0
1  199 0 0 3.14159265358979
2  228 97 0 0 3.14159265358979
4 C0 97 0 98 0
0

0101000
+897 0 -896 0 *
Ed
 1e-07 1 1 0
1  200 0 -10.668 -2.032
2  229 97 0 -10.668 -2.032
2  230 95 0 -10.668 -2.032
4 CN 97 0 95 0
0

0101000
+896 0 -904 0 *
Ed
 1e-07 1 1 0
1  201 0 0 3.14159265358979
2  231 97 0 0 3.14159265358979
2  232 94 0 0 3.14159265358979
4 C0 97 0 94 0
0

0101000
+906 0 -904 0 *
Ed
 1e-07 1 1 0
1  202 0 -10.668 -2.032
2  233 97 0 -10.668 -2.032
2  234 95 0 -10.668 -2.032
4 CN 97 0 95 0
0

0101000
+897 0 -906 0 *
Wi

0101100
+895 0 +894 0 -893 0 -892 0 *
Fa
0  1e-07 97 0

0111000
+891 0 *
Ve
1e-07
0 -12.7 -28.0991531246482
0 0

0101101
*
Ed
 1e-07 1 1 0
1  203 0 -5.5042884376214 -0.358296424799601
2  235 96 0 -5.5042884376214 -0.358296424799601
2  236 99 0 -5.5042884376214 -0.358296424799601
4 CN 96 0 99 0
0

0101000
+902 0 -889 0 *
Ve
1e-07
3.44115379328517e-15 -12.7 28.0991531246482
0 0

0101101
*
Ed
 1e-07 1 1 0
1  204 0 0 3.14159265358979
2  237 96 0 0 3.14159265358979
4 C0 96 0 100 0
0

0101000
+887 0 -889 0 *
Ed
 1e-07 1 1 0
1  205 0 -5.5042884376214 -0.358296424799601
2  238 96 0 -5.5042884376214 -0.358296424799601
2  239 99 0 -5.5042884376214 -0.358296424799601
4 CN 96 0 99 0
0

0101000
+907 0 -887 0 *
Wi

0101100
+888 0 -886 0 -885 0 -900 0 *
Fa
0  1e-07 96 0

0111000
+884 0 *
Ve
1e-07
0 -7.27933407181498 29.2066903434539
0 0

0101101
*
Ve
1e-07
3.57678798427987e-15 -7.27933407181498 -29.2066903434539
0 0

0101101
*
Ed
 1e-07 1 1 0
1  206 0 0 3.14159265358979
2  240 101 0 0 3.14159265358979
2  241 102 0 0 3.14159265358979
4 G1 101 0 102 0
0

0101000
+882 0 -881 0 *
Ve
1e-07
3.6938409079282e-15 -12.7 30.1625
0 0

0101101
*
Ed
 1e-07 1 1 0
1  207 0 -5.50428843762141 0
2  242 101 0 -5.50428843762141 0
2  243 103 0 -5.50428843762141 0
4 CN 101 0 103 0
0

0101000
+882 0 -879 0 *
Ve
1e-07
0 -12.7 -30.1625
0 0

0101101
*
Ed
 1e-07 1 1 0
1  208 0 0 3.14159265358979
2  244 101 0 0 3.14159265358979
4 C0 101 0 100 0
0

0101000
+879 0 -877 0 *
Ed
 1e-07 1 1 0
1  209 0 -5.50428843762141 0
2  245 101 0 -5.50428843762141 0
2  246 103 0 -5.50428843762141 0
4 CN 101 0 103 0
0

0101000
+881 0 -877 0 *
Wi

0101100
-880 0 +878 0 +876 0 -875 0 *
Fa
0  1e-07 101 0

0111000
+874 0 *
Ve
1e-07
3.19386975643552e-15 -2.032 -22.9531611118264
0 0

0101101
*
Ed
 1e-07 1 1 0
1  210 0 0.174532925199434 1.5707963267949
2  247 102 0 0.174532925199434 1.5707963267949
2  248 104 0 0.174532925199434 1.5707963267949
4 CN 102 0 104 0
0

0101000
+881 0 -872 0 *
Ve
1e-07
0 -2.032 22.9531611118264
0 0

0101101
*
Ed
 1e-07 1 1 0
1  211 0 0 3.14159265358979
2  249 102 0 0 3.14159265358979
4 G1 102 0 105 0
0

0101000
+870 0 -872 0 *
Ed
 1e-07 1 1 0
1  212 0 0.174532925199434 1.5707963267949
2  250 102 0 0.174532925199434 1.5707963267949
2  251 104 0 0.174532925199434 1.5707963267949
4 CN 102 0 104 0
0

0101000
+882 0 -870 0 *
Wi

0101100
+880 0 +871 0 -869 0 -868 0 *
Fa
0  1e-07 102 0

0111000
+867 0 *
Ed
 1e-07 1 1 0
1  213 0 3.14159265358979 6.28318530717959
2  252 103 0 3.14159265358979 6.28318530717959
4 C0 100 0 103 0
0

0101000
+877 0 -879 0 *
Wi

0101100
-865 0 -876 0 *
Ed
 1e-07 1 1 0
1  214 0 3.14159265358979 6.28318530717959
2  253 99 0 3.14159265358979 6.28318530717959
4 C0 100 0 99 0
0

0101000
+889 0 -887 0 *
Wi

0101100
-863 0 -886 0 *
Fa
0  1e-07 100 0

0111000
-864 0 -862 0 *
Ed
 1e-07 1 1 0
1  215 0 3.14159265358979 6.28318530717959
2  254 104 0 3.14159265358979 6.28318530717959
4 G1 105 0 104 0
0

0101000
+872 0 -870 0 *
Wi

0101100
+869 0 +860 0 *
Fa
0  1e-07 105 0

0111000
-859 0 *
Ed
 1e-07 1 1 0
1  216 0 3.14159265358979 6.28318530717959
2  255 104 0 3.14159265358979 6.28318530717959
2  256 103 0 3.14159265358979 6.28318530717959
4 G1 104 0 103 0
0

0101000
+881 0 -882 0 *
Wi

0101100
-871 0 +857 0 +868 0 -860 0 *
Fa
0  1e-07 104 0

0111000
+856 0 *
Wi

0101100
-878 0 -857 0 +875 0 +865 0 *
Fa
0  1e-07 103 0

0111000
+854 0 *
Ed
 1e-07 1 1 0
1  217 0 0 3.14159265358979
2  257 99 0 0 3.14159265358979
2  258 94 0 0 3.14159265358979
4 G1 99 0 94 0
0

0101000
+907 0 -902 0 *
Wi

0101100
-863 0 -888 0 -852 0 +885 0 *
Fa
0  1e-07 99 0

0111000
+851 0 *
Ed
 1e-07 1 1 0
1  218 0 3.14159265358979 6.28318530717959
2  259 95 0 3.14159265358979 6.28318530717959
4 C0 95 0 98 0
0

0101000
+896 0 -897 0 *
Wi

0101100
-894 0 +849 0 +892 0 -903 0 *
Fa
0  1e-07 95 0

0111000
+848 0 *
Wi

0101100
-893 0 -905 0 +852 0 +901 0 *
Fa
0  1e-07 94 0

0111000
+846 0 *
Wi

0101100
-895 0 -849 0 *
Fa
0  1e-07 98 0

0111000
-844 0 *
Sh

0101100
-898 0 +890 0 -883 0 +873 0 +866 0 -861 0 -858 0 +855 0 +853 0 -850 0 
+847 0 -845 0 -843 0 *
So

0100000
+842 0 *
Ve
1e-07
19.84375 -60.4919958390869 25.320625
0 0

0101101
*
Ve
1e-07
22.225 -60.4919958390869 25.320625
0 0

0101101
*
Ed
 1e-07 1 1 0
1  219 0 51.59375 53.975
2  260 106 0 51.59375 53.975
2  261 107 0 51.59375 53.975
4 CN 106 0 107 0
0

0101000
+840 0 -839 0 *
Ve
1e-07
22.225 -60.4919958390869 31.670625
0 0

0101101
*
Ed
 1e-07 1 1 0
1  220 0 3.14159265358979 6.28318530717959
2  262 106 0 3.14159265358979 6.28318530717959
4 C0 106 0 108 0
0

0101000
+837 0 -839 0 *
Ve
1e-07
19.84375 -60.4919958390869 31.670625
0 0

0101101
*
Ed
 1e-07 1 1 0
1  221 0 51.59375 53.975
2  263 106 0 51.59375 53.975
2  264 107 0 51.59375 53.975
4 CN 106 0 107 0
0

0101000
+835 0 -837 0 *
Ed
 1e-07 1 1 0
1  222 0 3.14159265358979 6.28318530717959
2  265 106 0 3.14159265358979 6.28318530717959
4 C0 106 0 109 0
0

0101000
+835 0 -840 0 *
Wi

0101100
+838 0 -836 0 -834 0 +833 0 *
Fa
0  1e-07 106 0

0111000
+832 0 *
Ve
1e-07
-22.225 -60.4919958390869 25.320625
0 0

0101101
*
Ve
1e-07
-19.84375 -60.4919958390869 25.320625
0 0

0101101
*
Ed
 1e-07 1 1 0
1  223 0 9.52500000000001 11.90625
2  266 110 0 9.52500000000001 11.90625
2  267 111 0 9.52500000000001 11.90625
4 CN 110 0 111 0
0

0101000
+830 0 -829 0 *
Ve
1e-07
-19.84375 -60.4919958390869 31.670625
0 0

0101101
*
Ed
 1e-07 1 1 0
1  224 0 3.14159265358979 6.28318530717959
2  268 110 0 3.14159265358979 6.28318530717959
4 C0 110 0 112 0
0

0101000
+829 0 -827 0 *
Ve
1e-07
-22.225 -60.4919958390869 31.670625
0 0

0101101
*
Ed
 1e-07 1 1 0
1  225 0 9.52500000000001 11.90625
2  269 110 0 9.52500000000001 11.90625
2  270 111 0 9.52500000000001 11.90625
4 CN 110 0 111 0
0

0101000
+825 0 -827 0 *
Ed
 1e-07 1 1 0
1  226 0 3.14159265358979 6.28318530717959
2  271 110 0 3.14159265358979 6.28318530717959
4 C0 110 0 113 0
0

0101000
+825 0 -830 0 *
Wi

0101100
+828 0 +826 0 -824 0 +823 0 *
Fa
0  1e-07 110 0

0111000
+822 0 *
Ve
5.04289682273133e-05
19.05 -20.6375 25.2332729960772
0 0

0101101
*
Ve
0.000321102750957672
17.1637298588972 -17.9916666666667 22.7347549165603
0 0

0101101
*
Ed
 1e-07 1 1 0
1  227 0 4.71238898038469 6.1157372279599
2  272 114 0 4.71238898038469 6.1157372279599
2  273 115 0 4.71238898038469 6.1157372279599
4 C0 114 0 115 0
0

0101000
+820 0 -819 0 *
Ve
1e-07
0 -20.6375 31.6167766556706
0 0

0101101
*
Ed
 1e-07 1 1 0
1  228 0 5.63652017030226 6.28318530717959
2  274 114 0 5.63652017030226 6.28318530717959
4 G1 114 0 116 0
0

0101000
+820 0 -817 0 *
Ve
1e-07
0 -17.9916666666667 28.4861844371137
0 0

0101101
*
Ed
 1e-07 1 1 0
1  229 0 3.30904073280948 4.71238898038469
2  275 114 0 3.30904073280948 4.71238898038469
2  276 117 0 3.30904073280948 4.71238898038469
4 CN 114 0 117 0
0

0101000
+815 0 -817 0 *
Ed
 1e-07 1 1 0
1  230 0 3.14159265358979 3.78825779046712
2  277 114 0 3.14159265358979 3.78825779046712
2  278 118 0 3.14159265358979 3.78825779046712
4 G1 114 0 118 0
0

0101000
+815 0 -819 0 *
Wi

0101100
-818 0 +816 0 -814 0 +813 0 *
Fa
0  1e-07 114 0

0111000
+812 0 *
Ve
1e-07
0 -19.84375 26.19375
0 0

0101101
*
Ve
0.000596851987456724
-16.9905405405405 -19.84375 19.9357485739249
0 0

0101101
*
Ed
 1e-07 1 1 0
1  231 0 0 0.705807538272936
2  279 119 0 0 0.705807538272936
2  280 120 0 0 0.705807538272936
4 G1 119 0 120 0
0

0101000
+810 0 -809 0 *
Ve
1e-07
0 -23.01875 29.36875
0 0

0101101
*
Ed
 1e-07 1 1 0
1  232 0 3.14159265358979 4.71238898038469
2  281 119 0 3.14159265358979 4.71238898038469
2  282 121 0 3.14159265358979 4.71238898038469
4 CN 119 0 121 0
0

0101000
+810 0 -807 0 *
Ve
0.000325048540037877
-19.05 -23.01875 22.3522029465219
0 0

0101101
*
Ed
 1e-07 1 1 0
1  233 0 5.57737776890665 6.28318530717959
2  283 119 0 5.57737776890665 6.28318530717959
4 G1 119 0 122 0
0

0101000
+805 0 -807 0 *
Ed
 1e-07 1 1 0
1  234 0 4.71238898038469 6.28318530717959
2  284 119 0 4.71238898038469 6.28318530717959
2  285 123 0 4.71238898038469 6.28318530717959
4 C0 119 0 123 0
0

0101000
+805 0 -809 0 *
Wi

0101100
-808 0 +806 0 -804 0 +803 0 *
Fa
0  1e-07 119 0

0111000
+802 0 *
Ve
1e-07
0 -23.01875 41.3969352730368
0 0

0101101
*
Ve
0.000450092523867782
-22.1231893416177 -23.01875 34.9895804969841
0 0

0101101
*
Ed
 1e-07 1 1 0
1  235 0 0 0.563816789652427
2  286 124 0 0 0.563816789652427
4 C0 124 0 122 0
0

0101000
+800 0 -799 0 *
Ve
1e-07
0 -20.6375 41.3969352730368
0 0

0101101
*
Ed
 1e-07 1 1 0
1  236 0 58.5441073038098 60.9253573038098
2  287 124 0 58.5441073038098 60.9253573038098
2  288 125 0 58.5441073038098 60.9253573038098
4 CN 124 0 125 0
0

0101000
+800 0 -797 0 *
Ve
0.000450092523867782
-19.05 -20.6375 36.753282166359
0 0

0101101
*
Ed
 1e-07 1 1 0
1  237 0 0 0.478196796496164
2  289 124 0 0 0.478196796496164
4 C0 124 0 116 0
0

0101000
+797 0 -795 0 *
Ed
 0.000450092523867782 1 1 0
1  238 0 3.17980065539225e-17 0.0045173783400973
2  290 124 0 3.17980065539225e-17 0.0045173783400973
2  291 126 0 3.17980065539225e-17 0.0045173783400973
4 C0 124 0 126 0
0

0101000
+795 0 -799 0 *
Wi

0101100
-798 0 +796 0 +794 0 +793 0 *
Fa
0  1e-07 124 0

0111000
+792 0 *
Ve
1e-07
19.84375 -71.628 30.1625
0 0

0101101
*
Ve
1e-07
22.225 -71.628 30.1625
0 0

0101101
*
Ed
 1e-07 1 1 0
1  239 0 48.41875 50.8
2  292 127 0 48.41875 50.8
2  293 128 0 48.41875 50.8
4 CN 127 0 128 0
0

0101000
+790 0 -789 0 *
Ve
1e-07
22.225 -71.628 39.6875
0 0

0101101
*
Ed
 1e-07 1 1 0
1  240 0 3.14159265358979 6.28318530717959
2  294 127 0 3.14159265358979 6.28318530717959
4 C0 127 0 108 0
0

0101000
+787 0 -789 0 *
Ve
1e-07
19.84375 -71.628 39.6875
0 0

0101101
*
Ed
 1e-07 1 1 0
1  241 0 48.41875 50.8
2  295 127 0 48.41875 50.8
2  296 128 0 48.41875 50.8
4 CN 127 0 128 0
0

0101000
+785 0 -787 0 *
Ed
 1e-07 1 1 0
1  242 0 3.14159265358979 6.28318530717959
2  297 127 0 3.14159265358979 6.28318530717959
4 C0 127 0 109 0
0

0101000
+785 0 -790 0 *
Wi

0101100
+788 0 -786 0 -784 0 +783 0 *
Fa
0  1e-07 127 0

0111000
+782 0 *
Ve
1e-07
-22.225 -71.628 30.1625
0 0

0101101
*
Ve
1e-07
-19.84375 -71.628 30.1625
0 0

0101101
*
Ed
 1e-07 1 1 0
1  243 0 6.35000000000002 8.73125000000003
2  298 129 0 6.35000000000002 8.73125000000003
2  299 130 0 6.35000000000002 8.73125000000003
4 CN 129 0 130 0
0

0101000
+780 0 -779 0 *
Ve
1e-07
-19.84375 -71.628 39.6875
0 0

0101101
*
Ed
 1e-07 1 1 0
1  244 0 3.14159265358979 6.28318530717959
2  300 129 0 3.14159265358979 6.28318530717959
4 C0 129 0 112 0
0

0101000
+779 0 -777 0 *
Ve
1e-07
-22.225 -71.628 39.6875
0 0

0101101
*
Ed
 1e-07 1 1 0
1  245 0 6.35000000000002 8.73125000000003
2  301 129 0 6.35000000000002 8.73125000000003
2  302 130 0 6.35000000000002 8.73125000000003
4 CN 129 0 130 0
0

0101000
+775 0 -777 0 *
Ed
 1e-07 1 1 0
1  246 0 3.14159265358979 6.28318530717959
2  303 129 0 3.14159265358979 6.28318530717959
4 C0 129 0 113 0
0

0101000
+775 0 -780 0 *
Wi

0101100
+778 0 +776 0 -774 0 +773 0 *
Fa
0  1e-07 129 0

0111000
+772 0 *
Ve
1e-07
0 -19.05 26.19375
0 0

0101101
*
Ve
1e-07
0 -15.08125 22.225
0 0

0101101
*
Ed
 1e-07 1 1 0
1  247 0 0 1.5707963267949
2  304 131 0 0 1.5707963267949
2  305 132 0 0 1.5707963267949
4 CN 131 0 132 0
0

0101000
+770 0 -769 0 *
Ve
1e-07
2.9647933603108e-15 -15.08125 -22.225
0 0

0101101
*
Ed
 1e-07 1 1 0
1  248 0 3.14159265358979 6.28318530717959
2  306 131 0 3.14159265358979 6.28318530717959
4 G1 131 0 133 0
0

0101000
+767 0 -769 0 *
Ve
1e-07
3.2078092095166e-15 -19.05 -26.19375
0 0

0101101
*
Ed
 1e-07 1 1 0
1  249 0 0 1.5707963267949
2  307 131 0 0 1.5707963267949
2  308 132 0 0 1.5707963267949
4 CN 131 0 132 0
0

0101000
+765 0 -767 0 *
Ed
 1e-07 1 1 0
1  250 0 3.14159265358979 6.28318530717959
2  309 131 0 3.14159265358979 6.28318530717959
2  310 120 0 3.14159265358979 6.28318530717959
4 G1 131 0 120 0
0

0101000
+765 0 -770 0 *
Wi

0101100
+768 0 -766 0 -764 0 +763 0 *
Fa
0  1e-07 131 0

0111000
+762 0 *
Ve
0.000195091027668943
-19.84375 -23.8125 -17.0978982626521
0 0

0101101
*
Ve
0.000195091027668943
-19.05 -23.01875 -17.9780432489885
0 0

0101101
*
Ed
 0.000195091027668943 1 1 0
1  251 0 0 0.00156065737865572
2  311 120 0 0 0.00156065737865572
2  312 134 0 0 0.00156065737865572
4 C0 120 0 134 0
0

0101000
+760 0 -759 0 *
Ve
0.00033782638191533
-19.84375 -33.052604727675 -17.0978982626521
0 0

0101101
*
Ed
 1e-07 1 1 0
1  252 0 -33.052604727675 -23.8125
2  313 120 0 -33.052604727675 -23.8125
4 C0 120 0 135 0
0

0101000
+757 0 -760 0 *
Ve
0.000379349208017609
-20.5302364864865 -71.9124853170474 16.2672040889466
0 0

0101101
*
Ed
 0.00033782638191533 1 1 0
1  253 0 0.113599070633646 0.166746301707652
2  314 120 0 0.113599070633646 0.166746301707652
2  315 136 0 0.113599070633646 0.166746301707652
4 C0 120 0 136 0
0

0101000
+755 0 -757 0 *
Ve
0.000596851987456724
-20.5302364864865 -23.8125 16.2672040889466
0 0

0101101
*
Ed
 1e-07 1 1 0
1  254 0 23.8125 71.9124853170474
2  316 120 0 23.8125 71.9124853170474
2  317 137 0 23.8125 71.9124853170474
4 G1 120 0 137 0
0

0101000
+753 0 -755 0 *
Ed
 0.000596851987456724 1 1 0
1  255 0 0 0.00706466637715228
2  318 120 0 0 0.00706466637715228
2  319 123 0 0 0.00706466637715228
4 C0 120 0 123 0
0

0101000
+809 0 -753 0 *
Ed
 1e-07 1 1 0
1  256 0 -19.84375 -19.05
2  320 120 0 -19.84375 -19.05
2  321 138 0 -19.84375 -19.05
4 CN 120 0 138 0
0

0101000
+810 0 -770 0 *
Ve
1e-07
3.2078092095166e-15 -23.01875 -26.19375
0 0

0101101
*
Ed
 1e-07 1 1 0
1  257 0 -23.01875 -19.05
2  322 120 0 -23.01875 -19.05
2  323 138 0 -23.01875 -19.05
4 CN 120 0 138 0
0

0101000
+749 0 -765 0 *
Ed
 1e-07 1 1 0
1  258 0 2.32725271146327 3.14159265358979
2  324 120 0 2.32725271146327 3.14159265358979
4 C0 120 0 139 0
0

0101000
+759 0 -749 0 *
Wi

0101100
-758 0 -756 0 -754 0 -752 0 -751 0 -808 0 +750 0 -763 0 -748 0 -747 0 
*
Fa
0  1e-07 120 0

0111000
+746 0 *
Ve
0.000321102750957672
20.9251250306815 -19.05 19.4594390322627
0 0

0101101
*
Ve
1e-07
3.49942822856356e-15 -19.05 -28.575
0 0

0101101
*
Ed
 1e-07 1 1 0
1  259 0 0.8216754640844 3.14159265358979
2  325 118 0 0.8216754640844 3.14159265358979
2  326 140 0 0.8216754640844 3.14159265358979
4 G1 118 0 140 0
0

0101000
+744 0 -743 0 *
Ve
1e-07
3.11060286983428e-15 -12.7 -22.225
0 0

0101101
*
Ed
 1e-07 1 1 0
1  260 0 0 1.5707963267949
2  327 118 0 0 1.5707963267949
2  328 141 0 0 1.5707963267949
4 CN 118 0 141 0
0

0101000
+743 0 -741 0 *
Ve
1e-07
0 -12.7 22.225
0 0

0101101
*
Ed
 1e-07 1 1 0
1  261 0 0 3.14159265358979
2  329 118 0 0 3.14159265358979
4 G1 118 0 142 0
0

0101000
+739 0 -741 0 *
Ed
 1e-07 1 1 0
1  262 0 0.167448079219689 1.5707963267949
2  330 118 0 0.167448079219689 1.5707963267949
2  331 141 0 0.167448079219689 1.5707963267949
4 CN 118 0 141 0
0

0101000
+815 0 -739 0 *
Ed
 0.000321102750957672 1 1 0
1  263 0 0 0.00513837656324894
2  332 118 0 0 0.00513837656324894
2  333 115 0 0 0.00513837656324894
4 C0 118 0 115 0
0

0101000
+819 0 -744 0 *
Wi

0101100
+742 0 +740 0 -738 0 -737 0 +813 0 +736 0 *
Fa
0  1e-07 118 0

0111000
+735 0 *
Ed
 1e-07 1 1 0
1  264 0 3.14159265358979 6.28318530717959
2  334 141 0 3.14159265358979 6.28318530717959
4 G1 142 0 141 0
0

0101000
+741 0 -739 0 *
Wi

0101100
+738 0 +733 0 *
Fa
0  1e-07 142 0

0111000
-732 0 *
Ve
0.000356615956019039
-20.9251230544132 -19.05 19.4594411573834
0 0

0101101
*
Ed
 1e-07 1 1 0
1  265 0 3.14159265358979 5.46150994465352
2  335 141 0 3.14159265358979 5.46150994465352
2  336 140 0 3.14159265358979 5.46150994465352
4 G1 141 0 140 0
0

0101000
+743 0 -730 0 *
Ve
0.000356615956019039
-17.1637298588971 -17.9916666666667 22.7347549165603
0 0

0101101
*
Ed
 0.000356615956019039 1 1 0
1  266 0 0 0.00513753100723876
2  337 141 0 0 0.00513753100723876
2  338 143 0 0 0.00513753100723876
4 C0 141 0 143 0
0

0101000
+730 0 -728 0 *
Ed
 1e-07 1 1 0
1  267 0 2.49492751671247 3.14159265358979
2  339 141 0 2.49492751671247 3.14159265358979
2  340 117 0 2.49492751671247 3.14159265358979
4 G1 141 0 117 0
0

0101000
+728 0 -815 0 *
Wi

0101100
-740 0 +729 0 +727 0 +726 0 +737 0 -733 0 *
Fa
0  1e-07 141 0

0111000
+725 0 *
Ve
0.000792688430905711
-19.84375 -25.0217985455665 -20.5610362320944
0 0

0101101
*
Ve
0.000792688430905711
-22.86 -72.5096568072676 17.145
0 0

0101101
*
Ed
 0.000792688430905711 1 1 0
1  268 0 0.00225544484202423 0.0655688778238698
2  341 140 0 0.00225544484202423 0.0655688778238698
2  342 136 0 0.00225544484202423 0.0655688778238698
4 C0 140 0 136 0
0

0101000
+723 0 -722 0 *
Ve
0.000172809176934894
-22.86 -23.8125 17.145
0 0

0101101
*
Ed
 1e-07 1 1 0
1  269 0 -72.5096568072676 -23.8125
2  343 140 0 -72.5096568072676 -23.8125
2  344 144 0 -72.5096568072676 -23.8125
4 G1 140 0 144 0
0

0101000
+722 0 -720 0 *
Ed
 0.000172809176934894 1 1 0
1  270 0 0 0.00584944794470909
2  345 140 0 0 0.00584944794470909
2  346 145 0 0 0.00584944794470909
4 C0 140 0 145 0
0

0101000
+720 0 -730 0 *
Ve
5.51106649704147e-05
22.86 -23.8125 17.145
0 0

0101101
*
Ed
 5.51106649704147e-05 1 1 0
1  271 0 0.00540745462191772 0.0112530823676008
2  347 140 0 0.00540745462191772 0.0112530823676008
2  348 146 0 0.00540745462191772 0.0112530823676008
4 C0 140 0 146 0
0

0101000
+744 0 -717 0 *
Ve
0.000446387812618836
22.86 -72.5096568072676 17.145
0 0

0101101
*
Ed
 1e-07 1 1 0
1  272 0 23.8125 72.5096568072676
2  349 140 0 23.8125 72.5096568072676
2  350 147 0 23.8125 72.5096568072676
4 G1 140 0 147 0
0

0101000
+717 0 -715 0 *
Ve
0.000446387812618836
19.84375 -25.0217985455665 -20.5610362320944
0 0

0101101
*
Ed
 0.000446387812618836 1 1 0
1  273 0 0.120034795218496 0.183190193950229
2  351 140 0 0.120034795218496 0.183190193950229
2  352 148 0 0.120034795218496 0.183190193950229
4 C0 140 0 148 0
0

0101000
+715 0 -713 0 *
Ve
0.000829347068767483
19.84375 -23.8125 -20.5610362320944
0 0

0101101
*
Ed
 1e-07 1 1 0
1  274 0 -25.0217985455665 -23.8125
2  353 140 0 -25.0217985455665 -23.8125
4 C0 140 0 149 0
0

0101000
+713 0 -711 0 *
Ve
0.000829347068767483
19.05 -23.01875 -21.2985474856855
0 0

0101101
*
Ed
 0.000829347068767483 1 1 0
1  275 0 0 0.00147538477513878
2  354 140 0 0 0.00147538477513878
2  355 150 0 0 0.00147538477513878
4 C0 140 0 150 0
0

0101000
+711 0 -709 0 *
Ve
0.000175533772946883
-19.05 -23.01875 -21.2985474856855
0 0

0101101
*
Ed
 1e-07 1 1 0
1  276 0 2.41186499736283 3.87132030981676
2  356 140 0 2.41186499736283 3.87132030981676
4 C0 140 0 139 0
0

0101000
+709 0 -707 0 *
Ve
0.000175533772946883
-19.84375 -23.8125 -20.5610362320944
0 0

0101101
*
Ed
 0.000175533772946883 1 1 0
1  277 0 0 0.00147406317427253
2  357 140 0 0 0.00147406317427253
2  358 134 0 0 0.00147406317427253
4 C0 140 0 134 0
0

0101000
+707 0 -705 0 *
Ed
 1e-07 1 1 0
1  278 0 23.8125 25.0217985455665
2  359 140 0 23.8125 25.0217985455665
4 C0 140 0 135 0
0

0101000
+705 0 -723 0 *
Wi

0101100
+721 0 +719 0 +718 0 -729 0 -742 0 +716 0 +714 0 +712 0 +710 0 +708 0 
+706 0 +704 0 +703 0 *
Fa
0  1e-07 140 0

0111000
+702 0 *
Ed
 1e-07 1 1 0
1  279 0 0 3.14159265358979
2  360 138 0 0 3.14159265358979
2  361 132 0 0 3.14159265358979
4 G1 138 0 132 0
0

0101000
+770 0 -765 0 *
Ve
0.00011431035240886
16.9905405405405 -19.84375 19.9357485739249
0 0

0101101
*
Ed
 1e-07 1 1 0
1  280 0 5.57737776890665 6.28318530717959
2  362 138 0 5.57737776890665 6.28318530717959
2  363 121 0 5.57737776890665 6.28318530717959
4 G1 138 0 121 0
0

0101000
+699 0 -810 0 *
Ve
0.00011431035240886
20.5302364864865 -23.8125 16.2672040889466
0 0

0101101
*
Ed
 0.00011431035240886 1 1 0
1  281 0 0 0.00708168718176141
2  364 138 0 0 0.00708168718176141
2  365 151 0 0 0.00708168718176141
4 C0 138 0 151 0
0

0101000
+697 0 -699 0 *
Ve
0.000434745558151998
20.5302364864865 -71.9124853170474 16.2672040889466
0 0

0101101
*
Ed
 1e-07 1 1 0
1  282 0 -71.9124853170474 -23.8125
2  366 138 0 -71.9124853170474 -23.8125
2  367 152 0 -71.9124853170474 -23.8125
4 G1 138 0 152 0
0

0101000
+695 0 -697 0 *
Ve
0.000434745558151998
19.84375 -33.052604727675 -17.0978982626521
0 0

0101101
*
Ed
 0.000434745558151998 1 1 0
1  283 0 0.011765053623472 0.0650196462568027
2  368 138 0 0.011765053623472 0.0650196462568027
2  369 148 0 0.011765053623472 0.0650196462568027
4 C0 138 0 148 0
0

0101000
+693 0 -695 0 *
Ve
0.000292366754318852
19.84375 -23.8125 -17.0978982626521
0 0

0101101
*
Ed
 1e-07 1 1 0
1  284 0 23.8125 33.052604727675
2  370 138 0 23.8125 33.052604727675
4 C0 138 0 149 0
0

0101000
+691 0 -693 0 *
Ve
0.000292366754318852
19.05 -23.01875 -17.9780432489885
0 0

0101101
*
Ed
 0.000292366754318852 1 1 0
1  285 0 0 0.00155218836644805
2  371 138 0 0 0.00155218836644805
2  372 150 0 0 0.00155218836644805
4 C0 138 0 150 0
0

0101000
+689 0 -691 0 *
Ed
 1e-07 1 1 0
1  286 0 3.14159265358979 3.95593259571632
2  373 138 0 3.14159265358979 3.95593259571632
4 C0 138 0 139 0
0

0101000
+749 0 -689 0 *
Wi

0101100
-700 0 -750 0 -698 0 -696 0 -694 0 -692 0 -690 0 -688 0 -687 0 +748 0 
*
Fa
0  1e-07 138 0

0111000
+686 0 *
Ed
 1e-07 1 1 0
1  287 0 0 3.14159265358979
2  374 132 0 0 3.14159265358979
4 G1 132 0 133 0
0

0101000
+769 0 -767 0 *
Wi

0101100
-684 0 -768 0 +700 0 +764 0 *
Fa
0  1e-07 132 0

0111000
+683 0 *
Wi

0101100
-684 0 -766 0 *
Fa
0  1e-07 133 0

0111000
-681 0 *
Ed
 1e-07 1 1 0
1  288 0 0 3.14159265358979
2  375 111 0 0 3.14159265358979
4 C0 113 0 111 0
0

0101000
+830 0 -825 0 *
Wi

0101100
+679 0 +823 0 *
Ed
 1e-07 1 1 0
1  289 0 0 3.14159265358979
2  376 130 0 0 3.14159265358979
4 C0 113 0 130 0
0

0101000
+780 0 -775 0 *
Wi

0101100
+677 0 +773 0 *
Ve
0.000282632089135642
-22.225 -23.8125 19.05
0 0

0101101
*
Ve
0.000149271942726941
-22.225 -23.8125 34.9276412129203
0 0

0101101
*
Ed
 1e-07 1 1 0
1  290 0 1.08948775786168 16.9671289707819
2  377 126 0 1.08948775786168 16.9671289707819
4 G1 113 0 126 0
0

0101000
+675 0 -674 0 *
Ve
0.000251478298535253
-22.225 -73.7596790320853 19.05
0 0

0101101
*
Ed
 1e-07 1 1 0
1  291 0 -49.2398793182861 0.707299713799202
2  378 144 0 -49.2398793182861 0.707299713799202
4 G1 113 0 144 0
0

0101000
+675 0 -672 0 *
Ve
1e-07
-22.225 -80.2698652094155 30.9195299024587
0 0

0101101
*
Ed
 1e-07 1 1 0
1  292 0 1.00146749759726 1.13677596471224
2  379 136 0 1.00146749759726 1.13677596471224
4 C0 113 0 136 0
0

0101000
+672 0 -670 0 *
Ve
1e-07
-22.225 -68.033174528269 43.7455926574008
0 0

0101101
*
Ed
 1e-07 1 1 0
1  293 0 1.13677596471224 3.5285899723896
2  380 153 0 1.13677596471224 3.5285899723896
4 C0 113 0 153 0
0

0101000
+670 0 -668 0 *
Ed
 1e-07 1 1 0
1  294 0 5.89618798837978 6.27653030706062
2  381 154 0 5.89618798837978 6.27653030706062
4 C0 113 0 154 0
0

0101000
+668 0 -674 0 *
Wi

0101100
-673 0 +671 0 +669 0 +667 0 +666 0 *
Fa
0  1e-07 113 0

0111000
-678 0 -676 0 -665 0 *
Ed
 1e-07 1 1 0
1  295 0 0 3.14159265358979
2  382 107 0 0 3.14159265358979
4 C0 108 0 107 0
0

0101000
+839 0 -837 0 *
Wi

0101100
-663 0 -836 0 *
Ed
 1e-07 1 1 0
1  296 0 0 3.14159265358979
2  383 128 0 0 3.14159265358979
4 C0 108 0 128 0
0

0101000
+789 0 -787 0 *
Wi

0101100
-661 0 -786 0 *
Ve
0.000318472301647669
22.225 -73.7596790320853 19.05
0 0

0101101
*
Ve
1e-07
22.225 -80.2698652094155 30.9195299024587
0 0

0101101
*
Ed
 1e-07 1 1 0
1  297 0 1.00146749759726 1.13677596471224
2  384 148 0 1.00146749759726 1.13677596471224
4 C0 108 0 148 0
0

0101000
+659 0 -658 0 *
Ve
0.000146326349531562
22.225 -23.8125 19.05
0 0

0101101
*
Ed
 1e-07 1 1 0
1  298 0 -73.7596790320853 -23.8125
2  385 147 0 -73.7596790320853 -23.8125
4 G1 108 0 147 0
0

0101000
+659 0 -656 0 *
Ve
0.000128818176710836
22.225 -23.8125 34.9276412129203
0 0

0101101
*
Ed
 1e-07 1 1 0
1  299 0 1.08948775786169 16.9671289707819
2  386 155 0 1.08948775786169 16.9671289707819
4 G1 108 0 155 0
0

0101000
+656 0 -654 0 *
Ve
1e-07
22.225 -68.033174528269 43.7455926574008
0 0

0101101
*
Ed
 1e-07 1 1 0
1  300 0 5.89618798837978 6.27653030706062
2  387 156 0 5.89618798837978 6.27653030706062
4 C0 108 0 156 0
0

0101000
+652 0 -654 0 *
Ed
 1e-07 1 1 0
1  301 0 1.13677596471224 3.5285899723896
2  388 157 0 1.13677596471224 3.5285899723896
4 C0 108 0 157 0
0

0101000
+658 0 -652 0 *
Wi

0101100
-657 0 +655 0 +653 0 -651 0 -650 0 *
Fa
0  1e-07 108 0

0101000
+662 0 +660 0 +649 0 *
Ve
0.000218628495100132
21.8922103558906 -22.3974150934066 19.9065550021245
0 0

0101101
*
Ed
 0.000146326349531562 1 1 0
1  302 0 -5.99999999292983e-08 0.00174157698744751
2  389 155 0 -5.99999999292983e-08 0.00174157698744751
2  390 146 0 -5.99999999292983e-08 0.00174157698744751
4 C0 155 0 146 0
0

0101000
+656 0 -647 0 *
Ve
0.000218628495100132
21.1505015667124 -21.4316271690104 21.6215989247363
0 0

0101101
*
Ed
 0.000218628495100132 1 1 0
1  303 0 -5.99999999984888e-08 0.00212840866365071
2  391 155 0 -5.99999999984888e-08 0.00212840866365071
2  392 146 0 -5.99999999984888e-08 0.00212840866365071
4 C0 155 0 146 0
0

0101000
+647 0 -645 0 *
Ed
 5.04289682273133e-05 1 1 0
1  304 0 0 0.00427039544730763
2  393 155 0 0 0.00427039544730763
2  394 115 0 0 0.00427039544730763
4 C0 155 0 115 0
0

0101000
+645 0 -820 0 *
Ve
0.000138262309080785
19.05 -20.6375 36.753282166359
0 0

0101101
*
Ed
 1e-07 1 1 0
1  305 0 3.93472551039173 15.4547346806735
2  395 155 0 3.93472551039173 15.4547346806735
4 C0 155 0 116 0
0

0101000
+820 0 -642 0 *
Ve
0.000138262309080785
22.1234861442255 -23.01875 34.989392833061
0 0

0101101
*
Ed
 0.000138262309080785 1 1 0
1  306 0 0 0.00454116398412984
2  396 155 0 0 0.00454116398412984
2  397 125 0 0 0.00454116398412984
4 C0 155 0 125 0
0

0101000
+640 0 -642 0 *
Ve
0.000128818176710836
22.1234861442255 -23.01875 34.925
0 0

0101101
*
Ed
 1e-07 1 1 0
1  307 0 16.8393951544879 16.903787987549
2  398 155 0 16.8393951544879 16.903787987549
4 C0 155 0 122 0
0

0101000
+638 0 -640 0 *
Ed
 0.000128818176710836 1 1 0
1  308 0 6.93889390390723e-18 0.000800219408299928
2  399 155 0 6.93889390390723e-18 0.000800219408299928
2  400 156 0 6.93889390390723e-18 0.000800219408299928
4 C0 155 0 156 0
0

0101000
+654 0 -638 0 *
Wi

0101100
-653 0 +646 0 +644 0 +643 0 +641 0 -639 0 -637 0 -636 0 *
Fa
0  1e-07 155 0

0101000
+635 0 *
Ve
0.0005510919216466
-19.05 -20.6375 25.2332729960772
0 0

0101101
*
Ed
 1e-07 1 1 0
1  309 0 0 0.646665136877328
2  401 117 0 0 0.646665136877328
4 G1 116 0 117 0
0

0101000
+817 0 -633 0 *
Ed
 1e-07 1 1 0
1  310 0 3.93472551039171 15.4547346806734
2  402 126 0 3.93472551039171 15.4547346806734
4 C0 116 0 126 0
0

0101000
+633 0 -795 0 *
Ed
 1e-07 1 1 0
1  311 0 5.80498851068342 6.28318530717959
2  403 125 0 5.80498851068342 6.28318530717959
4 C0 116 0 125 0
0

0101000
+642 0 -797 0 *
Wi

0101100
-641 0 +816 0 +632 0 +631 0 -794 0 -630 0 *
Fa
0  1e-07 116 0

0111000
+629 0 *
Ve
0.0005510919216466
-21.1503622203748 -21.4315062504219 21.6216012859815
0 0

0101101
*
Ed
 0.0005510919216466 1 1 0
1  312 0 -5.9999999999619e-08 0.00426883834793906
2  404 126 0 -5.9999999999619e-08 0.00426883834793906
2  405 143 0 -5.9999999999619e-08 0.00426883834793906
4 C0 126 0 143 0
0

0101000
+633 0 -627 0 *
Ve
0.000282632089135642
-21.8906375364458 -22.3942604622155 19.9104629094597
0 0

0101101
*
Ed
 9.79317151216688e-05 1 1 0
1  313 0 0.00441509952730411 0.00651356586948975
2  406 126 0 0.00441509952730411 0.00651356586948975
2  407 145 0 0.00441509952730411 0.00651356586948975
4 C0 126 0 145 0
0

0101000
+627 0 -625 0 *
Ed
 0.000282632089135642 1 1 0
1  314 0 -5.99999999947021e-08 0.00175891534343016
2  408 126 0 -5.99999999947021e-08 0.00175891534343016
2  409 145 0 -5.99999999947021e-08 0.00175891534343016
4 C0 126 0 145 0
0

0101000
+625 0 -675 0 *
Ve
0.000149271942726941
-22.1231893416177 -23.01875 34.925
0 0

0101101
*
Ed
 0.000149271942726941 1 1 0
1  315 0 1.76907777093865e-17 0.000800257114098896
2  410 126 0 1.76907777093865e-17 0.000800257114098896
2  411 154 0 1.76907777093865e-17 0.000800257114098896
4 C0 126 0 154 0
0

0101000
+622 0 -674 0 *
Ed
 1e-07 1 1 0
1  316 0 -16.9036212404347 -16.8390407434506
2  412 126 0 -16.9036212404347 -16.8390407434506
4 C0 126 0 122 0
0

0101000
+799 0 -622 0 *
Wi

0101100
-631 0 +626 0 +624 0 +623 0 +673 0 -621 0 -620 0 -793 0 *
Fa
0  1e-07 126 0

0101000
+619 0 *
Ed
 1e-07 1 1 0
1  317 0 0 3.14159265358979
2  413 107 0 0 3.14159265358979
4 C0 109 0 107 0
0

0101000
+840 0 -835 0 *
Wi

0101100
+617 0 +833 0 *
Ed
 1e-07 1 1 0
1  318 0 0 3.14159265358979
2  414 128 0 0 3.14159265358979
4 C0 109 0 128 0
0

0101000
+790 0 -785 0 *
Wi

0101100
+615 0 +783 0 *
Ve
0.000312068978965974
19.84375 -23.8125 18.2389864027583
0 0

0101101
*
Ve
0.000917671664940204
19.84375 -23.8125 34.9276412129203
0 0

0101101
*
Ed
 1e-07 1 1 0
1  319 0 46.8139864027583 63.5026412129203
2  415 158 0 46.8139864027583 63.5026412129203
4 G1 109 0 158 0
0

0101000
+613 0 -612 0 *
Ve
0.000294143865500129
19.84375 -73.2350811319479 18.2389864027583
0 0

0101101
*
Ed
 1e-07 1 1 0
1  320 0 0 49.4225811319479
2  416 152 0 0 49.4225811319479
4 G1 109 0 152 0
0

0101000
+613 0 -610 0 *
Ve
1e-07
19.84375 -80.2698652094155 30.9195299024587
0 0

0101101
*
Ed
 1e-07 1 1 0
1  321 0 0.991820771908456 1.13677596471224
2  417 148 0 0.991820771908456 1.13677596471224
4 C0 109 0 148 0
0

0101000
+610 0 -608 0 *
Ve
1e-07
19.84375 -68.033174528269 43.7455926574008
0 0

0101101
*
Ed
 1e-07 1 1 0
1  322 0 1.13677596471224 3.5285899723896
2  418 157 0 1.13677596471224 3.5285899723896
4 C0 109 0 157 0
0

0101000
+608 0 -606 0 *
Ed
 1e-07 1 1 0
1  323 0 5.89618798837978 6.27653030706062
2  419 156 0 5.89618798837978 6.27653030706062
4 C0 109 0 156 0
0

0101000
+606 0 -612 0 *
Wi

0101100
-611 0 +609 0 +607 0 +605 0 +604 0 *
Fa
0  1e-07 109 0

0111000
-616 0 -614 0 -603 0 *
Ve
0.000917671664940204
19.05 -23.01875 34.925
0 0

0101101
*
Ed
 0.000917671664940204 1 1 0
1  324 0 0 0.00124109923241841
2  420 158 0 0 0.00124109923241841
2  421 156 0 0 0.00124109923241841
4 C0 158 0 156 0
0

0101000
+612 0 -601 0 *
Ve
0.000312068978965974
19.05 -23.01875 22.3522029465219
0 0

0101101
*
Ed
 0.000312068978965974 1 1 0
1  325 0 0 0.00436317996972083
2  422 158 0 0 0.00436317996972083
2  423 151 0 0 0.00436317996972083
4 C0 158 0 151 0
0

0101000
+599 0 -613 0 *
Ed
 1e-07 1 1 0
1  326 0 50.9272029465219 63.5
2  424 158 0 50.9272029465219 63.5
4 G1 158 0 122 0
0

0101000
+599 0 -601 0 *
Wi

0101100
-600 0 -611 0 -598 0 +597 0 *
Fa
0  1e-07 158 0

0111000
+596 0 *
Ve
6.21686456122432e-05
-19.05 -23.01875 34.925
0 0

0101101
*
Ed
 1e-07 1 1 0
1  327 0 50.9272029465219 63.5
2  425 159 0 50.9272029465219 63.5
4 G1 122 0 159 0
0

0101000
+805 0 -594 0 *
Ed
 1e-07 1 1 0
1  328 0 0 0.705807538272935
2  426 121 0 0 0.705807538272935
4 G1 122 0 121 0
0

0101000
+807 0 -599 0 *
Ed
 1e-07 1 1 0
1  329 0 47.625 50.6984861442255
2  427 156 0 47.625 50.6984861442255
4 C0 122 0 156 0
0

0101000
+601 0 -638 0 *
Ed
 1e-07 1 1 0
1  330 0 5.71936003490463 6.28318530717959
2  428 125 0 5.71936003490463 6.28318530717959
4 C0 122 0 125 0
0

0101000
+640 0 -800 0 *
Ed
 1e-07 1 1 0
1  331 0 6.45181065838232 9.52500000000002
2  429 154 0 6.45181065838232 9.52500000000002
4 C0 122 0 154 0
0

0101000
+622 0 -594 0 *
Wi

0101100
-593 0 +804 0 +592 0 +597 0 +591 0 +637 0 +590 0 +798 0 +620 0 +589 0 
*
Fa
0  1e-07 122 0

0111000
-588 0 *
Ve
6.21686456122432e-05
-19.84375 -23.8125 34.9276412129203
0 0

0101101
*
Ed
 6.21686456122432e-05 1 1 0
1  332 0 0.00124109923241841 0.00248163670129559
2  430 159 0 0.00124109923241841 0.00248163670129559
2  431 154 0 0.00124109923241841 0.00248163670129559
4 C0 159 0 154 0
0

0101000
+594 0 -586 0 *
Ve
0.000325048540037877
-19.84375 -23.8125 18.2389864027583
0 0

0101101
*
Ed
 0.000325048540037877 1 1 0
1  333 0 0 0.00442338716341744
2  432 159 0 0 0.00442338716341744
2  433 123 0 0 0.00442338716341744
4 C0 159 0 123 0
0

0101000
+584 0 -805 0 *
Ed
 1e-07 1 1 0
1  334 0 46.8139864027583 63.5026412129203
2  434 159 0 46.8139864027583 63.5026412129203
4 G1 159 0 112 0
0

0101000
+584 0 -586 0 *
Wi

0101100
-585 0 -593 0 -583 0 +582 0 *
Fa
0  1e-07 159 0

0111000
+581 0 *
Ed
 1e-07 1 1 0
1  335 0 0 3.14159265358979
2  435 111 0 0 3.14159265358979
4 C0 112 0 111 0
0

0101000
+827 0 -829 0 *
Wi

0101100
+826 0 +579 0 *
Ed
 1e-07 1 1 0
1  336 0 0 3.14159265358979
2  436 130 0 0 3.14159265358979
4 C0 112 0 130 0
0

0101000
+777 0 -779 0 *
Wi

0101100
+776 0 +577 0 *
Ve
1e-07
-19.84375 -80.2698652094155 30.9195299024587
0 0

0101101
*
Ve
0.000379349208017609
-19.84375 -73.2350811319479 18.2389864027583
0 0

0101101
*
Ed
 1e-07 1 1 0
1  337 0 2.00481668887755 2.14977188168133
2  437 136 0 2.00481668887755 2.14977188168133
4 C0 112 0 136 0
0

0101000
+575 0 -574 0 *
Ed
 1e-07 1 1 0
1  338 0 36.4929188680521 85.9155
2  438 137 0 36.4929188680521 85.9155
4 G1 112 0 137 0
0

0101000
+574 0 -584 0 *
Ve
1e-07
-19.84375 -68.033174528269 43.7455926574008
0 0

0101101
*
Ed
 1e-07 1 1 0
1  339 0 3.14824765370876 3.5285899723896
2  439 154 0 3.14824765370876 3.5285899723896
4 C0 112 0 154 0
0

0101000
+586 0 -571 0 *
Ed
 1e-07 1 1 0
1  340 0 5.89618798837978 8.28800199605713
2  440 153 0 5.89618798837978 8.28800199605713
4 C0 112 0 153 0
0

0101000
+571 0 -575 0 *
Wi

0101100
+573 0 +572 0 +582 0 +570 0 +569 0 *
Fa
0  1e-07 112 0

0111000
-578 0 -576 0 -568 0 *
Ed
 1e-07 1 1 0
1  341 0 2.69076856449641 2.77814261054314
2  441 136 0 2.69076856449641 2.77814261054314
4 C0 135 0 136 0
0

0101000
+757 0 -723 0 *
Ed
 1e-07 1 1 0
1  342 0 8.01396376790557 11.4771017373479
2  442 134 0 8.01396376790557 11.4771017373479
4 G1 135 0 134 0
0

0101000
+705 0 -760 0 *
Wi

0101100
-756 0 +566 0 -703 0 +565 0 *
Fa
0  1e-07 135 0

0111000
-564 0 *
Ed
 1e-07 1 1 0
1  343 0 7.27645251431451 10.5969567510115
2  443 134 0 7.27645251431451 10.5969567510115
4 G1 134 0 139 0
0

0101000
+707 0 -759 0 *
Wi

0101100
+704 0 +565 0 +758 0 -562 0 *
Fa
0  1e-07 134 0

0111000
+561 0 *
Ed
 1e-07 1 1 0
1  344 0 7.27645251431451 10.5969567510115
2  444 150 0 7.27645251431451 10.5969567510115
4 G1 139 0 150 0
0

0101000
+709 0 -689 0 *
Wi

0101100
+559 0 -687 0 -747 0 -562 0 -706 0 *
Fa
0  1e-07 139 0

0111000
-558 0 *
Ed
 1e-07 1 1 0
1  345 0 8.01396376790557 11.4771017373479
2  445 150 0 8.01396376790557 11.4771017373479
4 G1 150 0 149 0
0

0101000
+711 0 -691 0 *
Wi

0101100
+708 0 +559 0 +688 0 -556 0 *
Fa
0  1e-07 150 0

0111000
+555 0 *
Ed
 1e-07 1 1 0
1  346 0 0.363450043046653 0.450824089093383
2  446 148 0 0.363450043046653 0.450824089093383
4 C0 149 0 148 0
0

0101000
+713 0 -693 0 *
Wi

0101100
-710 0 +553 0 -690 0 -556 0 *
Fa
0  1e-07 149 0

0111000
-552 0 *
Ed
 1e-07 1 1 0
1  347 0 48.41875 50.8
2  447 156 0 48.41875 50.8
2  448 157 0 48.41875 50.8
4 G1 156 0 157 0
0

0101000
+606 0 -652 0 *
Wi

0101100
-651 0 -550 0 +604 0 +600 0 +591 0 -636 0 *
Fa
0  1e-07 156 0

0111000
+549 0 *
Ed
 0.000294143865500129 1 1 0
1  348 0 0 0.00248548470808026
2  449 148 0 0 0.00248548470808026
2  450 152 0 0 0.00248548470808026
4 C0 148 0 152 0
0

0101000
+610 0 -695 0 *
Ed
 0.000318472301647669 1 1 0
1  349 0 2.98453111774546e-17 0.00237404174047057
2  451 148 0 2.98453111774546e-17 0.00237404174047057
2  452 147 0 2.98453111774546e-17 0.00237404174047057
4 C0 148 0 147 0
0

0101000
+715 0 -659 0 *
Ed
 1e-07 1 1 0
1  350 0 48.41875 50.8
2  453 148 0 48.41875 50.8
2  454 157 0 48.41875 50.8
4 G1 148 0 157 0
0

0101000
+608 0 -658 0 *
Wi

0101100
-607 0 +547 0 -692 0 -553 0 -712 0 +546 0 +657 0 -545 0 *
Fa
0  1e-07 148 0

0111000
+544 0 *
Wi

0101100
+650 0 -550 0 -605 0 +545 0 *
Fa
0  1e-07 157 0

0111000
+542 0 *
Ed
 1e-07 1 1 0
1  351 0 6.35000000000002 8.73125000000003
2  455 154 0 6.35000000000002 8.73125000000003
2  456 153 0 6.35000000000002 8.73125000000003
4 G1 154 0 153 0
0

0101000
+668 0 -571 0 *
Wi

0101100
+589 0 +585 0 +570 0 -540 0 +666 0 -621 0 *
Fa
0  1e-07 154 0

0111000
+539 0 *
Ed
 1e-07 1 1 0
1  352 0 6.35000000000002 8.73125000000003
2  457 153 0 6.35000000000002 8.73125000000003
2  458 136 0 6.35000000000002 8.73125000000003
4 G1 153 0 136 0
0

0101000
+670 0 -575 0 *
Wi

0101100
+537 0 -569 0 -540 0 -667 0 *
Fa
0  1e-07 153 0

0111000
+536 0 *
Ed
 0.000379349208017609 1 1 0
1  353 0 3.46944695195361e-18 0.00248317251569157
2  459 136 0 3.46944695195361e-18 0.00248317251569157
2  460 137 0 3.46944695195361e-18 0.00248317251569157
4 C0 136 0 137 0
0

0101000
+755 0 -574 0 *
Ed
 0.000251478298535253 1 1 0
1  354 0 0 0.00237568006172794
2  461 136 0 0 0.00237568006172794
2  462 144 0 0 0.00237568006172794
4 C0 136 0 144 0
0

0101000
+672 0 -722 0 *
Wi

0101100
-754 0 +534 0 -573 0 -537 0 -669 0 +533 0 -721 0 -566 0 *
Fa
0  1e-07 136 0

0111000
+532 0 *
Wi

0101100
+577 0 -778 0 +677 0 +774 0 *
Fa
0  1e-07 130 0

0111000
+530 0 *
Wi

0101100
-661 0 -788 0 +615 0 +784 0 *
Fa
0  1e-07 128 0

0111000
+528 0 *
Wi

0101100
-796 0 -590 0 +639 0 +630 0 *
Fa
0  1e-07 125 0

0111000
+526 0 *
Ed
 1e-07 1 1 0
1  355 0 1.57079632679489 2.24085732758967
2  463 137 0 1.57079632679489 2.24085732758967
2  464 123 0 1.57079632679489 2.24085732758967
4 G1 137 0 123 0
0

0101000
+584 0 -753 0 *
Wi

0101100
-534 0 -752 0 -524 0 -572 0 *
Fa
0  1e-07 137 0

0111000
+523 0 *
Wi

0101100
+524 0 -751 0 -803 0 -583 0 *
Fa
0  1e-07 123 0

0111000
+521 0 *
Ed
 1e-07 1 1 0
1  356 0 4.71238898038469 6.28318530717959
2  465 121 0 4.71238898038469 6.28318530717959
2  466 151 0 4.71238898038469 6.28318530717959
4 C0 121 0 151 0
0

0101000
+599 0 -699 0 *
Wi

0101100
-806 0 -698 0 -519 0 -592 0 *
Fa
0  1e-07 121 0

0111000
+518 0 *
Ed
 1e-07 1 1 0
1  357 0 4.71238898038469 5.38244998117946
2  467 151 0 4.71238898038469 5.38244998117946
2  468 152 0 4.71238898038469 5.38244998117946
4 G1 151 0 152 0
0

0101000
+613 0 -697 0 *
Wi

0101100
+519 0 -696 0 -516 0 -598 0 *
Fa
0  1e-07 151 0

0111000
+515 0 *
Wi

0101100
-547 0 -609 0 +516 0 -694 0 *
Fa
0  1e-07 152 0

0111000
+513 0 *
Ed
 1e-07 1 1 0
1  358 0 4.71238898038469 5.35589008917797
2  469 147 0 4.71238898038469 5.35589008917797
2  470 146 0 4.71238898038469 5.35589008917797
4 G1 147 0 146 0
0

0101000
+656 0 -717 0 *
Wi

0101100
+655 0 +511 0 +714 0 +546 0 *
Fa
0  1e-07 147 0

0101000
+510 0 *
Ed
 1e-07 1 1 0
1  359 0 5.21791098776548 6.28318530717959
2  471 146 0 5.21791098776548 6.28318530717959
2  472 115 0 5.21791098776548 6.28318530717959
4 C0 146 0 115 0
0

0101000
+645 0 -744 0 *
Wi

0101100
+646 0 +644 0 +508 0 +716 0 -511 0 *
Fa
0  1e-07 146 0

0111000
+507 0 *
Wi

0101100
+643 0 +818 0 +736 0 -508 0 *
Fa
0  1e-07 115 0

0111000
+505 0 *
Ed
 1e-07 1 1 0
1  360 0 4.71238898038469 6.1157372279599
2  473 117 0 4.71238898038469 6.1157372279599
2  474 143 0 4.71238898038469 6.1157372279599
4 C0 117 0 143 0
0

0101000
+633 0 -728 0 *
Wi

0101100
+632 0 +503 0 +726 0 +814 0 *
Fa
0  1e-07 117 0

0111000
+502 0 *
Ed
 1e-07 1 1 0
1  361 0 5.21794709066769 6.28318530717959
2  475 143 0 5.21794709066769 6.28318530717959
2  476 145 0 5.21794709066769 6.28318530717959
4 C0 143 0 145 0
0

0101000
+627 0 -730 0 *
Wi

0101100
+626 0 +500 0 +727 0 -503 0 *
Fa
0  1e-07 143 0

0101000
+499 0 *
Ed
 1e-07 1 1 0
1  362 0 3.14159265358979 3.78509376238308
2  477 145 0 3.14159265358979 3.78509376238308
2  478 144 0 3.14159265358979 3.78509376238308
4 G1 145 0 144 0
0

0101000
+675 0 -720 0 *
Wi

0101100
+624 0 +623 0 +497 0 +718 0 -500 0 *
Fa
0  1e-07 145 0

0111000
+496 0 *
Wi

0101100
+719 0 -497 0 +671 0 +533 0 *
Fa
0  1e-07 144 0

0111000
+494 0 *
Wi

0101100
+579 0 -828 0 +679 0 +824 0 *
Fa
0  1e-07 111 0

0111000
+492 0 *
Wi

0101100
-663 0 -838 0 +617 0 +834 0 *
Fa
0  1e-07 107 0

0111000
+490 0 *
Sh

0101100
-831 0 -821 0 -811 0 +801 0 +791 0 -781 0 -771 0 -761 0 -745 0 +734 0 
-731 0 +724 0 +701 0 -685 0 -682 0 -680 0 -664 0 +648 0 +634 0 +628 0 
+618 0 -602 0 -595 0 -587 0 -580 0 -567 0 -563 0 -560 0 -557 0 -554 0 
-551 0 -548 0 +543 0 +541 0 -538 0 +535 0 +531 0 -529 0 -527 0 +525 0 
+522 0 +520 0 +517 0 +514 0 +512 0 -509 0 -506 0 -504 0 -501 0 -498 0 
-495 0 -493 0 -491 0 -489 0 *
So

0100000
+488 0 *
Ve
1e-07
17.399 15.494 9.017
0 0

0101101
*
Ve
1e-07
17.399 10.16 14.351
0 0

0101101
*
Ed
 1e-07 1 1 0
1  363 0 0 1.5707963267949
2  479 160 0 0 1.5707963267949
4 G1 160 0 161 0
0

0101000
+486 0 -485 0 *
Ve
1e-07
16.891 15.494 9.525
0 0

0101101
*
Ed
 1e-07 1 1 0
1  364 0 1.5707963267949 3.14159265358979
2  480 160 0 1.5707963267949 3.14159265358979
2  481 162 0 1.5707963267949 3.14159265358979
4 CN 160 0 162 0
0

0101000
+486 0 -483 0 *
Ve
1e-07
16.891 10.668 14.351
0 0

0101101
*
Ed
 1e-07 1 1 0
1  365 0 4.71238898038469 6.28318530717959
2  482 160 0 4.71238898038469 6.28318530717959
2  483 163 0 4.71238898038469 6.28318530717959
4 G1 160 0 163 0
0

0101000
+481 0 -483 0 *
Ed
 1e-07 1 1 0
1  366 0 1.5707963267949 3.14159265358979
2  484 160 0 1.5707963267949 3.14159265358979
2  485 164 0 1.5707963267949 3.14159265358979
4 G1 160 0 164 0
0

0101000
+481 0 -485 0 *
Wi

0101100
-484 0 +482 0 -480 0 +479 0 *
Fa
0  1e-07 160 0

0111000
+478 0 *
Ve
1e-07
-16.891 15.494 9.525
0 0

0101101
*
Ve
1e-07
-16.891 10.668 14.351
0 0

0101101
*
Ed
 1e-07 1 1 0
1  367 0 0 1.5707963267949
2  486 165 0 0 1.5707963267949
2  487 163 0 0 1.5707963267949
4 G1 165 0 163 0
0

0101000
+476 0 -475 0 *
Ve
1e-07
-17.399 15.494 9.017
0 0

0101101
*
Ed
 1e-07 1 1 0
1  368 0 3.14159265358979 4.71238898038469
2  488 165 0 3.14159265358979 4.71238898038469
2  489 166 0 3.14159265358979 4.71238898038469
4 CN 165 0 166 0
0

0101000
+476 0 -473 0 *
Ve
1e-07
-17.399 10.16 14.351
0 0

0101101
*
Ed
 1e-07 1 1 0
1  369 0 4.71238898038469 6.28318530717959
2  490 165 0 4.71238898038469 6.28318530717959
4 G1 165 0 167 0
0

0101000
+471 0 -473 0 *
Ed
 1e-07 1 1 0
1  370 0 0 1.5707963267949
2  491 165 0 0 1.5707963267949
2  492 168 0 0 1.5707963267949
4 G1 165 0 168 0
0

0101000
+471 0 -475 0 *
Wi

0101100
-474 0 +472 0 -470 0 +469 0 *
Fa
0  1e-07 165 0

0111000
+468 0 *
Ve
1e-07
16.891 20.32 -14.351
0 0

0101101
*
Ve
1e-07
-16.891 20.32 -14.351
0 0

0101101
*
Ed
 1e-07 1 1 0
1  371 0 0.508000000000003 34.29
2  493 169 0 0.508000000000003 34.29
4 G1 169 0 170 0
0

0101000
+466 0 -465 0 *
Ve
1e-07
-16.891 15.494 -9.525
0 0

0101101
*
Ed
 1e-07 1 1 0
1  372 0 3.14159265358979 4.71238898038469
2  494 169 0 3.14159265358979 4.71238898038469
2  495 171 0 3.14159265358979 4.71238898038469
4 G1 169 0 171 0
0

0101000
+463 0 -465 0 *
Ve
1e-07
16.891 15.494 -9.525
0 0

0101101
*
Ed
 1e-07 1 1 0
1  373 0 0.508000000000003 34.29
2  496 169 0 0.508000000000003 34.29
2  497 172 0 0.508000000000003 34.29
4 CN 169 0 172 0
0

0101000
+461 0 -463 0 *
Ed
 1e-07 1 1 0
1  374 0 1.5707963267949 3.14159265358979
2  498 169 0 1.5707963267949 3.14159265358979
2  499 173 0 1.5707963267949 3.14159265358979
4 G1 169 0 173 0
0

0101000
+466 0 -461 0 *
Wi

0101100
+464 0 -462 0 -460 0 -459 0 *
Fa
0  1e-07 169 0

0111000
+458 0 *
Ve
1e-07
15.8115 0 17.399
0 0

0101101
*
Ve
1e-07
15.8115 10.16 17.399
0 0

0101101
*
Ed
 1e-07 1 1 0
1  375 0 -10.668 -0.508000000000001
2  500 175 0 -10.668 -0.508000000000001
4 G1 174 0 175 0
0

0101000
+456 0 -455 0 *
Ve
1e-07
-15.8115 10.16 17.399
0 0

0101101
*
Ed
 1e-07 1 1 0
1  376 0 1.5875 33.2105
2  501 176 0 1.5875 33.2105
4 G1 174 0 176 0
0

0101000
+455 0 -453 0 *
Ve
1e-07
-15.8115 0 17.399
0 0

0101101
*
Ed
 1e-07 1 1 0
1  377 0 -10.16 0
2  502 177 0 -10.16 0
4 G1 174 0 177 0
0

0101000
+453 0 -451 0 *
Ed
 1e-07 1 1 0
1  378 0 1.5875 33.2105
4 C0 174 0 178 0
0

0101000
+456 0 -451 0 *
Wi

0101100
+454 0 +452 0 +450 0 -449 0 *
Fa
0  1e-07 174 0

0111000
-448 0 *
Ve
1e-07
-17.399 0 15.8115
0 0

0101101
*
Ve
1e-07
-17.399 0 -15.8115
0 0

0101101
*
Ed
 1e-07 1 1 0
1  379 0 1.5875 33.2105
4 C0 178 0 167 0
0

0101000
+446 0 -445 0 *
Ve
1e-07
-15.8115 0 -17.399
0 0

0101101
*
Ed
 1e-07 1 1 0
1  380 0 1.5707963267949 3.14159265358979
2  503 179 0 1.5707963267949 3.14159265358979
4 C0 178 0 179 0
0

0101000
+445 0 -443 0 *
Ve
1e-07
15.8115 0 -17.399
0 0

0101101
*
Ed
 1e-07 1 1 0
1  381 0 1.5875 33.2105
4 C0 178 0 180 0
0

0101000
+441 0 -443 0 *
Ve
1e-07
17.399 0 -15.8115
0 0

0101101
*
Ed
 1e-07 1 1 0
1  382 0 3.14159265358979 4.71238898038469
2  504 181 0 3.14159265358979 4.71238898038469
4 C0 178 0 181 0
0

0101000
+441 0 -439 0 *
Ve
1e-07
17.399 0 15.8115
0 0

0101101
*
Ed
 1e-07 1 1 0
1  383 0 1.5875 33.2105
4 C0 178 0 161 0
0

0101000
+437 0 -439 0 *
Ed
 1e-07 1 1 0
1  384 0 4.71238898038469 6.28318530717959
2  505 175 0 4.71238898038469 6.28318530717959
4 C0 178 0 175 0
0

0101000
+437 0 -456 0 *
Ed
 1e-07 1 1 0
1  385 0 0 1.5707963267949
2  506 177 0 0 1.5707963267949
4 C0 178 0 177 0
0

0101000
+451 0 -446 0 *
Wi

0101100
+444 0 +442 0 -440 0 +438 0 -436 0 +435 0 +449 0 +434 0 *
Fa
0  1e-07 178 0

0111000
-433 0 *
Ve
1e-07
-15.8115 10.16 -17.399
0 0

0101101
*
Ed
 1e-07 1 1 0
1  386 0 -10.668 -0.507999999999999
2  507 179 0 -10.668 -0.507999999999999
4 G1 180 0 179 0
0

0101000
+443 0 -431 0 *
Ve
1e-07
15.8115 10.16 -17.399
0 0

0101101
*
Ed
 1e-07 1 1 0
1  387 0 -33.2105 -1.5875
2  508 182 0 -33.2105 -1.5875
4 G1 180 0 182 0
0

0101000
+431 0 -429 0 *
Ed
 1e-07 1 1 0
1  388 0 -10.16 5.16286748802621e-16
2  509 181 0 -10.16 5.16286748802621e-16
4 G1 180 0 181 0
0

0101000
+429 0 -441 0 *
Wi

0101100
+430 0 +428 0 +427 0 +440 0 *
Fa
0  1e-07 180 0

0111000
-426 0 *
Ve
1e-07
16.891 10.668 -14.351
0 0

0101101
*
Ve
1e-07
-16.891 10.668 -14.351
0 0

0101101
*
Ed
 1e-07 1 1 0
1  389 0 0.508000000000003 34.29
2  510 172 0 0.508000000000003 34.29
4 G1 183 0 172 0
0

0101000
+424 0 -423 0 *
Ve
1e-07
16.891 10.668 -15.8115
0 0

0101101
*
Ed
 1e-07 1 1 0
1  390 0 -1.4605 -0
2  511 184 0 -1.4605 -0
4 G1 183 0 184 0
0

0101000
+424 0 -421 0 *
Ve
1e-07
15.8115 10.668 -16.891
0 0

0101101
*
Ed
 1e-07 1 1 0
1  391 0 4.71238898038468 6.28318530717959
2  512 185 0 4.71238898038468 6.28318530717959
4 G1 183 0 185 0
0

0101000
+421 0 -419 0 *
Ve
1e-07
-15.8115 10.668 -16.891
0 0

0101101
*
Ed
 1e-07 1 1 0
1  392 0 1.5875 33.2105
2  513 182 0 1.5875 33.2105
4 G1 183 0 182 0
0

0101000
+419 0 -417 0 *
Ve
1e-07
-16.891 10.668 -15.8115
0 0

0101101
*
Ed
 1e-07 1 1 0
1  393 0 0 1.57079632679489
2  514 186 0 0 1.57079632679489
4 G1 183 0 186 0
0

0101000
+417 0 -415 0 *
Ed
 1e-07 1 1 0
1  394 0 -1.46050000000001 0
2  515 187 0 -1.46050000000001 0
4 G1 183 0 187 0
0

0101000
+415 0 -423 0 *
Wi

0101100
-422 0 +420 0 +418 0 +416 0 +414 0 +413 0 *
Fa
0  1e-07 183 0

0111000
-412 0 *
Ed
 1e-07 1 1 0
1  395 0 1.5707963267949 3.14159265358979
2  516 172 0 1.5707963267949 3.14159265358979
2  517 171 0 1.5707963267949 3.14159265358979
4 G1 172 0 171 0
0

0101000
+423 0 -463 0 *
Ed
 1e-07 1 1 0
1  396 0 3.14159265358979 4.71238898038469
2  518 172 0 3.14159265358979 4.71238898038469
2  519 173 0 3.14159265358979 4.71238898038469
4 G1 172 0 173 0
0

0101000
+461 0 -424 0 *
Wi

0101100
-410 0 -422 0 -409 0 +460 0 *
Fa
0  1e-07 172 0

0111000
+408 0 *
Ve
1e-07
-16.891 20.32 -15.8115
0 0

0101101
*
Ed
 1e-07 1 1 0
1  397 0 -3.048 -1.5875
2  520 188 0 -3.048 -1.5875
4 G1 170 0 188 0
0

0101000
+465 0 -406 0 *
Ve
1e-07
-15.8115 20.32 -16.891
0 0

0101101
*
Ed
 1e-07 1 1 0
1  398 0 1.5707963267949 3.14159265358979
2  521 189 0 1.5707963267949 3.14159265358979
4 G1 170 0 189 0
0

0101000
+406 0 -404 0 *
Ve
1e-07
15.8115 20.32 -16.891
0 0

0101101
*
Ed
 1e-07 1 1 0
1  399 0 -33.2105 -1.5875
2  522 190 0 -33.2105 -1.5875
4 G1 170 0 190 0
0

0101000
+404 0 -402 0 *
Ve
1e-07
16.891 20.32 -15.8115
0 0

0101101
*
Ed
 1e-07 1 1 0
1  400 0 3.14159265358979 4.71238898038469
2  523 191 0 3.14159265358979 4.71238898038469
4 G1 170 0 191 0
0

0101000
+402 0 -400 0 *
Ed
 1e-07 1 1 0
1  401 0 -1.4605 3.5527136788005e-15
2  524 192 0 -1.4605 3.5527136788005e-15
4 G1 170 0 192 0
0

0101000
+400 0 -466 0 *
Wi

0101100
+464 0 +405 0 +403 0 +401 0 +399 0 +398 0 *
Fa
0  1e-07 170 0

0111000
-397 0 *
Ve
1e-07
15.8115 50.7365 -17.399
0 0

0101101
*
Ve
1e-07
15.8115 20.828 -17.399
0 0

0101101
*
Ed
 1e-07 1 1 0
1  402 0 -30.4165 -0.508000000000003
2  525 194 0 -30.4165 -0.508000000000003
4 G1 193 0 194 0
0

0101000
+395 0 -394 0 *
Ve
1e-07
-15.8115 20.828 -17.399
0 0

0101101
*
Ed
 1e-07 1 1 0
1  403 0 1.5875 33.2105
2  526 190 0 1.5875 33.2105
4 G1 193 0 190 0
0

0101000
+394 0 -392 0 *
Ve
1e-07
-15.8115 50.7365 -17.399
0 0

0101101
*
Ed
 1e-07 1 1 0
1  404 0 -31.496 -1.58749999999999
2  527 195 0 -31.496 -1.58749999999999
4 G1 193 0 195 0
0

0101000
+392 0 -390 0 *
Ed
 1e-07 1 1 0
1  405 0 -33.2105 -1.5875
4 C0 193 0 196 0
0

0101000
+390 0 -395 0 *
Wi

0101100
+393 0 +391 0 +389 0 +388 0 *
Fa
0  1e-07 193 0

0111000
-387 0 *
Ve
1e-07
-15.875 52.324 0.762000000000016
0 0

0101101
*
Ve
1e-07
-15.875 52.324 13.262333847613
0 0

0101101
*
Ed
 1e-07 1 1 0
1  406 0 2.22044604925031e-15 12.5003338476129
4 C0 197 0 198 0
0

0101000
+385 0 -384 0 *
Ve
1e-07
-1.98574016931894 52.324 0.762000000000017
0 0

0101101
*
Ed
 1e-07 1 1 0
1  407 0 0 13.8892598306811
4 C0 197 0 199 0
0

0101000
+382 0 -385 0 *
Ed
 1e-07 1 1 0
1  408 0 0 18.6860880054106
4 C0 197 0 200 0
0

0101000
+384 0 -382 0 *
Wi

0101100
-383 0 -381 0 -380 0 *
Ve
1e-07
-14.7359264973478 52.324 14.2875
0 0

0101101
*
Ve
1e-07
-0.762 52.324 14.2875
0 0

0101101
*
Ed
 1e-07 1 1 0
1  409 0 5.32907051820075e-15 13.9739264973478
4 C0 197 0 201 0
0

0101000
+378 0 -377 0 *
Ve
1e-07
-0.762 52.324 1.710966152387
0 0

0101101
*
Ed
 1e-07 1 1 0
1  410 0 0 18.7999953556758
4 C0 197 0 202 0
0

0101000
+375 0 -378 0 *
Ed
 1e-07 1 1 0
1  411 0 0 12.576533847613
4 C0 197 0 203 0
0

0101000
+377 0 -375 0 *
Wi

0101100
-376 0 -374 0 -373 0 *
Ve
1e-07
1.98574016931894 52.324 0.762000000000009
0 0

0101101
*
Ve
1e-07
15.875 52.324 13.262333847613
0 0

0101101
*
Ed
 1e-07 1 1 0
1  412 0 -4.89356809212993e-15 18.6860880054106
4 C0 197 0 204 0
0

0101000
+371 0 -370 0 *
Ve
1e-07
15.875 52.324 0.762000000000014
0 0

0101101
*
Ed
 1e-07 1 1 0
1  413 0 0 13.8892598306811
4 C0 197 0 205 0
0

0101000
+368 0 -371 0 *
Ed
 1e-07 1 1 0
1  414 0 0 12.5003338476129
4 C0 197 0 206 0
0

0101000
+370 0 -368 0 *
Wi

0101100
-369 0 -367 0 -366 0 *
Ve
1e-07
-1.98574016931888 52.324 -0.761999999999992
0 0

0101101
*
Ve
1e-07
-15.875 52.324 -13.262333847613
0 0

0101101
*
Ed
 1e-07 1 1 0
1  415 0 -18.6860880054106 -0
4 C0 197 0 207 0
0

0101000
+364 0 -363 0 *
Ve
1e-07
-15.875 52.324 -0.761999999999986
0 0

0101101
*
Ed
 1e-07 1 1 0
1  416 0 -13.8892598306811 1.77635683940025e-15
4 C0 197 0 208 0
0

0101000
+361 0 -364 0 *
Ed
 1e-07 1 1 0
1  417 0 -12.500333847613 0
4 C0 197 0 209 0
0

0101000
+363 0 -361 0 *
Wi

0101100
-362 0 -360 0 -359 0 *
Ve
1e-07
0.762000000000023 52.324 -14.2875
0 0

0101101
*
Ve
1e-07
0.762000000000004 52.324 -1.710966152387
0 0

0101101
*
Ed
 1e-07 1 1 0
1  418 0 5.32907051820075e-15 12.576533847613
4 C0 197 0 210 0
0

0101000
+357 0 -356 0 *
Ve
1e-07
14.7359264973478 52.324 -14.2875
0 0

0101101
*
Ed
 1e-07 1 1 0
1  419 0 0 13.9739264973477
4 C0 197 0 211 0
0

0101000
+354 0 -357 0 *
Ed
 1e-07 1 1 0
1  420 0 0 18.7999953556758
4 C0 197 0 212 0
0

0101000
+356 0 -354 0 *
Wi

0101100
-355 0 -353 0 -352 0 *
Ve
1e-07
14.7359264973477 52.324 14.2875
0 0

0101101
*
Ve
1e-07
0.762 52.324 1.710966152387
0 0

0101101
*
Ed
 1e-07 1 1 0
1  421 0 -18.7999953556758 -0
4 C0 197 0 213 0
0

0101000
+350 0 -349 0 *
Ve
1e-07
0.762 52.324 14.2875
0 0

0101101
*
Ed
 1e-07 1 1 0
1  422 0 -13.9739264973477 0
4 C0 197 0 214 0
0

0101000
+347 0 -350 0 *
Ed
 1e-07 1 1 0
1  423 0 -12.576533847613 0
4 C0 197 0 215 0
0

0101000
+349 0 -347 0 *
Wi

0101100
-348 0 -346 0 -345 0 *
Ve
1e-07
-14.7359264973478 52.324 -14.2875
0 0

0101101
*
Ve
1e-07
-0.762 52.324 -1.710966152387
0 0

0101101
*
Ed
 1e-07 1 1 0
1  424 0 -5.94160038167546e-15 18.7999953556758
4 C0 197 0 216 0
0

0101000
+343 0 -342 0 *
Ve
1e-07
-0.761999999999972 52.324 -14.2875
0 0

0101101
*
Ed
 1e-07 1 1 0
1  425 0 0 13.9739264973478
4 C0 197 0 217 0
0

0101000
+340 0 -343 0 *
Ed
 1e-07 1 1 0
1  426 0 -12.576533847613 0
4 C0 197 0 218 0
0

0101000
+342 0 -340 0 *
Wi

0101100
-341 0 -339 0 -338 0 *
Ve
1e-07
15.875 52.324 -0.761999999999988
0 0

0101101
*
Ve
1e-07
15.875 52.324 -13.262333847613
0 0

0101101
*
Ed
 1e-07 1 1 0
1  427 0 2.22044604925031e-15 12.500333847613
4 C0 197 0 219 0
0

0101000
+336 0 -335 0 *
Ve
1e-07
1.98574016931888 52.324 -0.761999999999986
0 0

0101101
*
Ed
 1e-07 1 1 0
1  428 0 0 13.8892598306811
4 C0 197 0 220 0
0

0101000
+333 0 -336 0 *
Ed
 1e-07 1 1 0
1  429 0 0 18.6860880054106
4 C0 197 0 221 0
0

0101000
+335 0 -333 0 *
Wi

0101100
-334 0 -332 0 -331 0 *
Ve
1e-07
17.399 52.324 -15.8115
0 0

0101101
*
Ve
1e-07
17.399 52.324 15.8115
0 0

0101101
*
Ed
 1e-07 1 1 0
1  430 0 -33.2105 -1.58750000000001
4 C0 197 0 161 0
0

0101000
+329 0 -328 0 *
Ve
1e-07
-17.399 52.324 -15.8115
0 0

0101101
*
Ed
 1e-07 1 1 0
1  431 0 0 34.798
4 C0 197 0 196 0
0

0101000
+329 0 -326 0 *
Ve
1e-07
-17.399 52.324 15.8115
0 0

0101101
*
Ed
 1e-07 1 1 0
1  432 0 -33.2105 -1.58750000000001
4 C0 197 0 167 0
0

0101000
+326 0 -324 0 *
Ed
 1e-07 1 1 0
1  433 0 -34.798 0
4 C0 197 0 222 0
0

0101000
+324 0 -328 0 *
Wi

0101100
-327 0 +325 0 +323 0 +322 0 *
Fa
0  1e-07 197 0

0111000
-379 0 -372 0 -365 0 -358 0 -351 0 -344 0 -337 0 -330 0 -321 0 *
Ve
1e-07
-15.8115 50.7365 17.399
0 0

0101101
*
Ve
1e-07
-15.8115 20.828 17.399
0 0

0101101
*
Ed
 1e-07 1 1 0
1  434 0 -30.4165 -0.507999999999999
2  528 224 0 -30.4165 -0.507999999999999
4 G1 223 0 224 0
0

0101000
+319 0 -318 0 *
Ve
1e-07
15.8115 20.828 17.399
0 0

0101101
*
Ed
 1e-07 1 1 0
1  435 0 -33.2105 -1.5875
2  529 225 0 -33.2105 -1.5875
4 G1 223 0 225 0
0

0101000
+318 0 -316 0 *
Ve
1e-07
15.8115 50.7365 17.399
0 0

0101101
*
Ed
 1e-07 1 1 0
1  436 0 -29.9085 0
2  530 226 0 -29.9085 0
4 G1 223 0 226 0
0

0101000
+316 0 -314 0 *
Ed
 1e-07 1 1 0
1  437 0 1.5875 33.2105
4 C0 223 0 222 0
0

0101000
+314 0 -319 0 *
Wi

0101100
+317 0 +315 0 +313 0 +312 0 *
Fa
0  1e-07 223 0

0111000
-311 0 *
Ve
1e-07
16.891 20.32 14.351
0 0

0101101
*
Ve
1e-07
-16.891 20.32 14.351
0 0

0101101
*
Ed
 1e-07 1 1 0
1  438 0 0.508000000000003 34.29
2  531 163 0 0.508000000000003 34.29
4 G1 227 0 163 0
0

0101000
+309 0 -308 0 *
Ve
1e-07
16.891 20.32 15.8115
0 0

0101101
*
Ed
 1e-07 1 1 0
1  439 0 -1.46050000000001 0
2  532 228 0 -1.46050000000001 0
4 G1 227 0 228 0
0

0101000
+309 0 -306 0 *
Ve
1e-07
15.8115 20.32 16.891
0 0

0101101
*
Ed
 1e-07 1 1 0
1  440 0 4.71238898038469 6.28318530717959
2  533 229 0 4.71238898038469 6.28318530717959
4 G1 227 0 229 0
0

0101000
+306 0 -304 0 *
Ve
1e-07
-15.8115 20.32 16.891
0 0

0101101
*
Ed
 1e-07 1 1 0
1  441 0 1.5875 33.2105
2  534 225 0 1.5875 33.2105
4 G1 227 0 225 0
0

0101000
+304 0 -302 0 *
Ve
1e-07
-16.891 20.32 15.8115
0 0

0101101
*
Ed
 1e-07 1 1 0
1  442 0 0 1.5707963267949
2  535 230 0 0 1.5707963267949
4 G1 227 0 230 0
0

0101000
+302 0 -300 0 *
Ed
 1e-07 1 1 0
1  443 0 1.5875 3.04800000000001
2  536 231 0 1.5875 3.04800000000001
4 G1 227 0 231 0
0

0101000
+300 0 -308 0 *
Wi

0101100
-307 0 +305 0 +303 0 +301 0 +299 0 +298 0 *
Fa
0  1e-07 227 0

0111000
-297 0 *
Ed
 1e-07 1 1 0
1  444 0 0 1.5707963267949
2  537 163 0 0 1.5707963267949
2  538 162 0 0 1.5707963267949
4 G1 163 0 162 0
0

0101000
+483 0 -309 0 *
Ed
 1e-07 1 1 0
1  445 0 0.508000000000003 34.29
2  539 163 0 0.508000000000003 34.29
4 G1 163 0 232 0
0

0101000
+481 0 -475 0 *
Ed
 1e-07 1 1 0
1  446 0 4.71238898038469 6.28318530717959
2  540 163 0 4.71238898038469 6.28318530717959
2  541 166 0 4.71238898038469 6.28318530717959
4 G1 163 0 166 0
0

0101000
+308 0 -476 0 *
Wi

0101100
-295 0 -480 0 +294 0 -474 0 -293 0 -307 0 *
Fa
0  1e-07 163 0

0111000
+292 0 *
Ve
1e-07
-16.891 10.668 15.8115
0 0

0101101
*
Ed
 1e-07 1 1 0
1  447 0 3.5527136788005e-15 1.46050000000001
2  542 168 0 3.5527136788005e-15 1.46050000000001
4 G1 232 0 168 0
0

0101000
+475 0 -290 0 *
Ve
1e-07
-15.8115 10.668 16.891
0 0

0101101
*
Ed
 1e-07 1 1 0
1  448 0 1.5707963267949 3.14159265358979
2  543 233 0 1.5707963267949 3.14159265358979
4 G1 232 0 233 0
0

0101000
+290 0 -288 0 *
Ve
1e-07
15.8115 10.668 16.891
0 0

0101101
*
Ed
 1e-07 1 1 0
1  449 0 -33.2105 -1.5875
2  544 176 0 -33.2105 -1.5875
4 G1 232 0 176 0
0

0101000
+288 0 -286 0 *
Ve
1e-07
16.891 10.668 15.8115
0 0

0101101
*
Ed
 1e-07 1 1 0
1  450 0 3.14159265358979 4.71238898038469
2  545 234 0 3.14159265358979 4.71238898038469
4 G1 232 0 234 0
0

0101000
+286 0 -284 0 *
Ed
 1e-07 1 1 0
1  451 0 -1.46050000000001 -3.5527136788005e-15
2  546 164 0 -1.46050000000001 -3.5527136788005e-15
4 G1 232 0 164 0
0

0101000
+284 0 -481 0 *
Wi

0101100
+294 0 +289 0 +287 0 +285 0 +283 0 +282 0 *
Fa
0  1e-07 232 0

0111000
-281 0 *
Ve
1e-07
17.399 10.16 -15.8115
0 0

0101101
*
Ed
 1e-07 1 1 0
1  452 0 -10.668 -0.507999999999997
2  547 181 0 -10.668 -0.507999999999997
4 G1 161 0 181 0
0

0101000
+439 0 -279 0 *
Ve
1e-07
17.399 10.16 -14.351
0 0

0101101
*
Ed
 1e-07 1 1 0
1  453 0 -1.4605 0
2  548 184 0 -1.4605 0
4 G1 161 0 184 0
0

0101000
+279 0 -277 0 *
Ve
1e-07
17.399 20.828 -14.351
0 0

0101101
*
Ed
 1e-07 1 1 0
1  454 0 1.5707963267949 4.71238898038469
2  549 173 0 1.5707963267949 4.71238898038469
4 G1 161 0 173 0
0

0101000
+277 0 -275 0 *
Ve
1e-07
17.399 20.828 -15.8115
0 0

0101101
*
Ed
 1e-07 1 1 0
1  455 0 -1.4605 0
2  550 192 0 -1.4605 0
4 G1 161 0 192 0
0

0101000
+275 0 -273 0 *
Ed
 1e-07 1 1 0
1  456 0 -29.9085 1.58749999999999
2  551 194 0 -29.9085 1.58749999999999
4 G1 161 0 194 0
0

0101000
+273 0 -329 0 *
Ve
1e-07
17.399 20.828 15.8115
0 0

0101101
*
Ed
 1e-07 1 1 0
1  457 0 -32.004 -0.507999999999999
2  552 226 0 -32.004 -0.507999999999999
4 G1 161 0 226 0
0

0101000
+328 0 -270 0 *
Ve
1e-07
17.399 20.828 14.351
0 0

0101101
*
Ed
 1e-07 1 1 0
1  458 0 -1.46050000000001 0
2  553 228 0 -1.46050000000001 0
4 G1 161 0 228 0
0

0101000
+270 0 -268 0 *
Ed
 1e-07 1 1 0
1  459 0 4.71238898038469 6.28318530717959
2  554 162 0 4.71238898038469 6.28318530717959
4 G1 161 0 162 0
0

0101000
+268 0 -486 0 *
Ve
1e-07
17.399 10.16 15.8115
0 0

0101101
*
Ed
 1e-07 1 1 0
1  460 0 -1.46050000000001 0
2  555 164 0 -1.46050000000001 0
4 G1 161 0 164 0
0

0101000
+485 0 -265 0 *
Ed
 1e-07 1 1 0
1  461 0 -10.16 0
2  556 175 0 -10.16 0
4 G1 161 0 175 0
0

0101000
+265 0 -437 0 *
Wi

0101100
+278 0 +276 0 +274 0 +272 0 +271 0 +327 0 +269 0 +267 0 +266 0 +484 0 
+264 0 +263 0 +436 0 *
Fa
0  1e-07 161 0

0111000
+262 0 *
Ve
1e-07
-17.399 20.828 -14.351
0 0

0101101
*
Ve
1e-07
-17.399 10.16 -14.351
0 0

0101101
*
Ed
 1e-07 1 1 0
1  462 0 1.5707963267949 4.71238898038469
2  557 171 0 1.5707963267949 4.71238898038469
4 G1 167 0 171 0
0

0101000
+260 0 -259 0 *
Ve
1e-07
-17.399 10.16 -15.8115
0 0

0101101
*
Ed
 1e-07 1 1 0
1  463 0 28.702 30.1625
2  558 187 0 28.702 30.1625
4 G1 167 0 187 0
0

0101000
+259 0 -257 0 *
Ed
 1e-07 1 1 0
1  464 0 5.33400000000002 15.494
2  559 179 0 5.33400000000002 15.494
4 G1 167 0 179 0
0

0101000
+257 0 -445 0 *
Ve
1e-07
-17.399 10.16 15.8115
0 0

0101101
*
Ed
 1e-07 1 1 0
1  465 0 -15.494 -5.33400000000001
2  560 177 0 -15.494 -5.33400000000001
4 G1 167 0 177 0
0

0101000
+446 0 -254 0 *
Ed
 1e-07 1 1 0
1  466 0 -1.46050000000001 -1.06581410364015e-14
2  561 168 0 -1.46050000000001 -1.06581410364015e-14
4 G1 167 0 168 0
0

0101000
+254 0 -471 0 *
Ve
1e-07
-17.399 20.828 14.351
0 0

0101101
*
Ed
 1e-07 1 1 0
1  467 0 0 1.5707963267949
2  562 166 0 0 1.5707963267949
4 G1 167 0 166 0
0

0101000
+473 0 -251 0 *
Ve
1e-07
-17.399 20.828 15.8115
0 0

0101101
*
Ed
 1e-07 1 1 0
1  468 0 0 1.46050000000001
2  563 231 0 0 1.46050000000001
4 G1 167 0 231 0
0

0101000
+251 0 -249 0 *
Ed
 1e-07 1 1 0
1  469 0 5.334 36.83
2  564 224 0 5.334 36.83
4 G1 167 0 224 0
0

0101000
+249 0 -324 0 *
Ve
1e-07
-17.399 20.828 -15.8115
0 0

0101101
*
Ed
 1e-07 1 1 0
1  470 0 -36.83 -5.33400000000002
2  565 195 0 -36.83 -5.33400000000002
4 G1 167 0 195 0
0

0101000
+326 0 -246 0 *
Ed
 1e-07 1 1 0
1  471 0 -30.1625 -28.702
2  566 188 0 -30.1625 -28.702
4 G1 167 0 188 0
0

0101000
+246 0 -260 0 *
Wi

0101100
+258 0 +256 0 +255 0 -444 0 +253 0 +252 0 +470 0 +250 0 +248 0 +247 0 
-323 0 +245 0 +244 0 *
Fa
0  1e-07 167 0

0111000
-243 0 *
Ed
 1e-07 1 1 0
1  472 0 3.14159265358979 4.71238898038468
2  567 195 0 3.14159265358979 4.71238898038468
4 C0 196 0 195 0
0

0101000
+390 0 -326 0 *
Ed
 1e-07 1 1 0
1  473 0 4.7123889803847 6.28318530717959
2  568 194 0 4.7123889803847 6.28318530717959
4 C0 196 0 194 0
0

0101000
+329 0 -395 0 *
Wi

0101100
-388 0 +241 0 -325 0 +240 0 *
Fa
0  1e-07 196 0

0111000
-239 0 *
Ed
 1e-07 1 1 0
1  474 0 4.71238898038469 6.28318530717959
2  569 224 0 4.71238898038469 6.28318530717959
4 C0 222 0 224 0
0

0101000
+324 0 -319 0 *
Ed
 1e-07 1 1 0
1  475 0 3.14159265358979 4.71238898038469
2  570 226 0 3.14159265358979 4.71238898038469
4 C0 222 0 226 0
0

0101000
+314 0 -328 0 *
Wi

0101100
-322 0 +237 0 -312 0 +236 0 *
Fa
0  1e-07 222 0

0111000
-235 0 *
Ed
 1e-07 1 1 0
1  476 0 3.14159265358979 4.71238898038469
2  571 195 0 3.14159265358979 4.71238898038469
2  572 189 0 3.14159265358979 4.71238898038469
4 G1 195 0 189 0
0

0101000
+392 0 -246 0 *
Wi

0101100
-389 0 +233 0 -245 0 -241 0 *
Fa
0  1e-07 195 0

0111000
+232 0 *
Ed
 1e-07 1 1 0
1  477 0 4.71238898038469 6.28318530717959
2  573 179 0 4.71238898038469 6.28318530717959
2  574 186 0 4.71238898038469 6.28318530717959
4 G1 179 0 186 0
0

0101000
+257 0 -431 0 *
Wi

0101100
-255 0 +230 0 -430 0 -442 0 *
Fa
0  1e-07 179 0

0111000
+229 0 *
Ed
 1e-07 1 1 0
1  478 0 3.14159265358979 4.71238898038469
2  575 177 0 3.14159265358979 4.71238898038469
2  576 233 0 3.14159265358979 4.71238898038469
4 G1 177 0 233 0
0

0101000
+453 0 -254 0 *
Wi

0101100
-450 0 +227 0 -253 0 -434 0 *
Fa
0  1e-07 177 0

0111000
+226 0 *
Ed
 1e-07 1 1 0
1  479 0 4.71238898038469 6.28318530717959
2  577 224 0 4.71238898038469 6.28318530717959
2  578 230 0 4.71238898038469 6.28318530717959
4 G1 224 0 230 0
0

0101000
+249 0 -318 0 *
Wi

0101100
-247 0 +224 0 -317 0 -237 0 *
Fa
0  1e-07 224 0

0111000
+223 0 *
Ed
 1e-07 1 1 0
1  480 0 1.5707963267949 3.14159265358979
2  579 194 0 1.5707963267949 3.14159265358979
2  580 191 0 1.5707963267949 3.14159265358979
4 G1 194 0 191 0
0

0101000
+273 0 -394 0 *
Wi

0101100
-271 0 +221 0 -393 0 -240 0 *
Fa
0  1e-07 194 0

0111000
+220 0 *
Ed
 1e-07 1 1 0
1  481 0 0 1.5707963267949
2  581 181 0 0 1.5707963267949
2  582 185 0 0 1.5707963267949
4 G1 181 0 185 0
0

0101000
+429 0 -279 0 *
Wi

0101100
-427 0 +218 0 -278 0 -438 0 *
Fa
0  1e-07 181 0

0111000
+217 0 *
Ed
 1e-07 1 1 0
1  482 0 1.5707963267949 3.14159265358979
2  583 175 0 1.5707963267949 3.14159265358979
2  584 234 0 1.5707963267949 3.14159265358979
4 G1 175 0 234 0
0

0101000
+265 0 -455 0 *
Wi

0101100
-263 0 +215 0 -454 0 -435 0 *
Fa
0  1e-07 175 0

0111000
+214 0 *
Ed
 1e-07 1 1 0
1  483 0 0 1.5707963267949
2  585 226 0 0 1.5707963267949
2  586 229 0 0 1.5707963267949
4 G1 226 0 229 0
0

0101000
+316 0 -270 0 *
Wi

0101100
-313 0 +212 0 -269 0 -236 0 *
Fa
0  1e-07 226 0

0111000
+211 0 *
Ve
1e-07
15.875 44.704 -0.761999999999986
0 0

0101101
*
Ed
 1e-07 1 1 0
1  484 0 0 7.62
4 C0 220 0 219 0
0

0101000
+209 0 -336 0 *
Ve
1e-07
1.98574016931888 44.704 -0.761999999999986
0 0

0101101
*
Ed
 1e-07 1 1 0
1  485 0 0 13.8892598306811
4 C0 220 0 235 0
0

0101000
+207 0 -209 0 *
Ed
 1e-07 1 1 0
1  486 0 0 7.62
4 C0 220 0 221 0
0

0101000
+207 0 -333 0 *
Wi

0101100
+332 0 -208 0 -206 0 +205 0 *
Fa
0  1e-07 220 0

0111000
-204 0 *
Ve
1e-07
15.875 44.704 -13.262333847613
0 0

0101101
*
Ed
 1e-07 1 1 0
1  487 0 0 18.6860880054106
4 C0 221 0 235 0
0

0101000
+202 0 -207 0 *
Ed
 1e-07 1 1 0
1  488 0 0 7.62
4 C0 221 0 219 0
0

0101000
+202 0 -335 0 *
Wi

0101100
+331 0 -205 0 -201 0 +200 0 *
Fa
0  1e-07 221 0

0111000
-199 0 *
Ed
 1e-07 1 1 0
1  489 0 0 12.500333847613
4 C0 219 0 235 0
0

0101000
+209 0 -202 0 *
Wi

0101100
+334 0 -200 0 -197 0 +208 0 *
Fa
0  1e-07 219 0

0111000
-196 0 *
Wi

0101100
+206 0 +197 0 +201 0 *
Fa
0  1e-07 235 0

0111000
+194 0 *
Ve
1e-07
-14.7359264973478 44.704 -14.2875
0 0

0101101
*
Ed
 1e-07 1 1 0
1  490 0 0 7.62
4 C0 217 0 216 0
0

0101000
+192 0 -343 0 *
Ve
1e-07
-0.761999999999972 44.704 -14.2875
0 0

0101101
*
Ed
 1e-07 1 1 0
1  491 0 0 13.9739264973478
4 C0 217 0 236 0
0

0101000
+190 0 -192 0 *
Ed
 1e-07 1 1 0
1  492 0 0 7.62
4 C0 217 0 218 0
0

0101000
+190 0 -340 0 *
Wi

0101100
+339 0 -191 0 -189 0 +188 0 *
Fa
0  1e-07 217 0

0111000
-187 0 *
Ve
1e-07
-0.762 44.704 -1.710966152387
0 0

0101101
*
Ed
 1e-07 1 1 0
1  493 0 -12.576533847613 0
4 C0 218 0 236 0
0

0101000
+185 0 -190 0 *
Ed
 1e-07 1 1 0
1  494 0 0 7.62
4 C0 218 0 216 0
0

0101000
+185 0 -342 0 *
Wi

0101100
+338 0 -188 0 -184 0 +183 0 *
Fa
0  1e-07 218 0

0111000
-182 0 *
Ed
 1e-07 1 1 0
1  495 0 0 18.7999953556758
4 C0 216 0 236 0
0

0101000
+192 0 -185 0 *
Wi

0101100
+341 0 -183 0 -180 0 +191 0 *
Fa
0  1e-07 216 0

0111000
-179 0 *
Wi

0101100
+189 0 +180 0 +184 0 *
Fa
0  1e-07 236 0

0111000
+177 0 *
Ve
1e-07
14.7359264973477 44.704 14.2875
0 0

0101101
*
Ed
 1e-07 1 1 0
1  496 0 0 7.62
4 C0 214 0 213 0
0

0101000
+175 0 -350 0 *
Ve
1e-07
0.762 44.704 14.2875
0 0

0101101
*
Ed
 1e-07 1 1 0
1  497 0 -13.9739264973477 0
4 C0 214 0 237 0
0

0101000
+173 0 -175 0 *
Ed
 1e-07 1 1 0
1  498 0 0 7.62
4 C0 214 0 215 0
0

0101000
+173 0 -347 0 *
Wi

0101100
+346 0 -174 0 -172 0 +171 0 *
Fa
0  1e-07 214 0

0111000
-170 0 *
Ve
1e-07
0.762 44.704 1.710966152387
0 0

0101101
*
Ed
 1e-07 1 1 0
1  499 0 -12.576533847613 0
4 C0 215 0 237 0
0

0101000
+168 0 -173 0 *
Ed
 1e-07 1 1 0
1  500 0 0 7.62
4 C0 215 0 213 0
0

0101000
+168 0 -349 0 *
Wi

0101100
+345 0 -171 0 -167 0 +166 0 *
Fa
0  1e-07 215 0

0111000
-165 0 *
Ed
 1e-07 1 1 0
1  501 0 -18.7999953556758 -0
4 C0 213 0 237 0
0

0101000
+175 0 -168 0 *
Wi

0101100
+348 0 -166 0 -163 0 +174 0 *
Fa
0  1e-07 213 0

0111000
-162 0 *
Wi

0101100
+172 0 +163 0 +167 0 *
Fa
0  1e-07 237 0

0111000
-160 0 *
Ve
1e-07
0.762000000000024 44.704 -14.2875
0 0

0101101
*
Ed
 1e-07 1 1 0
1  502 0 0 7.62
4 C0 211 0 210 0
0

0101000
+158 0 -357 0 *
Ve
1e-07
14.7359264973478 44.704 -14.2875
0 0

0101101
*
Ed
 1e-07 1 1 0
1  503 0 0 13.9739264973477
4 C0 211 0 238 0
0

0101000
+156 0 -158 0 *
Ed
 1e-07 1 1 0
1  504 0 0 7.62
4 C0 211 0 212 0
0

0101000
+156 0 -354 0 *
Wi

0101100
+353 0 -157 0 -155 0 +154 0 *
Fa
0  1e-07 211 0

0111000
-153 0 *
Ve
1e-07
0.762000000000004 44.704 -1.710966152387
0 0

0101101
*
Ed
 1e-07 1 1 0
1  505 0 0 18.7999953556758
4 C0 212 0 238 0
0

0101000
+151 0 -156 0 *
Ed
 1e-07 1 1 0
1  506 0 0 7.62
4 C0 212 0 210 0
0

0101000
+151 0 -356 0 *
Wi

0101100
+352 0 -154 0 -150 0 +149 0 *
Fa
0  1e-07 212 0

0111000
-148 0 *
Ed
 1e-07 1 1 0
1  507 0 0 12.576533847613
4 C0 210 0 238 0
0

0101000
+158 0 -151 0 *
Wi

0101100
+355 0 -149 0 -146 0 +157 0 *
Fa
0  1e-07 210 0

0111000
-145 0 *
Wi

0101100
+155 0 +146 0 +150 0 *
Fa
0  1e-07 238 0

0111000
+143 0 *
Ve
1e-07
-1.98574016931888 44.704 -0.761999999999988
0 0

0101101
*
Ed
 1e-07 1 1 0
1  508 0 0 7.62
4 C0 208 0 207 0
0

0101000
+141 0 -364 0 *
Ve
1e-07
-15.875 44.704 -0.761999999999986
0 0

0101101
*
Ed
 1e-07 1 1 0
1  509 0 -13.8892598306811 0
4 C0 208 0 239 0
0

0101000
+139 0 -141 0 *
Ed
 1e-07 1 1 0
1  510 0 0 7.62
4 C0 208 0 209 0
0

0101000
+139 0 -361 0 *
Wi

0101100
+360 0 -140 0 -138 0 +137 0 *
Fa
0  1e-07 208 0

0111000
-136 0 *
Ve
1e-07
-15.875 44.704 -13.262333847613
0 0

0101101
*
Ed
 1e-07 1 1 0
1  511 0 -12.500333847613 0
4 C0 209 0 239 0
0

0101000
+134 0 -139 0 *
Ed
 1e-07 1 1 0
1  512 0 0 7.62
4 C0 209 0 207 0
0

0101000
+134 0 -363 0 *
Wi

0101100
+359 0 -137 0 -133 0 +132 0 *
Fa
0  1e-07 209 0

0111000
-131 0 *
Ed
 1e-07 1 1 0
1  513 0 -18.6860880054106 -0
4 C0 207 0 239 0
0

0101000
+141 0 -134 0 *
Wi

0101100
+362 0 -132 0 -129 0 +140 0 *
Fa
0  1e-07 207 0

0111000
-128 0 *
Wi

0101100
+138 0 +129 0 +133 0 *
Fa
0  1e-07 239 0

0111000
-126 0 *
Ve
1e-07
1.98574016931894 44.704 0.762000000000013
0 0

0101101
*
Ed
 1e-07 1 1 0
1  514 0 0 7.62
4 C0 205 0 204 0
0

0101000
+124 0 -371 0 *
Ve
1e-07
15.875 44.704 0.762000000000014
0 0

0101101
*
Ed
 1e-07 1 1 0
1  515 0 0 13.8892598306811
4 C0 205 0 240 0
0

0101000
+122 0 -124 0 *
Ed
 1e-07 1 1 0
1  516 0 0 7.62
4 C0 205 0 206 0
0

0101000
+122 0 -368 0 *
Wi

0101100
+367 0 -123 0 -121 0 +120 0 *
Fa
0  1e-07 205 0

0111000
-119 0 *
Ve
1e-07
15.875 44.704 13.262333847613
0 0

0101101
*
Ed
 1e-07 1 1 0
1  517 0 0 12.5003338476129
4 C0 206 0 240 0
0

0101000
+117 0 -122 0 *
Ed
 1e-07 1 1 0
1  518 0 0 7.62
4 C0 206 0 204 0
0

0101000
+117 0 -370 0 *
Wi

0101100
+366 0 -120 0 -116 0 +115 0 *
Fa
0  1e-07 206 0

0111000
-114 0 *
Ed
 1e-07 1 1 0
1  519 0 0 18.6860880054106
4 C0 204 0 240 0
0

0101000
+124 0 -117 0 *
Wi

0101100
+369 0 -115 0 -112 0 +123 0 *
Fa
0  1e-07 204 0

0111000
-111 0 *
Wi

0101100
+121 0 +112 0 +116 0 *
Fa
0  1e-07 240 0

0111000
-109 0 *
Ve
1e-07
-14.7359264973478 44.704 14.2875
0 0

0101101
*
Ed
 1e-07 1 1 0
1  520 0 0 7.62
4 C0 202 0 201 0
0

0101000
+107 0 -378 0 *
Ve
1e-07
-0.762 44.704 1.710966152387
0 0

0101101
*
Ed
 1e-07 1 1 0
1  521 0 0 18.7999953556758
4 C0 202 0 241 0
0

0101000
+105 0 -107 0 *
Ed
 1e-07 1 1 0
1  522 0 0 7.62
4 C0 202 0 203 0
0

0101000
+105 0 -375 0 *
Wi

0101100
+374 0 -106 0 -104 0 +103 0 *
Fa
0  1e-07 202 0

0111000
-102 0 *
Ve
1e-07
-0.762 44.704 14.2875
0 0

0101101
*
Ed
 1e-07 1 1 0
1  523 0 0 12.576533847613
4 C0 203 0 241 0
0

0101000
+100 0 -105 0 *
Ed
 1e-07 1 1 0
1  524 0 0 7.62
4 C0 203 0 201 0
0

0101000
+100 0 -377 0 *
Wi

0101100
+373 0 -103 0 -99 0 +98 0 *
Fa
0  1e-07 203 0

0111000
-97 0 *
Ed
 1e-07 1 1 0
1  525 0 0 13.9739264973478
4 C0 201 0 241 0
0

0101000
+107 0 -100 0 *
Wi

0101100
+376 0 -98 0 -95 0 +106 0 *
Fa
0  1e-07 201 0

0111000
-94 0 *
Wi

0101100
+104 0 +95 0 +99 0 *
Fa
0  1e-07 241 0

0111000
-92 0 *
Ve
1e-07
-15.875 44.704 0.762000000000014
0 0

0101101
*
Ed
 1e-07 1 1 0
1  526 0 0 7.62
4 C0 199 0 198 0
0

0101000
+90 0 -385 0 *
Ve
1e-07
-1.98574016931894 44.704 0.762000000000017
0 0

0101101
*
Ed
 1e-07 1 1 0
1  527 0 0 13.8892598306811
4 C0 199 0 242 0
0

0101000
+88 0 -90 0 *
Ed
 1e-07 1 1 0
1  528 0 0 7.62
4 C0 199 0 200 0
0

0101000
+88 0 -382 0 *
Wi

0101100
+381 0 -89 0 -87 0 +86 0 *
Fa
0  1e-07 199 0

0111000
-85 0 *
Ve
1e-07
-15.875 44.704 13.262333847613
0 0

0101101
*
Ed
 1e-07 1 1 0
1  529 0 0 18.6860880054106
4 C0 200 0 242 0
0

0101000
+83 0 -88 0 *
Ed
 1e-07 1 1 0
1  530 0 0 7.62
4 C0 200 0 198 0
0

0101000
+83 0 -384 0 *
Wi

0101100
+380 0 -86 0 -82 0 +81 0 *
Fa
0  1e-07 200 0

0111000
-80 0 *
Ed
 1e-07 1 1 0
1  531 0 0 12.5003338476129
4 C0 198 0 242 0
0

0101000
+90 0 -83 0 *
Wi

0101100
+383 0 -81 0 -78 0 +89 0 *
Fa
0  1e-07 198 0

0111000
-77 0 *
Wi

0101100
+87 0 +78 0 +82 0 *
Fa
0  1e-07 242 0

0111000
+75 0 *
Ed
 1e-07 1 1 0
1  532 0 4.7123889803847 6.28318530717959
2  587 188 0 4.7123889803847 6.28318530717959
2  588 189 0 4.7123889803847 6.28318530717959
4 G1 188 0 189 0
0

0101000
+406 0 -246 0 *
Ed
 1e-07 1 1 0
1  533 0 3.14159265358979 4.71238898038469
2  589 188 0 3.14159265358979 4.71238898038469
2  590 171 0 3.14159265358979 4.71238898038469
4 G1 188 0 171 0
0

0101000
+260 0 -465 0 *
Wi

0101100
-73 0 -405 0 -72 0 -244 0 *
Fa
0  1e-07 188 0

0111000
+71 0 *
Ed
 1e-07 1 1 0
1  534 0 0 1.5707963267949
2  591 171 0 0 1.5707963267949
2  592 187 0 0 1.5707963267949
4 G1 171 0 187 0
0

0101000
+259 0 -423 0 *
Wi

0101100
+72 0 -462 0 -410 0 -69 0 -258 0 *
Fa
0  1e-07 171 0

0111000
+68 0 *
Ed
 1e-07 1 1 0
1  535 0 4.71238898038469 6.28318530717959
2  593 189 0 4.71238898038469 6.28318530717959
2  594 190 0 4.71238898038469 6.28318530717959
4 G1 189 0 190 0
0

0101000
+404 0 -392 0 *
Wi

0101100
+73 0 -233 0 -66 0 -403 0 *
Fa
0  1e-07 189 0

0111000
+65 0 *
Ed
 1e-07 1 1 0
1  536 0 0 1.5707963267949
2  595 187 0 0 1.5707963267949
2  596 186 0 0 1.5707963267949
4 G1 187 0 186 0
0

0101000
+257 0 -415 0 *
Wi

0101100
+69 0 -413 0 -63 0 -256 0 *
Fa
0  1e-07 187 0

0111000
+62 0 *
Ed
 1e-07 1 1 0
1  537 0 4.71238898038469 6.28318530717959
2  597 190 0 4.71238898038469 6.28318530717959
2  598 191 0 4.71238898038469 6.28318530717959
4 G1 190 0 191 0
0

0101000
+402 0 -394 0 *
Wi

0101100
+66 0 -391 0 -60 0 -401 0 *
Fa
0  1e-07 190 0

0111000
+59 0 *
Ed
 1e-07 1 1 0
1  538 0 0 1.5707963267949
2  599 186 0 0 1.5707963267949
2  600 182 0 0 1.5707963267949
4 G1 186 0 182 0
0

0101000
+431 0 -417 0 *
Wi

0101100
+63 0 -414 0 -57 0 -230 0 *
Fa
0  1e-07 186 0

0111000
+56 0 *
Ed
 1e-07 1 1 0
1  539 0 4.71238898038468 6.28318530717959
2  601 191 0 4.71238898038468 6.28318530717959
2  602 192 0 4.71238898038468 6.28318530717959
4 G1 191 0 192 0
0

0101000
+400 0 -273 0 *
Wi

0101100
+60 0 -221 0 -54 0 -399 0 *
Fa
0  1e-07 191 0

0111000
+53 0 *
Ed
 1e-07 1 1 0
1  540 0 0 1.5707963267949
2  603 182 0 0 1.5707963267949
2  604 185 0 0 1.5707963267949
4 G1 182 0 185 0
0

0101000
+429 0 -419 0 *
Wi

0101100
+57 0 -416 0 -51 0 -428 0 *
Fa
0  1e-07 182 0

0111000
+50 0 *
Ed
 1e-07 1 1 0
1  541 0 4.71238898038469 6.28318530717959
2  605 192 0 4.71238898038469 6.28318530717959
2  606 173 0 4.71238898038469 6.28318530717959
4 G1 192 0 173 0
0

0101000
+466 0 -275 0 *
Wi

0101100
+54 0 -272 0 -48 0 -398 0 *
Fa
0  1e-07 192 0

0111000
+47 0 *
Ed
 1e-07 1 1 0
1  542 0 0 1.57079632679489
2  607 185 0 0 1.57079632679489
2  608 184 0 0 1.57079632679489
4 G1 185 0 184 0
0

0101000
+279 0 -421 0 *
Wi

0101100
+51 0 -418 0 -45 0 -218 0 *
Fa
0  1e-07 185 0

0111000
+44 0 *
Ed
 1e-07 1 1 0
1  543 0 1.5707963267949 3.14159265358979
2  609 173 0 1.5707963267949 3.14159265358979
2  610 184 0 1.5707963267949 3.14159265358979
4 G1 173 0 184 0
0

0101000
+424 0 -277 0 *
Wi

0101100
+48 0 -274 0 -42 0 -409 0 -459 0 *
Fa
0  1e-07 173 0

0111000
+41 0 *
Wi

0101100
+45 0 -420 0 +42 0 -276 0 *
Fa
0  1e-07 184 0

0111000
+39 0 *
Ed
 1e-07 1 1 0
1  544 0 1.5707963267949 3.14159265358979
2  611 168 0 1.5707963267949 3.14159265358979
2  612 233 0 1.5707963267949 3.14159265358979
4 G1 168 0 233 0
0

0101000
+290 0 -254 0 *
Wi

0101100
-37 0 -289 0 -469 0 -252 0 *
Fa
0  1e-07 168 0

0111000
+36 0 *
Ed
 1e-07 1 1 0
1  545 0 3.14159265358979 4.71238898038469
2  613 166 0 3.14159265358979 4.71238898038469
2  614 231 0 3.14159265358979 4.71238898038469
4 G1 166 0 231 0
0

0101000
+251 0 -308 0 *
Wi

0101100
-472 0 -293 0 -34 0 -250 0 *
Fa
0  1e-07 166 0

0111000
+33 0 *
Ed
 1e-07 1 1 0
1  546 0 1.57079632679489 3.14159265358979
2  615 233 0 1.57079632679489 3.14159265358979
2  616 176 0 1.57079632679489 3.14159265358979
4 G1 233 0 176 0
0

0101000
+288 0 -453 0 *
Wi

0101100
+37 0 -227 0 -31 0 -287 0 *
Fa
0  1e-07 233 0

0111000
+30 0 *
Ed
 1e-07 1 1 0
1  547 0 3.14159265358979 4.71238898038469
2  617 231 0 3.14159265358979 4.71238898038469
2  618 230 0 3.14159265358979 4.71238898038469
4 G1 231 0 230 0
0

0101000
+249 0 -300 0 *
Wi

0101100
+34 0 -298 0 -28 0 -248 0 *
Fa
0  1e-07 231 0

0111000
+27 0 *
Ed
 1e-07 1 1 0
1  548 0 1.5707963267949 3.14159265358979
2  619 176 0 1.5707963267949 3.14159265358979
2  620 234 0 1.5707963267949 3.14159265358979
4 G1 176 0 234 0
0

0101000
+286 0 -455 0 *
Wi

0101100
+31 0 -452 0 -25 0 -285 0 *
Fa
0  1e-07 176 0

0111000
+24 0 *
Ed
 1e-07 1 1 0
1  549 0 3.14159265358979 4.71238898038468
2  621 230 0 3.14159265358979 4.71238898038468
2  622 225 0 3.14159265358979 4.71238898038468
4 G1 230 0 225 0
0

0101000
+318 0 -302 0 *
Wi

0101100
+28 0 -299 0 -22 0 -224 0 *
Fa
0  1e-07 230 0

0111000
+21 0 *
Ed
 1e-07 1 1 0
1  550 0 1.57079632679489 3.14159265358979
2  623 234 0 1.57079632679489 3.14159265358979
2  624 164 0 1.57079632679489 3.14159265358979
4 G1 234 0 164 0
0

0101000
+284 0 -265 0 *
Wi

0101100
+25 0 -215 0 -19 0 -283 0 *
Fa
0  1e-07 234 0

0111000
+18 0 *
Ed
 1e-07 1 1 0
1  551 0 3.14159265358979 4.71238898038469
2  625 225 0 3.14159265358979 4.71238898038469
2  626 229 0 3.14159265358979 4.71238898038469
4 G1 225 0 229 0
0

0101000
+316 0 -304 0 *
Wi

0101100
+22 0 -301 0 -16 0 -315 0 *
Fa
0  1e-07 225 0

0111000
+15 0 *
Wi

0101100
+19 0 -264 0 -479 0 -282 0 *
Fa
0  1e-07 164 0

0111000
+13 0 *
Ed
 1e-07 1 1 0
1  552 0 3.14159265358979 4.71238898038468
2  627 229 0 3.14159265358979 4.71238898038468
2  628 228 0 3.14159265358979 4.71238898038468
4 G1 229 0 228 0
0

0101000
+270 0 -306 0 *
Wi

0101100
+16 0 -303 0 -11 0 -212 0 *
Fa
0  1e-07 229 0

0111000
+10 0 *
Ed
 1e-07 1 1 0
1  553 0 4.71238898038469 6.28318530717959
2  629 162 0 4.71238898038469 6.28318530717959
2  630 228 0 4.71238898038469 6.28318530717959
4 G1 162 0 228 0
0

0101000
+309 0 -268 0 *
Wi

0101100
-482 0 -266 0 -8 0 -295 0 *
Fa
0  1e-07 162 0

0111000
+7 0 *
Wi

0101100
+11 0 -305 0 +8 0 -267 0 *
Fa
0  1e-07 228 0

0111000
+5 0 *
Sh

0101100
+477 0 +467 0 -457 0 -447 0 -432 0 -425 0 -411 0 -407 0 -396 0 -386 0 
-320 0 -310 0 -296 0 -291 0 -280 0 +261 0 -242 0 -238 0 -234 0 +231 0 
+228 0 +225 0 +222 0 +219 0 +216 0 +213 0 +210 0 -203 0 -198 0 -195 0 
+193 0 -186 0 -181 0 -178 0 +176 0 -169 0 -164 0 -161 0 -159 0 -152 0 
-147 0 -144 0 +142 0 -135 0 -130 0 -127 0 -125 0 -118 0 -113 0 -110 0 
-108 0 -101 0 -96 0 -93 0 -91 0 -84 0 -79 0 -76 0 +74 0 +70 0 
+67 0 +64 0 +61 0 +58 0 +55 0 +52 0 +49 0 +46 0 +43 0 +40 0 
+38 0 +35 0 +32 0 +29 0 +26 0 +23 0 +20 0 +17 0 +14 0 +12 0 
+9 0 +6 0 +4 0 *
So

0100000
+3 0 *
Co

0100000
+1327 0 +1225 0 +1205 0 +1149 0 +1066 0 +908 0 +841 0 +487 0 +2 0 *

+1 0 