
CASCADE Topology V3, (c) Open Cascade
Locations 0
Curve2ds 44
7 0 0  3 311 309  3.1458036133205196 0.84862297924445373  3.1442851433885259 0.84770132534020404  3.1423150787959995 0.84587486315340032  3.1414502146150132 0.84316584167419373  3.1416308199980669 0.84046235225733323  3.1415824269315311 0.83775771652515041  3.1415953938146255 0.83505338794723205  3.1415919193487682 0.83234897706757671  3.1415928503290798 0.82964458824060539  3.1415926008736537 0.82694019350463555  3.1415926677150297 0.82423580035197641  3.1415926498049402 0.82153140677507064  3.1415926546039374 0.8188270133118416  3.1415926533180571 0.81612261981815304  3.1415926536626029 0.81341822633262573  3.1415926535703171 0.81071383284491139  3.141592653594917 0.80800943935778546  3.1415926535888001 0.80530504587049268  3.1415926535886824 0.80260065238327927  3.1415926535952812 0.79989625889591509  3.1415926535690151 0.79719186540907438  3.1415926536674652 0.79448747192029101  3.1415926532998855 0.79178307843875484  3.1415926546717081 0.78907868493017175  3.1415926495519519 0.78637429152253013  3.1415926686591256 0.78366989773816853  3.1415925973501602 0.78096550535974485  3.1415928634788814 0.77826110773429091  3.141591870273015 0.77555672969101919  3.1415955769677772 0.7728522785660491  3.1415817433946338 0.77014810018569024  3.1416333709924515 0.76744290390858394  3.1388571032500376 0.76475682067589956  3.1331835589420205 0.76211370561066782  3.1275044386733093 0.75953448376206911  3.1277391693174441 0.75703194902117255  3.139885406263907 0.75454092648227866  3.1621690161767924 0.75200002355357565  3.1862491363571217 0.74934191033833242  3.1861717654663688 0.74647641628528494  3.1589532327761818 0.7434780091278016  3.1276668402682284 0.74045477022923878  3.1074607844138851 0.73742344731687282  3.1006146221025661 0.7343556511708732  3.1078495145916065 0.73122900287690507  3.1298552891262226 0.72800270125767663  3.1559722065732316 0.72464282056307583  3.1633450691428089 0.72131447611528121  3.1517342578586915 0.71816442944836512  3.1393363038601576 0.71529748222695178  3.1421972406776888 0.71263112825050223  3.1414306549678304 0.70991654210705046  3.1416360609897107 0.70721487973379604  3.1415810226120211 0.70450975444675401  3.1415957701008854 0.70180555704466507  3.1415918185231755 0.69910111101655215  3.1415928773452531 0.69639673160758153  3.1415925936347495 0.6936923343480661  3.1415926696547598 0.69098794187158941  3.1415926492852613 0.68828354811350156  3.1415926547432451 0.6855791546988198  3.1415926532807603 0.6828747611921232  3.1415926536726246 0.68017036771008144  3.1415926535676104 0.67746597422143362  3.1415926535957386 0.67476158073455594  3.1415926535882006 0.67205718724720354  3.1415926535902177 0.66935279375997891  3.1415926535896723 0.66664840027271965  3.1415926535898149 0.66394400678546939  3.1415926535897789 0.66123961329821745  3.141592653589798 0.65853521981096552  3.141592653589798 0.65583082632371381  3.1415926535897962 0.6531264328364621  3.1415926535897949 0.65042203934921039  3.1415926535897909 0.64771764586195868  3.1415926535897842 0.64501325237470675  3.1415926535897891 0.64230885888745537  3.1415926535897905 0.63960446540020344  3.1415926535897953 0.63690007191295173  3.141592653589798 0.6341956784256999  3.1415926535897913 0.63149128493844775  3.1415926535897931 0.62878689145119615  3.1415926535897953 0.62608249796394411  3.141592653589794 0.62337810447669217  3.1415926535897891 0.62067371098944024  3.1415926535897918 0.61796931750218853  3.1415926535897905 0.61526492401493671  3.14159265358979 0.61256053052768478  3.1415926535897949 0.60985613704043329  3.1415926535897887 0.60715174355318136  3.1415926535897882 0.6044473500659302  3.1415926535897909 0.60174295657867805  3.1415926535897909 0.59903856309142633  3.1415926535897976 0.59633416960417474  3.1415926535898038 0.5936297761169228  3.1415926535897922 0.59092538262967098  3.1415926535897851 0.58822098914241894  3.1415926535897856 0.585516595655167  3.1415926535897816 0.58281220216791507  3.1415926535897807 0.58010780868066292  3.1415926535897896 0.57740341519341143  3.1415926535898082 0.5746990217061595  3.1415926535897976 0.57199462821890801  3.1415926535898024 0.56929023473165608  3.1415926535897696 0.56658584124440492  3.141592653589889 0.56388144775715177  3.1415926535893992 0.56117705426990516  3.1415926535912049 0.55847266078263491  3.1415926535844441 0.55576826729545148  3.1415926536097616 0.55306387380794442  3.1415926535152119 0.55035948032164594  3.1415926538680909 0.54765508683083519  3.141592652551096 0.54495069335686452  3.1415926574662061 0.54224629982004746  3.1415926391227282 0.53954190651777412  3.14159270758155 0.53683751234017363  3.1415924520897849 0.53413312142933789  3.1415934055981576 0.53142871832677063  3.1415898470565757 0.52872436072436513  3.1416031277146144 0.52601983331304436  3.1415535636241008 0.52331593963722267  3.1417385393281116 0.52060968082831927  3.1400877045770601 0.51792036806695119  3.1360071188524752 0.51527972968365066  3.1327772891294505 0.51271183349838156  3.1332317198101616 0.51023368022580351  3.1507324997464226 0.50784559671367135  3.1520448874152942 0.50560479869730213  3.1506092304975373 0.50342853927137832  3.1503110251656943 0.50125870080298551  3.1478445518763776 0.49903990001669607  3.1343540722098147 0.49669385150374945  3.1371164821253297 0.49420026930233613  3.1406641587777493 0.49158646913393583  3.141801658020249 0.48889293277072648  3.1415366510214304 0.4861860985970663  3.1416076594327578 0.48348235908976661  3.1415886327862896 0.48077779036911483  3.141593730960853 0.47807344383551115  3.1415923649090973 0.47536903776706735  3.1415927309415648 0.4726646476509358  3.1415926328634627 0.46996025326039503  3.1415926591434058 0.46725586001517877  3.1415926521017115 0.46455146646307366  3.1415926539885195 0.46184707299319938  3.1415926534829568 0.45914267950129112  3.1415926536184182 0.45643828601528696  3.141592653582129 0.45373389252770086  3.1415926535918559 0.45102949904053857  3.1415926535892464 0.44832510555326271  3.1415926535899406 0.44562071206601739  3.141592653589758 0.44291631857876373  3.1415926535897998 0.44021192509151247  3.1415926535897936 0.43750753160426081  3.141592653589798 0.43480313811700882  3.1415926535897878 0.43209874462975717  3.1415926535897944 0.4293943511425054  3.1415926535897847 0.42668995765525358  3.1415926535897758 0.42398556416800176  3.1415926535897873 0.42128117068074999  3.1415926535897896 0.41857677719349817  3.1415926535897918 0.41587238370624618  3.1415926535897971 0.41316799021899436  3.1415926535898007 0.41046359673174265  3.1415926535897918 0.40775920324449055  3.141592653589798 0.40505480975723884  3.1415926535898016 0.40235041626998702  3.1415926535897869 0.39964602278273526  3.1415926535898069 0.39694162929548354  3.1415926535897829 0.394237235808232  3.1415926535897896 0.39153284232098007  3.1415926535897958 0.38882844883372825  3.1415926535897984 0.38612405534647665  3.1415926535897944 0.38341966185922471  3.1415926535898007 0.38071526837197306  3.1415926535897936 0.37801087488472118  3.1415926535897976 0.37530648139746925  3.1415926535897878 0.37260208791021743  3.1415926535897865 0.36989769442296533  3.1415926535897825 0.3671933009357144  3.1415926535897705 0.36448890744845869  3.1415926535898668 0.36178451396122174  3.1415926535894925 0.35908012047391452  3.141592653590938 0.35637572698686948  3.1415926535855117 0.35367133349884727  3.1415926536057399 0.35096694001447104  3.141592653530215 0.34826254651648808  3.1415926538120433 0.34555815306928622  3.1415926527602918 0.34285375943256657  3.1415926566854511 0.3401493665031361  3.1415926420366094 0.33744497093406572  3.1415926967068235 0.33474058521626687  3.1415924926748362 0.33203616273302089  3.1415932541325646 0.32933187746029202  3.1415904123336014 0.32662708011094199  3.1416010180717402 0.32392419385755916  3.1415614369181832 0.32121417529692947  3.1419206859853421 0.31855727031075809  3.1428184309345868 0.31603954277256141  3.1439088517376916 0.3137033705313933  3.1441536579766702 0.31156788804450264  3.1430859620289731 0.30957509853171783  3.1413673590618703 0.30766290568764859  3.1390153732817514 0.30579936817860448  3.1369138591025911 0.30397275770987325  3.1328676000713158 0.30215545532726484  3.1369505727513403 0.30045777683005059  3.143801990280064 0.29883565334439577  3.1477540895213152 0.29720888563057679  3.1476381710109531 0.29548142666647237  3.1423989930356178 0.2936327321156702  3.1413768105926261 0.29097299825556411  3.141650795645468 0.28825668922586006  3.1415771833816604 0.28555551113176242  3.1415968019772298 0.28285026159402421  3.1415915420327289 0.28014609759728415  3.1415929514306042 0.27744164261823512  3.1415925737835826 0.27473726560766071  3.1415926749737926 0.27203286770549662  3.141592647859953 0.26932847540121696  3.1415926551250903 0.26662408159698864  3.1415926531784004 0.26391968819467038  3.141592653700009 0.26121529468466081  3.1415926535602581 0.25851090120350673  3.1415926535977037 0.25580650771462127  3.1415926535876797 0.25310211422780715  3.1415926535903749 0.25039772074043803  3.1415926535896515 0.24769332725321763  3.1415926535898513 0.2449889337659574  3.1415926535897944 0.24228454027870788  3.1415926535898073 0.23958014679145548  3.1415926535897931 0.23687575330420385  3.1415926535897949 0.23417135981695203  3.14159265358979 0.23146696632970012  3.1415926535898033 0.22876257284244839  3.1415926535897851 0.22605817935519659  3.1415926535898153 0.22335378586794483  3.1415926535897962 0.22064939238069306  3.1415926535898135 0.21794499889344121  3.1415926535898113 0.21524060540618933  3.1415926535898357 0.21253621191893754  3.1415926535898229 0.20983181843168577  3.1415926535898344 0.20712742494443398  3.1415926535897984 0.20442303145718227  3.1415926535898078 0.20171863796993042  3.1415926535897647 0.19901424448267857  3.1415926535897696 0.1963098509954268  3.1415926535897447 0.19360545750817493  3.1415926535897496 0.19090106402092319  3.1415926535897611 0.18819667053367142  3.1415926535897847 0.1854922770464196  3.1415926535898042 0.18278788355916775  3.1415926535898402 0.18008349007191604  3.1415926535898451 0.17737909658466419  3.1415926535898575 0.17467470309741243  3.1415926535898597 0.17197030961016063  3.1415926535898619 0.16926591612290878  3.1415926535898642 0.16656152263565699  3.1415926535898673 0.16385712914840514  3.1415926535898664 0.1611527356611534  3.1415926535898739 0.15844834217390155  3.1415926535898699 0.15574394868664981  3.1415926535898802 0.15303955519939796  3.1415926535898748 0.15033516171214614  3.1415926535898415 0.14763076822489435  3.1415926535898158 0.1449263747376425  3.1415926535897643 0.14222198125039071  3.1415926535897505 0.13951758776313888  3.1415926535897363 0.13681319427588712  3.1415926535897349 0.13410880078863524  3.1415926535897643 0.13140440730138347  3.1415926535897922 0.12870001381413165  3.1415926535898127 0.12599562032687986  3.1415926535898349 0.12329122683962811  3.1415926535898264 0.12058683335237629  3.1415926535898393 0.11788243986512449  3.1415926535898397 0.11517804637787268  3.1415926535898442 0.1124736528906209  3.1415926535898544 0.10976925940336908  3.1415926535898486 0.10706486591611729  3.1415926535898104 0.10436047242886548  3.1415926535897705 0.10165607894161359  3.1415926535897323 0.098951685454361796  3.1415926535897416 0.09624729196710996  3.1415926535897456 0.09354289847985818  3.1415926535897731 0.090838504992606456  3.1415926535897674 0.08813411150535462  3.1415926535897856 0.08542971801810284  3.1415926535897696 0.082725324530850949  3.1415926535897514 0.080020931043599183  3.1415926535897571 0.077316537556347348  3.1415926535897798 0.074612144069095582  3.1415926535897762 0.071907750581843843  3.1415926535898002 0.069203357094591966  3.1415926535898016 0.0664989636073402  3.1415926535898038 0.063794570120088379  3.1415926535897962 0.061090176632836564  3.141592653589794 0.058385783145584784  3.1415926535897811 0.055681389658332997  3.1415926535897771 0.052976996171081113  3.1415926535898193 0.050272602683829284  3.1415926535898531 0.047568209196577491  3.1415926535898926 0.044863815709325724  3.1415926535898957 0.042159422222073972  3.1415926535898318 0.039455028734822199  3.1415926535898295 0.036750635247570385  3.1415926535898002 0.034046241760318549  3.1415926535898051 0.031341848273066748  3.1415926535897993 0.028637454785814965  3.1415926535897962 0.026834525794313797  3.1415926535897931 0.025933061298563227 
 -0.8588862553721186 4 -0.85618186188486678 1 -0.85347746839761496 1 -0.85077307491036325 1 -0.84806868142311143 1 -0.8453642879358596 1 -0.84265989444860778 1 -0.83995550096135596 1 -0.83725110747410414 1 -0.83454671398685232 1 -0.83184232049960061 1 -0.82913792701234879 1 -0.82643353352509696 1 -0.82372914003784514 1 -0.82102474655059332 1 -0.8183203530633415 1 -0.81561595957608979 1 -0.81291156608883797 1 -0.81020717260158615 1 -0.80750277911433432 1 -0.8047983856270825 1 -0.80209399213983068 1 -0.79938959865257897 1 -0.79668520516532715 1 -0.79398081167807533 1 -0.79127641819082351 1 -0.78857202470357168 1 -0.78586763121631986 1 -0.78316323772906815 1 -0.78045884424181633 1 -0.77775445075456451 1 -0.77505005726731269 1 -0.77234566378006086 1 -0.76964127029280904 1 -0.76693687680555733 1 -0.76423248331830551 1 -0.76152808983105369 1 -0.75882369634380187 1 -0.75611930285655005 1 -0.75341490936929822 1 -0.7507105158820464 1 -0.74800612239479469 1 -0.74530172890754287 1 -0.74259733542029105 1 -0.73989294193303923 1 -0.73718854844578741 1 -0.7344841549585357 1 -0.73177976147128387 1 -0.72907536798403205 1 -0.72637097449678023 1 -0.72366658100952841 1 -0.72096218752227659 1 -0.71825779403502477 1 -0.71555340054777306 1 -0.71284900706052123 1 -0.71014461357326941 1 -0.70744022008601759 1 -0.70473582659876577 1 -0.70203143311151406 1 -0.69932703962426224 1 -0.69662264613701042 1 -0.69391825264975859 1 -0.69121385916250677 1 -0.68850946567525495 1 -0.68580507218800313 1 -0.68310067870075142 1 -0.6803962852134996 1 -0.67769189172624777 1 -0.67498749823899595 1 -0.67228310475174413 1 -0.66957871126449242 1 -0.6668743177772406 1 -0.66416992428998878 1 -0.66146553080273696 1 -0.65876113731548513 1 -0.65605674382823331 1 -0.65335235034098149 1 -0.65064795685372978 1 -0.64794356336647796 1 -0.64523916987922614 1 -0.64253477639197432 1 -0.63983038290472249 1 -0.63712598941747078 1 -0.63442159593021885 1 -0.63171720244296714 1 -0.62901280895571532 1 -0.6263084154684635 1 -0.62360402198121168 1 -0.62089962849395985 1 -0.61819523500670814 1 -0.61549084151945632 1 -0.6127864480322045 1 -0.61008205454495268 1 -0.60737766105770086 1 -0.60467326757044915 1 -0.60196887408319721 1 -0.5992644805959455 1 -0.59656008710869368 1 -0.59385569362144186 1 -0.59115130013419004 1 -0.58844690664693822 1 -0.58574251315968651 1 -0.58303811967243457 1 -0.58033372618518286 1 -0.57762933269793104 1 -0.57492493921067922 1 -0.57222054572342751 1 -0.56951615223617558 1 -0.56681175874892387 1 -0.56410736526167204 1 -0.56140297177442022 1 -0.5586985782871684 1 -0.55599418479991658 1 -0.55328979131266487 1 -0.55058539782541294 1 -0.54788100433816123 1 -0.5451766108509094 1 -0.54247221736365758 1 -0.53976782387640587 1 -0.53706343038915394 1 -0.53435903690190223 1 -0.53165464341465041 1 -0.52895024992739859 1 -0.52624585644014676 1 -0.52354146295289494 1 -0.52083706946564323 1 -0.5181326759783913 1 -0.51542828249113959 1 -0.51272388900388777 1 -0.51001949551663595 1 -0.50731510202938424 1 -0.5046107085421323 1 -0.50190631505488059 1 -0.49920192156762877 1 -0.49649752808037695 1 -0.49379313459312513 1 -0.49108874110587336 1 -0.48838434761862154 1 -0.48567995413136972 1 -0.48297556064411795 1 -0.48027116715686613 1 -0.47756677366961431 1 -0.47486238018236254 1 -0.47215798669511072 1 -0.4694535932078589 1 -0.46674919972060713 1 -0.46404480623335531 1 -0.46134041274610349 1 -0.45863601925885172 1 -0.4559316257715999 1 -0.45322723228434808 1 -0.45052283879709631 1 -0.44781844530984449 1 -0.44511405182259267 1 -0.44240965833534091 1 -0.43970526484808908 1 -0.43700087136083726 1 -0.4342964778735855 1 -0.43159208438633367 1 -0.42888769089908185 1 -0.42618329741183003 1 -0.42347890392457826 1 -0.42077451043732644 1 -0.41807011695007462 1 -0.41536572346282286 1 -0.41266132997557103 1 -0.40995693648831921 1 -0.40725254300106745 1 -0.40454814951381562 1 -0.4018437560265638 1 -0.39913936253931204 1 -0.39643496905206022 1 -0.39373057556480839 1 -0.39102618207755663 1 -0.38832178859030481 1 -0.38561739510305298 1 -0.38291300161580122 1 -0.3802086081285494 1 -0.37750421464129758 1 -0.37479982115404581 1 -0.37209542766679399 1 -0.36939103417954217 1 -0.3666866406922904 1 -0.36398224720503858 1 -0.36127785371778676 1 -0.35857346023053494 1 -0.35586906674328322 1 -0.3531646732560314 1 -0.35046027976877958 1 -0.34775588628152776 1 -0.34505149279427594 1 -0.34234709930702412 1 -0.33964270581977241 1 -0.33693831233252058 1 -0.33423391884526876 1 -0.33152952535801694 1 -0.32882513187076512 1 -0.3261207383835133 1 -0.32341634489626148 1 -0.32071195140900977 1 -0.31800755792175794 1 -0.31530316443450612 1 -0.3125987709472543 1 -0.30989437746000248 1 -0.30718998397275066 1 -0.30448559048549895 1 -0.30178119699824713 1 -0.2990768035109953 1 -0.29637241002374348 1 -0.29366801653649166 1 -0.29096362304923984 1 -0.28825922956198813 1 -0.28555483607473631 1 -0.28285044258748449 1 -0.28014604910023266 1 -0.27744165561298084 1 -0.27473726212572902 1 -0.27203286863847731 1 -0.26932847515122549 1 -0.26662408166397367 1 -0.26391968817672184 1 -0.26121529468947002 1 -0.2585109012022182 1 -0.25580650771496649 1 -0.25310211422771467 1 -0.25039772074046285 1 -0.24769332725321103 1 -0.2449889337659592 1 -0.24228454027870738 1 -0.23958014679145567 1 -0.23687575330420385 1 -0.23417135981695203 1 -0.23146696632970021 1 -0.22876257284244839 1 -0.22605817935519656 1 -0.22335378586794485 1 -0.22064939238069303 1 -0.21794499889344121 1 -0.21524060540618939 1 -0.21253621191893757 1 -0.20983181843168575 1 -0.20712742494443404 1 -0.20442303145718221 1 -0.20171863796993039 1 -0.19901424448267857 1 -0.19630985099542675 1 -0.19360545750817493 1 -0.19090106402092322 1 -0.1881966705336714 1 -0.18549227704641957 1 -0.18278788355916775 1 -0.18008349007191593 1 -0.17737909658466411 1 -0.1746747030974124 1 -0.17197030961016058 1 -0.16926591612290875 1 -0.16656152263565693 1 -0.16385712914840511 1 -0.16115273566115329 1 -0.15844834217390147 1 -0.15574394868664976 1 -0.15303955519939794 1 -0.15033516171214611 1 -0.14763076822489429 1 -0.14492637473764247 1 -0.14222198125039065 1 -0.13951758776313894 1 -0.13681319427588712 1 -0.1341088007886353 1 -0.13140440730138347 1 -0.12870001381413165 1 -0.12599562032687983 1 -0.12329122683962812 1 -0.1205868333523763 1 -0.11788243986512448 1 -0.11517804637787266 1 -0.11247365289062083 1 -0.10976925940336901 1 -0.1070648659161173 1 -0.10436047242886548 1 -0.10165607894161366 1 -0.098951685454361837 1 -0.096247291967110016 1 -0.093542898479858194 1 -0.090838504992606484 1 -0.088134111505354662 1 -0.08542971801810284 1 -0.082725324530851019 1 -0.080020931043599197 1 -0.077316537556347376 1 -0.074612144069095665 1 -0.071907750581843843 1 -0.069203357094592022 1 -0.0664989636073402 1 -0.063794570120088379 1 -0.061090176632836557 1 -0.058385783145584846 1 -0.055681389658333025 1 -0.052976996171081203 1 -0.050272602683829382 1 -0.04756820919657756 1 -0.044863815709325738 1 -0.042159422222074028 1 -0.039455028734822206 1 -0.036750635247570385 1 -0.034046241760318563 1 -0.031341848273066741 1 -0.02863745478581492 1 -0.025933061298563244 4
7 0 0  3 69 67  3.1411483405238596 0.84862323878667989  3.1254170235990806 0.84837190686709407  3.0942754359362921 0.8478633956087801  3.0484509181452983 0.84708326532488487  3.0034457840868649 0.84628602793577834  2.9591677716876279 0.84547166872694035  2.9155047234821527 0.84463998550255592  2.8723235979273203 0.84379063312938329  2.8294573312554272 0.84292289184249192  2.7867501679873063 0.84203658296748063  2.743889605227714 0.84112868149960329  2.7011861411445057 0.84020673568400395  2.6593444429591262 0.83928727006826753  2.6180195474971173 0.83836596119589235  2.577158784814471 0.83744390974680816  2.5366520876498804 0.83652079822149628  2.4964242873352567 0.8355966965563475  2.4564133810749826 0.83467165588275471  2.4165626271653928 0.83374550309889295  2.3768707921699361 0.8328190454058868  2.3371950126883512 0.83188943547323413  2.2980144694953282 0.83096829790946503  2.2594810779311185 0.83005942954137424  2.2214972813950586 0.82916116270197626  2.1840238772718927 0.82827341486671346  2.1470052414704308 0.82739580033109217  2.1103945708477387 0.82652813953218396  2.0741493275442702 0.8256703069629715  2.0382356515644 0.82482231987498711  2.0026184624907661 0.82398411903355617  1.9672932420190596 0.82315633486176276  1.9321601324493995 0.82233741469398081  1.8966582587594043 0.82151505010649295  1.8608760767425956 0.82069197492068025  1.8247283490760413 0.81986734089554825  1.7881521424510003 0.81904114978452669  1.7510623709441484 0.8182131145704401  1.7133648561947519 0.81738295680268103  1.6749557983293601 0.81655035378369478  1.6357193908082261 0.81571484951223661  1.5955484576019632 0.81487626017070436  1.5542779182333351 0.81403313770730124  1.5119484709592299 0.81318850737454385  1.4691668171309697 0.8123558663432473  1.4257999606239931 0.81153284285852234  1.3818979227106161 0.81072107574145102  1.3373925632567369 0.80992130819618169  1.2921400347269394 0.80913465326477796  1.2459713461324029 0.80836223232414905  1.1986601253071967 0.80760498581171403  1.1500046184172723 0.80686475542204938  1.0995268757868886 0.80614013174913035  1.0475491589442447 0.8054419874023766  0.9952696109262773 0.80478979222143987  0.94243641788150168 0.80418267842546354  0.8891662305189556 0.80362569117210614  0.83535983421752547 0.80312207086587306  0.78130038269323621 0.80267822034742231  0.72562281391798744 0.80228885693717467  0.66924707333153322 0.80196769687980052  0.60776079763033075 0.80170075077413938  0.52092505074479845 0.8014564192084449  0.39985871260032513 0.80149631243236252  0.31460270634904364 0.80178593717854652  0.23197430846390524 0.80222939037795549  0.15343840535758363 0.80283532335431596  0.076391407893238603 0.80359505758880967  0.026355711740492043 0.80419806582727049  0.0016061906245742508 0.80452221218816922 
 0.51842126451134496 4 0.52899647787024229 1 0.53957169122913962 1 0.55014690458803706 1 0.56072211794693438 1 0.57129733130583171 1 0.58187254466472904 1 0.59244775802362637 1 0.60302297138252381 1 0.61359818474142114 1 0.62417339810031847 1 0.63474861145921579 1 0.64532382481811323 1 0.65589903817701056 1 0.66647425153590789 1 0.67704946489480522 1 0.68762467825370255 1 0.69819989161259999 1 0.70877510497149732 1 0.71935031833039464 1 0.72992553168929197 1 0.7405007450481893 1 0.75107595840708674 1 0.76165117176598407 1 0.7722263851248814 1 0.78280159848377873 1 0.79337681184267606 1 0.80395202520157349 1 0.81452723856047071 1 0.82510245191936815 1 0.83567766527826548 1 0.84625287863716281 1 0.85682809199606025 1 0.86740330535495747 1 0.87797851871385491 1 0.88855373207275223 1 0.89912894543164956 1 0.909704158790547 1 0.92027937214944422 1 0.93085458550834166 1 0.94142979886723899 1 0.95200501222613632 1 0.96258022558503376 1 0.97315543894393097 1 0.98373065230282841 1 0.99430586566172574 1 1.0048810790206231 1 1.0154562923795205 1 1.0260315057384179 1 1.0366067190973152 1 1.0471819324562124 1 1.0577571458151098 1 1.0683323591740073 1 1.0789075725329047 1 1.0894827858918019 1 1.1000579992506991 1 1.1106332126095966 1 1.121208425968494 1 1.1317836393273915 1 1.1423588526862887 1 1.1529340660451859 1 1.1635092794040833 1 1.1740844927629808 1 1.1846597061218782 1 1.1952349194807754 1 1.2058101328396726 1 1.2163853461985701 4
7 0 0  3 267 265  0 0.07326139432616896  -1.7763568394002505e-15 0.074197722158851953  -1.7763568394002505e-15 0.076070377824217994  1.7763568394002505e-15 0.078879361322267125  -1.7763568394002505e-15 0.081688344820316103  3.5527136788005009e-15 0.084497328318365192  4.4408920985006262e-15 0.087306311816414281  3.5527136788005009e-15 0.090115295314463315  2.6645352591003757e-15 0.092924278812512431  -3.5527136788005009e-15 0.095733262310561409  5.3290705182007514e-15 0.098542245808610471  4.4408920985006262e-15 0.10135122930665955  8.8817841970012523e-16 0.10416021280470857  0 0.10696919630275767  3.5527136788005009e-15 0.10977817980080674  2.6645352591003757e-15 0.11258716329885576  -2.6645352591003757e-15 0.11539614679690485  5.3290705182007514e-15 0.11820513029495391  3.5527136788005009e-15 0.12101411379300293  -7.9936057773011271e-15 0.12382309729105202  1.7763568394002505e-15 0.12663208078910107  -2.6645352591003757e-15 0.12944106428715013  -8.8817841970012523e-16 0.13225004778519917  0 0.13505903128324825  2.6645352591003757e-15 0.13786801478129734  -8.8817841970012523e-15 0.14067699827934635  1.7763568394002505e-15 0.14348598177739547  -7.1054273576010019e-15 0.14629496527544444  1.7763568394002505e-15 0.14910394877349356  -6.2172489379008766e-15 0.15191293227154259  2.6645352591003757e-15 0.15472191576959168  -1.7763568394002505e-15 0.15753089926764074  5.3290705182007514e-15 0.16033988276568978  -1.2434497875801753e-14 0.16314886626373881  9.7699626167013776e-15 0.16595784976178787  -2.6645352591003757e-15 0.16876683325983696  -5.3290705182007514e-15 0.171575816757886  4.4408920985006262e-15 0.17438480025593509  0 0.17719378375398409  -2.6645352591003757e-15 0.18000276725203321  -4.4408920985006262e-15 0.18281175075008224  -7.1054273576010019e-15 0.18562073424813133  8.8817841970012523e-15 0.18842971774618036  -1.0658141036401503e-14 0.19123870124422937  1.7763568394002505e-15 0.19404768474227849  4.4408920985006262e-15 0.19685666824032752  -3.5527136788005009e-15 0.19966565173837661  6.2172489379008766e-15 0.20247463523642562  -5.3290705182007514e-15 0.20528361873447479  7.1054273576010019e-15 0.20809260223252379  -8.8817841970012523e-15 0.21090158573057285  7.1054273576010019e-15 0.21371056922862183  -6.2172489379008766e-15 0.21651955272667098  -1.7763568394002505e-15 0.21932853622471998  8.8817841970012523e-15 0.22213751972276913  4.4408920985006262e-15 0.22494650322081811  0 0.22775548671886719  0 0.23056447021691626  -4.4408920985006262e-15 0.23337345371496523  1.2434497875801753e-14 0.2361824372130148  -2.8421709430404007e-14 0.23899142071106186  7.1054273576010019e-14 0.24180040420911852  -2.5668356329333619e-13 0.24460938770713894  9.5479180117763462e-13 0.24741837120529514  -3.5820235666506051e-12 0.25022735470294383  1.3341328042315581e-11 0.25303633820248755  -4.9753978714761615e-11 0.25584532169495833  1.8563106607416557e-10 0.25865430521382576  -6.9278183190135678e-10 0.26146328863417961  2.5854429708260795e-09 0.26427227242219115  -9.6490486711786616e-09 0.26708125483808565  3.6010728621249655e-08 0.26989024237479042  -1.3439390667002726e-07 0.27269921080037113  5.0156489006525362e-07 0.27550825054963762  -1.8718656988880866e-06 0.27831702411528536  6.9858978894998813e-06 0.28112679109172228  -2.607172587509865e-05 0.28393285060862139  9.7183011228629823e-05 0.28675274279665708  -0.0003636568931888462 0.28952097012898825  0.0013555627251262692 0.29248192414008151  -0.0054374826174878876 0.29469625966465296  -0.0080961131456769309 0.29652485455759003  -0.0052193285881934059 0.29824334861847801  0.0025782908278371153 0.29992298386698818  0.013209236852580908 0.30164552885389234  0.0085508328313617099 0.30351633234514241  0.0043400960813375633 0.30540869068903076  0.00052316470775792823 0.30733625566585682  -0.0020975503328974909 0.30931240998713516  -0.0035832452549495741 0.31136975959378121  -0.0034161981520188789 0.3135724834004856  -0.001914615745915782 0.31599139473672511  -0.00049880341689334529 0.31860700367046069  6.2740902012414779e-05 0.32137192151507293  -1.681137403863886e-05 0.32418729665120505  4.5045940915144911e-06 0.3269945675149914  -1.207002354064457e-06 0.32980400991200826  3.2341529720980589e-07 0.33261287044844973  -8.6658874742795433e-08 0.33542188689396235  2.3220174227844836e-08 0.33823086156376542  -6.2218337149033687e-09 0.34103984742733578  1.6671322100592079e-09 0.34384883029154556  -4.4670755983133859e-10 0.34665781395943118  1.1969980562298588e-10 0.34946679741197273  -3.2080116341148823e-11 0.35227578092221523  8.5975671026972122e-12 0.35508476441699693  -2.311928426479426e-12 0.35789374791592127  6.1550764485218679e-13 0.3607027314137356  -1.5987211554602254e-13 0.36351171491184747  3.0198066269804258e-14 0.36632069840987963  0 0.36912968190793349  -7.9936057773011271e-15 0.37193866540598119  -8.8817841970012523e-16 0.37474764890403089  4.4408920985006262e-15 0.37755663240207976  6.2172489379008766e-15 0.38036561590012896  4.4408920985006262e-15 0.38317459939817788  0 0.38598358289622708  0 0.38879256639427601  -4.4408920985006262e-15 0.39160154989232521  -1.0658141036401503e-14 0.39441053339037413  1.5099033134902129e-14 0.39721951688842305  -5.3290705182007514e-15 0.40002850038647225  8.8817841970012523e-15 0.40283748388452095  -8.8817841970012523e-16 0.40564646738257021  4.4408920985006262e-15 0.40845545088061902  0 0.4112644343786685  -2.6645352591003757e-15 0.41407341787671742  5.3290705182007514e-15 0.41688240137476673  3.5527136788005009e-15 0.41969138487281571  1.1546319456101628e-14 0.42250036837086485  -6.2172489379008766e-15 0.42530935186891383  -4.4408920985006262e-15 0.4281183353669627  -8.8817841970012523e-15 0.43092731886501201  -4.4408920985006262e-15 0.43373630236306093  -1.7763568394002505e-15 0.43654528586111002  -1.5987211554602254e-14 0.43935426935915911  4.3520742565306136e-14 0.44216325285720748  -1.5543122344752192e-13 0.4449722363552594  5.915268275202834e-13 0.44778121985329677  -2.233768725545815e-12 0.45059020335138994  8.3275608631083742e-12 0.45339918684927422  -3.1058711158493679e-11 0.45620817034793931  1.1590639559244664e-10 0.45901715384368902  -4.3252867953924579e-10 0.46182613735031952  1.6142447378797442e-09 0.4646351208163424  -6.0244405020171143e-09 0.46744410443391465  2.2483503947512418e-08 0.47025308748589761  -8.3909609926990925e-08 0.47306207264868744  3.1315489756877923e-07 0.47587104993384  -1.1687100380797233e-06 0.47868005661873336  4.3616852254402261e-06 0.48148895358230231  -1.6278030865457538e-05 0.48429826003142662  6.0750438240830817e-05 0.48710603825965465  -0.00022672372207299674 0.48991951988591254  0.0025050034528852905 0.49269243746283231  0.0074809861459543825 0.49535585047058084  0.0028655833069812786 0.49787865031317485  -0.011055439129312283 0.50023394440221769  -0.0099327027589879435 0.50250288661541431  -0.011144672229262298 0.50475359689483401  -0.01385577521271486 0.50704505311673487  0.0053539209850699265 0.50947550533769648  0.010602236668344034 0.51202676696954597  0.0073377053440948359 0.51467012087442487  0.0024470120593926836 0.51739872109483609  -0.0001245813448047528 0.52018535395900578  3.3381470732507523e-05 0.5229961748503833  -8.9445381359354315e-06 0.52580466602037379  2.3966817623843895e-06 0.52861378143732818  -6.4218894824108474e-07 0.531422729587813  1.7207400571095377e-07 0.5342317225572133  -4.6107087925406631e-08 0.53704070351742139  1.2354368195133247e-08 0.53984968769548292  -3.3103377816701141e-09 0.54265867101132326  8.8700780054296047e-10 0.54546765455819524  -2.3766766332755651e-10 0.54827663804316229  6.368505722775808e-11 0.55108562154471685  -1.7070789226636407e-11 0.55389460504182675  4.5741188614556449e-12 0.55670358854012747  -1.2239098623467726e-12 0.55951257203810911  3.3750779948604759e-13 0.56232155553617624  -9.0594198809412774e-14 0.56513053903422028  2.2204460492503131e-14 0.56793952253227054  -1.1546319456101628e-14 0.57074850603031912  1.7763568394002505e-15 0.57355748952836794  -1.0658141036401503e-14 0.57636647302641719  -4.4408920985006262e-15 0.57917545652446611  8.8817841970012523e-15 0.58198444002251537  1.7763568394002505e-15 0.58479342352056429  9.7699626167013776e-15 0.58760240701861377  2.6645352591003757e-15 0.5904113905166628  -6.2172489379008766e-15 0.59322037401471217  1.7763568394002505e-15 0.59602935751276109  -7.9936057773011271e-15 0.59883834101081024  6.2172489379008766e-15 0.60164732450885916  -3.5527136788005009e-15 0.60445630800690819  -5.3290705182007514e-15 0.60726529150495723  -3.5527136788005009e-15 0.61007427500300582  -1.0658141036401503e-14 0.61288325850105507  -1.1546319456101628e-14 0.61569224199910377  -8.8817841970012523e-16 0.61850122549715292  3.5527136788005009e-15 0.62131020899520206  8.8817841970012523e-15 0.62411919249325121  0 0.62692817599130035  9.7699626167013776e-15 0.62973715948934961  -4.4408920985006262e-15 0.63254614298739886  -1.7763568394002505e-15 0.63535512648544779  -4.4408920985006262e-15 0.63816410998349693  -2.6645352591003757e-15 0.64097309348154619  5.3290705182007514e-15 0.64378207697959489  -1.7763568394002505e-15 0.64659106047764414  -3.5527136788005009e-15 0.64940004397569318  -4.4408920985006262e-15 0.65220902747374176  -7.1054273576010019e-15 0.65501801097179091  -2.6645352591003757e-15 0.65782699446983972  -7.9936057773011271e-15 0.66063597796788887  3.5527136788005009e-14 0.66344496146593779  -1.0835776720341528e-13 0.66625394496398771  4.2543746303635999e-13 0.66906292846203441  -1.5507595207964187e-12 0.67187191196009244  5.7900351180251164e-12 0.67468089545810839  -2.162980905495715e-11 0.6774898789562821  8.0719431139186781e-11 0.68029886245386573  -3.0125502092914758e-10 0.68310784595365226  1.1243148634321187e-09 0.6859168294452167  -4.195978675625156e-09 0.68872581296746671  1.5659590957284308e-08 0.69153479637519566  -5.8442435779682e-08 0.69434378021032328  2.1811009620620325e-07 0.69715276245037783  -8.1399798368408938e-07 0.699961750643325  3.037881818990229e-06 0.70277071661977519  -1.1337529260302404e-05 0.70557976550932233  4.2312235239982954e-05 0.70838850496297867  -0.00015791141167920131 0.71119839924710027  0.00058933341149725038 0.71400398364525397  -0.002199422234303583 0.71682565275681265  -0.018484874584906663 0.71998893109862439  -0.019535718666117141 0.72338659548165829  0.0017342162875051415 0.72689193810371988  0.028496504612462559 0.73029511526395585  0.039860383852632353 0.73356480531788282  0.036080357155386267 0.73676603133317109  0.01788010346571145 0.73991785991529013  -0.011965951686156551 0.74305174095947324  -0.039834814085723202 0.7461749814993448  -0.042173905975890769 0.74916879271250236  -0.019841625852085265 0.75193795554197296  0.0019521705121032795 0.75457770396838109  0.013621872592135986 0.75716424655759507  0.013130290253928756 0.75976709440539814  0.0071938347255136037 0.76245486894656422  0.0018607474762522003 0.76520806106867167  -0.00018794375251918183 0.76800407310706831  5.0359376706055059e-05 0.77081466122503617  -1.3493754324578333e-05 0.77362321476647389  3.6156405718301698e-06 0.77643231347104991  -9.6880796540688152e-07 0.77924126609960309  2.5959132088360093e-07 0.78205025786910876  -6.955727105406595e-08 0.78485923915082778  1.863782550515225e-08 0.78766822324274044  -4.9939945512278427e-09 0.79047720658166443  1.3381624697217376e-09 0.79328619012235091  -3.5869351933115468e-10 0.79609517360897453  9.6558316897699115e-11 0.79890415711008866  -2.7593038964823791e-11 0.80171314060730203  1.7763568394002505e-15 0.80358579627285376  0 0.8045221241055367 
 0.07326139432616896 4 0.076070377824218022 1 0.078879361322267083 1 0.081688344820316144 1 0.084497328318365192 1 0.087306311816414253 1 0.090115295314463315 1 0.092924278812512376 1 0.095733262310561423 1 0.098542245808610485 1 0.10135122930665955 1 0.10416021280470861 1 0.10696919630275767 1 0.10977817980080673 1 0.11258716329885579 1 0.11539614679690484 1 0.1182051302949539 1 0.12101411379300296 1 0.12382309729105201 1 0.12663208078910107 1 0.12944106428715013 1 0.13225004778519919 1 0.13505903128324825 1 0.13786801478129732 1 0.14067699827934638 1 0.14348598177739541 1 0.1462949652754445 1 0.14910394877349353 1 0.15191293227154262 1 0.15472191576959166 1 0.15753089926764072 1 0.16033988276568978 1 0.16314886626373884 1 0.1659578497617879 1 0.16876683325983696 1 0.17157581675788602 1 0.17438480025593506 1 0.17719378375398415 1 0.18000276725203318 1 0.18281175075008227 1 0.1856207342481313 1 0.18842971774618036 1 0.19123870124422943 1 0.19404768474227849 1 0.19685666824032755 1 0.19966565173837661 1 0.20247463523642567 1 0.20528361873447473 1 0.20809260223252379 1 0.21090158573057283 1 0.21371056922862189 1 0.21651955272667095 1 0.21932853622472001 1 0.22213751972276907 1 0.22494650322081813 1 0.22775548671886719 1 0.23056447021691626 1 0.23337345371496532 1 0.23618243721301438 1 0.23899142071106341 1 0.24180040420911247 1 0.24460938770716154 1 0.2474183712052106 1 0.25022735470325963 1 0.25303633820130872 1 0.25584532169935781 1 0.25865430519740684 1 0.26146328869545588 1 0.26427227219350496 1 0.26708125569155405 1 0.26989023918960309 1 0.27269922268765212 1 0.27550820618570115 1 0.27831718968375024 1 0.28112617318179933 1 0.28393515667984837 1 0.2867441401778974 1 0.28955312367594649 1 0.29236210717399558 1 0.29517109067204461 1 0.29798007417009365 1 0.30078905766814268 1 0.30359804116619177 1 0.30640702466424086 1 0.30921600816228989 1 0.31202499166033892 1 0.31483397515838801 1 0.3176429586564371 1 0.32045194215448614 1 0.32326092565253517 1 0.32606990915058426 1 0.32887889264863329 1 0.33168787614668238 1 0.33449685964473141 1 0.3373058431427805 1 0.34011482664082954 1 0.34292381013887863 1 0.34573279363692766 1 0.34854177713497669 1 0.35135076063302578 1 0.35415974413107482 1 0.35696872762912391 1 0.35977771112717294 1 0.36258669462522203 1 0.36539567812327106 1 0.36820466162132015 1 0.37101364511936918 1 0.37382262861741822 1 0.37663161211546731 1 0.37944059561351634 1 0.38224957911156543 1 0.38505856260961446 1 0.38786754610766355 1 0.39067652960571259 1 0.39348551310376167 1 0.39629449660181071 1 0.3991034800998598 1 0.40191246359790883 1 0.40472144709595786 1 0.40753043059400695 1 0.41033941409205599 1 0.41314839759010508 1 0.41595738108815411 1 0.4187663645862032 1 0.42157534808425223 1 0.42438433158230132 1 0.42719331508035036 1 0.43000229857839944 1 0.43281128207644848 1 0.43562026557449751 1 0.4384292490725466 1 0.44123823257059563 1 0.44404721606864472 1 0.44685619956669376 1 0.44966518306474285 1 0.45247416656279188 1 0.45528315006084097 1 0.45809213355889 1 0.46090111705693909 1 0.46371010055498812 1 0.46651908405303716 1 0.46932806755108625 1 0.47213705104913528 1 0.47494603454718437 1 0.4777550180452334 1 0.48056400154328249 1 0.48337298504133153 1 0.48618196853938062 1 0.48899095203742965 1 0.49179993553547874 1 0.49460891903352777 1 0.49741790253157681 1 0.50022688602962595 1 0.50303586952767487 1 0.50584485302572402 1 0.50865383652377305 1 0.51146282002182208 1 0.51427180351987123 1 0.51708078701792026 1 0.5198897705159693 1 0.52269875401401833 1 0.52550773751206736 1 0.52831672101011651 1 0.53112570450816554 1 0.53393468800621458 1 0.53674367150426372 1 0.53955265500231264 1 0.54236163850036179 1 0.54517062199841082 1 0.54797960549645985 1 0.550788588994509 1 0.55359757249255792 1 0.55640655599060707 1 0.5592155394886561 1 0.56202452298670513 1 0.56483350648475428 1 0.56764248998280331 1 0.57045147348085234 1 0.57326045697890149 1 0.57606944047695052 1 0.57887842397499956 1 0.58168740747304859 1 0.58449639097109762 1 0.58730537446914666 1 0.5901143579671958 1 0.59292334146524484 1 0.59573232496329387 1 0.5985413084613429 1 0.60135029195939205 1 0.60415927545744108 1 0.60696825895549011 1 0.60977724245353915 1 0.61258622595158829 1 0.61539520944963733 1 0.61820419294768636 1 0.62101317644573539 1 0.62382215994378443 1 0.62663114344183357 1 0.6294401269398826 1 0.63224911043793164 1 0.63505809393598067 1 0.63786707743402982 1 0.64067606093207885 1 0.64348504443012788 1 0.64629402792817692 1 0.64910301142622595 1 0.6519119949242751 1 0.65472097842232413 1 0.65752996192037316 1 0.6603389454184222 1 0.66314792891647134 1 0.66595691241452037 1 0.66876589591256941 1 0.67157487941061844 1 0.67438386290866748 1 0.67719284640671662 1 0.68000182990476565 1 0.68281081340281469 1 0.68561979690086372 1 0.68842878039891287 1 0.6912377638969619 1 0.69404674739501093 1 0.69685573089305997 1 0.69966471439110911 1 0.70247369788915814 1 0.70528268138720718 1 0.70809166488525621 1 0.71090064838330524 1 0.71370963188135439 1 0.71651861537940342 1 0.71932759887745246 1 0.72213658237550149 1 0.72494556587355063 1 0.72775454937159967 1 0.7305635328696487 1 0.73337251636769774 1 0.73618149986574677 1 0.73899048336379591 1 0.74179946686184495 1 0.74460845035989398 1 0.74741743385794301 1 0.75022641735599216 1 0.75303540085404119 1 0.75584438435209023 1 0.75865336785013926 1 0.7614623513481884 1 0.76427133484623744 1 0.76708031834428647 1 0.76988930184233551 1 0.77269828534038454 1 0.77550726883843368 1 0.77831625233648272 1 0.78112523583453175 1 0.78393421933258078 1 0.78674320283062993 1 0.78955218632867896 1 0.792361169826728 1 0.79517015332477703 1 0.79797913682282606 1 0.80078812032087521 1 0.80359710381892424 1 0.80640608731697327 1 0.80921507081502231 1 0.81202405431307145 1 0.81483303781112049 4
7 0 0  3 69 67  3.14014108898425 0.025933126307068944  3.1124541990981331 0.026016703765880601  3.0609017753126873 0.026220817512652397  2.990937487416514 0.026641233919791195  2.9219087380185602 0.027184622144152144  2.8555385297040021 0.027840959658507854  2.7894396408610271 0.028614214145439111  2.7235526895162416 0.029495189849506435  2.6574410998045201 0.030479012330971299  2.5908735493188075 0.031560638294831383  2.523696853408159 0.03273542569904677  2.4557527702872708 0.034002627293331443  2.3875132974407234 0.035352103042054481  2.3179091926991489 0.036815188634534202  2.2529667723515305 0.038268177627982361  2.1942317491918746 0.039661769309451859  2.1406181339476817 0.041013564765602271  2.0913923383341073 0.042316387550789342  2.0445500601376771 0.043557474620068648  2.0000509635503483 0.044743442754559729  1.9576277687914665 0.045875848864450459  1.9172643401983043 0.046956090571173795  1.8788404340459697 0.047988049887806028  1.8427338122750956 0.048962399720756999  1.807508093785791 0.049917635862282858  1.7723093026872476 0.050877400029986225  1.7373298808403095 0.051836926347969589  1.702458936453944 0.05279907316154505  1.6676213011566945 0.053764460346441001  1.6327080122956512 0.054734770118368879  1.5974472386746015 0.055709248141347298  1.5612678271861031 0.056677826848484214  1.5242408510327754 0.057643858669536342  1.4862833578862937 0.058608057735246383  1.4474115580467686 0.059570526603792216  1.4073860638704856 0.060536538104809148  1.366833621465952 0.061491306736663177  1.3267679866763955 0.062412906098376339  1.2869252038307111 0.063307716689957855  1.2473498504228426 0.064174238550140303  1.2079760977468412 0.065012732326216294  1.1687473205677232 0.065822660151259843  1.1295895558393807 0.066603364274354773  1.0904217488338364 0.067354012888759127  1.0511672906732181 0.068073251268627233  1.0117459678032019 0.068760761923556818  0.97215134167019424 0.069411497018225105  0.93260760012298993 0.070021745366553034  0.89324858248329131 0.070591681211773144  0.85425825736733574 0.071119769046241801  0.8145746714357589 0.071618687683098536  0.77434064430639826 0.072084599740599789  0.73350384687799064 0.072516331705526085  0.69205971405427991 0.072911952518906767  0.64996094358851519 0.073269754038677401  0.60720116337531849 0.073587797083085951  0.56352776647630676 0.073864793178603241  0.51945697460504059 0.074097079032135818  0.47166313558473622 0.074293445113164658  0.42258807342533938 0.074437708766199484  0.35976532616953016 0.074541664570837218  0.2845874966038221 0.074530185879152305  0.21955990619249571 0.074405868776293016  0.16580158748863483 0.074231446590256503  0.12232956849953834 0.074045065185237013  0.079118078744932735 0.073820526335078254  0.03678743113013995 0.073560242482951968  0.0090309323050529709 0.073364370084549047  -0.004723812163740071 0.073261225622262907 
 0.89043177833431597 4 0.89493860931208502 1 0.89944544028985396 1 0.90395227126762301 1 0.90845910224539195 1 0.912965933223161 1 0.91747276420092994 1 0.92197959517869899 1 0.92648642615646803 1 0.93099325713423697 1 0.93550008811200602 1 0.94000691908977496 1 0.94451375006754401 1 0.94902058104531295 1 0.953527412023082 1 0.95803424300085105 1 0.96254107397861999 1 0.96704790495638893 1 0.97155473593415798 1 0.97606156691192703 1 0.98056839788969596 1 0.98507522886746501 1 0.98958205984523395 1 0.994088890823003 1 0.99859572180077194 1 1.0031025527785409 1 1.00760938375631 1 1.012116214734079 1 1.0166230457118479 1 1.0211298766896171 1 1.025636707667386 1 1.030143538645155 1 1.0346503696229239 1 1.0391572006006931 1 1.043664031578462 1 1.0481708625562309 1 1.0526776935340001 1 1.057184524511769 1 1.061691355489538 1 1.0661981864673069 1 1.0707050174450761 1 1.075211848422845 1 1.0797186794006139 1 1.0842255103783831 1 1.088732341356152 1 1.093239172333921 1 1.0977460033116899 1 1.1022528342894591 1 1.106759665267228 1 1.111266496244997 1 1.1157733272227661 1 1.1202801582005351 1 1.124786989178304 1 1.1292938201560729 1 1.1338006511338421 1 1.138307482111611 1 1.14281431308938 1 1.1473211440671491 1 1.1518279750449181 1 1.156334806022687 1 1.160841637000456 1 1.1653484679782251 1 1.169855298955994 1 1.174362129933763 1 1.1788689609115321 1 1.1833757918893011 1 1.18788262286707 4
1 6.2831853071795862 0 0 -1 
1 0 0 0 -1 
7 0 0  3 25 23  6.2831853071795862 -0.12893218813452201  6.2810353518067963 -0.14413466735615482  6.2767354410612182 -0.17463768360617335  6.2702855749428457 -0.22068446465340844  6.2638357088244767 -0.26702159036985629  6.2573858427061033 -0.31364713214482659  6.2509359765877344 -0.3605591505829262  6.244486110469361 -0.40775569404598  6.2380362443509911 -0.45523479914651549  6.2315863782326204 -0.50299449071897362  6.2251365121142497 -0.55103278193148442  6.2186866459958763 -0.59934767436057013  6.2122367798775082 -0.64793715807643104  6.2057869137591348 -0.69679921172596004  6.199337047640765 -0.74593180261703329  6.1928871815223925 -0.7953328868028966  6.1864373154040218 -0.84500040916769215  6.179987449285651 -0.89493230351012532  6.1735375831672794 -0.94512649263625514  6.1670877170489078 -0.99558088842034465  6.1606378509305388 -1.0462933919871988  6.1541879848121672 -1.0972618934431346  6.1477381186937947 -1.1484842732936527  6.1434382079482139 -1.1828003561434637  6.141288252575424 -1.2000000000000002 
 0.78539816339744717 4 0.79184802951581823 1 0.7982978956341894 1 0.80474776175256046 1 0.81119762787093164 1 0.8176474939893027 1 0.82409736010767387 1 0.83054722622604493 1 0.8369970923444161 1 0.84344695846278717 1 0.84989682458115823 1 0.8563466906995294 1 0.86279655681790057 1 0.86924642293627163 1 0.8756962890546427 1 0.88214615517301387 1 0.88859602129138493 1 0.8950458874097561 1 0.90149575352812716 1 0.90794561964649834 1 0.9143954857648694 1 0.92084535188324046 1 0.92729521800161163 4
1 6.2831853071795862 -1.200000000000002 -1 0 
7 0 0  3 25 23  5.9093039898496276 -1.1999999999999975  5.9073687968669129 -1.1822636637173389  5.9034984109014834 -1.1467460500728464  5.8976928319533419 -1.0933366069402164  5.8918872530051969 -1.0397959399732015  5.8860816740570536 -0.98612585409376674  5.8802760951089095 -0.93232815813906889  5.8744705161607671 -0.8784046653670452  5.8686649372126221 -0.82435719324348411  5.8628593582644788 -0.770187563421461  5.8570537793163355 -0.71589760166902117  5.8512482003681923 -0.66148913781057606  5.8454426214200472 -0.60696400566444986  5.8396370424719048 -0.55232404298126603  5.8338314635237607 -0.49757109138195987  5.8280258845756165 -0.44270699629574845  5.8222203056274733 -0.38773360689778541  5.8164147266793282 -0.33265277604739896  5.8106091477311868 -0.27746636022351245  5.8048035687830408 -0.22217621947002389  5.7989979898349002 -0.16678421730345885  5.7931924108867552 -0.11129222076081073  5.7873868319386119 -0.05570209992366848  5.7835164459731816 -0.018577852905453187  5.7815812529904669 0 
 1.1592794807274078 4 1.1650850596755515 1 1.170890638623695 1 1.1766962175718387 1 1.1825017965199824 1 1.1883073754681261 1 1.1941129544162696 1 1.1999185333644133 1 1.2057241123125571 1 1.2115296912607008 1 1.2173352702088442 1 1.223140849156988 1 1.2289464281051317 1 1.2347520070532751 1 1.2405575860014189 1 1.2463631649495626 1 1.2521687438977063 1 1.2579743228458498 1 1.2637799017939935 1 1.2695854807421372 1 1.2753910596902807 1 1.2811966386384244 1 1.2870022175865681 4
1 6.2831853071795862 0 -1 0 
1 5.4977871437821388 0 0 -1 
1 0 -7.9999999999999902 1 0 
1 6.2831853071795862 0 0 -1 
1 0 0 0 -1 
7 0 0  3 25 23  6.2831853071795862 -0.12893218813451401  6.2810353518067963 -0.14413466735614611  6.2767354410612155 -0.174637683606164  6.2702855749428474 -0.22068446465339975  6.263835708824474 -0.26702159036984502  6.2573858427061042 -0.31364713214481382  6.2509359765877326 -0.3605591505829151  6.2444861104693627 -0.40775569404596662  6.238036244350992 -0.45523479914649839  6.2315863782326204 -0.50299449071896174  6.2251365121142488 -0.55103278193146454  6.2186866459958763 -0.59934767436055447  6.21223677987751 -0.64793715807641117  6.2057869137591366 -0.6967992117259395  6.1993370476407659 -0.74593180261701308  6.1928871815223943 -0.79533288680287451  6.1864373154040253 -0.8450004091676715  6.1799874492856519 -0.89493230351010034  6.1735375831672803 -0.94512649263622928  6.1670877170489113 -0.99558088842031933  6.160637850930538 -1.0462933919871702  6.154187984812169 -1.0972618934431055  6.1477381186937974 -1.148484273293624  6.1434382079482157 -1.1828003561434335  6.1412882525754267 -1.1999999999999673 
 0.78539816339744739 4 0.79184802951581834 1 0.79829789563418929 1 0.80474776175256035 1 0.8111976278709313 1 0.81764749398930225 1 0.8240973601076732 1 0.83054722622604427 1 0.83699709234441522 1 0.84344695846278617 1 0.84989682458115712 1 0.85634669069952807 1 0.86279655681789913 1 0.86924642293627008 1 0.87569628905464103 1 0.88214615517301198 1 0.88859602129138304 1 0.89504588740975399 1 0.90149575352812494 1 0.90794561964649589 1 0.91439548576486684 1 0.92084535188323791 1 0.92729521800160886 4
1 6.2831853071795862 -1.2000000000000011 -1 0 
7 0 0  3 25 23  5.909303989849624 -1.1999999999999762  5.9073687968669093 -1.1822636637173176  5.9034984109014816 -1.1467460500728244  5.8976928319533375 -1.0933366069401942  5.8918872530051933 -1.0397959399731771  5.8860816740570474 -0.98612585409374232  5.880276095108905 -0.93232815813904568  5.8744705161607627 -0.87840466536701889  5.8686649372126185 -0.82435719324346013  5.8628593582644735 -0.77018756342143391  5.857053779316332 -0.7158976016689933  5.851248200368186 -0.6614891378105493  5.8454426214200446 -0.60696400566441921  5.8396370424719004 -0.55232404298123317  5.8338314635237545 -0.49757109138192646  5.8280258845756112 -0.44270699629571614  5.8222203056274697 -0.38773360689775144  5.8164147266793238 -0.33265277604736404  5.8106091477311823 -0.27746636022347904  5.8048035687830364 -0.22217621946998839  5.7989979898348922 -0.16678421730342088  5.793192410886749 -0.11129222076077516  5.7873868319386075 -0.05570209992362897  5.7835164459731772 -0.018577852905413278  5.7815812529904624 3.907985046680551e-14 
 1.1592794807274107 4 1.1650850596755544 1 1.1708906386236981 1 1.1766962175718418 1 1.1825017965199855 1 1.1883073754681293 1 1.194112954416273 1 1.1999185333644167 1 1.2057241123125604 1 1.2115296912607041 1 1.2173352702088478 1 1.2231408491569917 1 1.2289464281051354 1 1.2347520070532791 1 1.2405575860014229 1 1.2463631649495666 1 1.2521687438977103 1 1.257974322845854 1 1.2637799017939977 1 1.2695854807421414 1 1.2753910596902851 1 1.2811966386384288 1 1.2870022175865725 4
1 6.2831853071795862 0 -1 0 
1 5.4977871437821388 0 0 -1 
1 0 -7.9999999999999902 1 0 
1 6.2831853071795862 0 -1 0 
1 3.1415926535897931 -2.8199664825479061e-15 0 -1 
1 3.1415926535897931 -2.8199664825479061e-15 0 -1 
1 3.1415926535897931 -6.4124999999999899 1 0 
1 6.2831853071795862 -2.2450640302672875 -1 -4.2407395752846889e-16 
1 6.2831853071795862 -2.6645352591003757e-15 0 1 
1 0 -2.6645352591003757e-15 0 1 
1 0 0 1 0 
1 3.1415926535897931 -1.2560739669470195e-15 0 -1 
1 3.1415926535897931 -1.2560739669470195e-15 0 -1 
1 6.2831853071795862 -1.3322676295501878e-15 0 1 
1 0 -1.3322676295501878e-15 0 1 
1 0 -7.9999999999999902 1 0 
1 0 -7.9999999999999902 1 0 
1 6.2831853071795862 0 -1 0 
1 6.2831853071795862 -2.2450640302672902 -1 4.2407395752846889e-16 
1 -3.1415926535897931 -6.4124999999999899 1 0 
1 0 0 1 0 
7 0 0  3 25 23  0.018404155535587375 4.0856207306205761e-14  0.018125304694139231 -0.0019351525135397963  0.017567603011242799 -0.0058071371101177174  0.016731050486897991 -0.011620148644827666  0.015894497962552913 -0.017438190752358838  0.015057945438208228 -0.023261259360845627  0.014221392913863512 -0.029089350395269348  0.013384840389517896 -0.034922459776985722  0.012548287865174014 -0.040760583423879754  0.011711735340828961 -0.046603717250311628  0.010875182816484003 -0.052451857167139848  0.010038630292139 -0.058304999081716935  0.0092020777677951689 -0.064163138897897695  0.0083655252434497538 -0.070026272516040503  0.0075289727191041912 -0.075894395833003239  0.0066924201947604492 -0.081767504742156411  0.0058558676704153628 -0.087645595133380549  0.0050193151460700067 -0.093528662893072961  0.0041827626217257217 -0.09941670390413726  0.0033462100973807611 -0.10530971404601167  0.0025096575730357484 -0.11120768919465333  0.0016731050486909623 -0.11711062522248156  0.00083655252434644946 -0.12301851799877142  0.00027885084144910682 -0.12696041492494961  0 -0.12893218813451401 
 0.76699400786186134 4 0.76783056038620612 1 0.76866711291055101 1 0.76950366543489579 1 0.77034021795924057 1 0.77117677048358546 1 0.77201332300793024 1 0.77284987553227513 1 0.77368642805661991 1 0.77452298058096469 1 0.77535953310530958 1 0.77619608562965436 1 0.77703263815399914 1 0.77786919067834404 1 0.77870574320268882 1 0.7795422957270336 1 0.78037884825137849 1 0.78121540077572327 1 0.78205195330006816 1 0.78288850582441294 1 0.78372505834875772 1 0.78456161087310261 1 0.78539816339744739 4
7 0 0  3 25 23  0.018404155535583448 -4.4408920985006262e-15  0.018125304694135005 -0.001935152513584058  0.017567603011238553 -0.0058071371101602268  0.016731050486894564 -0.011620148644868284  0.015894497962549485 -0.017438190752398997  0.015057945438205069 -0.023261259360883912  0.014221392913860462 -0.029089350395303883  0.013384840389515691 -0.034922459777019979  0.012548287865171287 -0.040760583423913165  0.011711735340826946 -0.046603717250342201  0.010875182816481898 -0.052451857167170914  0.010038630292137658 -0.058304999081743296  0.0092020777677930005 -0.064163138897926422  0.0083655252434480139 -0.0700262725160644  0.0075289727191036725 -0.075894395833028122  0.0066924201947588828 -0.081767504742176908  0.0058558676704146976 -0.087645595133401311  0.005019315146070116 -0.093528662893090683  0.00418276262172553 -0.099416703904155038  0.0033462100973807463 -0.10530971404602658  0.0025096575730357922 -0.11120768919466779  0.0016731050486918126 -0.11711062522249417  0.00083655252434726316 -0.12301851799878104  0.00027885084144948136 -0.12696041492495785  0 -0.12893218813452201 
 0.76699400786186622 4 0.76783056038621078 1 0.76866711291055545 1 0.76950366543490001 1 0.77034021795924457 1 0.77117677048358912 1 0.77201332300793379 1 0.77284987553227835 1 0.77368642805662291 1 0.77452298058096747 1 0.77535953310531214 1 0.7761960856296567 1 0.77703263815400125 1 0.77786919067834592 1 0.77870574320269048 1 0.77954229572703504 1 0.7803788482513796 1 0.78121540077572427 1 0.78205195330006883 1 0.78288850582441338 1 0.78372505834875794 1 0.78456161087310261 1 0.78539816339744717 4
1 0.78539816339744906 0 0 1 
1 6.2831853071795862 0 -1 0 
1 6.2831853071795862 0 -1 0 
1 0.78539816339744895 0 0 1 
Curves 64
7 0 0  3 113 78  25.564374203617962 11.489027932465895 0.80332235657390982  25.687282623478559 10.763307779640625 0.71496964778453487  25.766200212510476 8.9399725497286404 0.50526668828637278  24.922499003865951 6.0423815878612448 0.14545999047677655  22.825724644148611 3.4174641386851796 -0.24649026821366024  19.90951829714653 1.7867979472019571 -0.6315291267216766  16.574886527084725 1.3748851382022707 -1.0236181454125433  13.306662337907188 2.2711297861806443 -1.4263294492033745  10.652038610457133 4.3236237341818713 -1.8166647648316747  8.9733695202973784 7.2131203297676478 -2.2017948709808208  8.5081129292948958 10.546155669037841 -2.5957677956153158  9.3526908342158457 13.827691406895733 -2.998202629397074  11.360651389284035 16.511780484148929 -3.3870813940708309  14.222874121505152 18.238137906860274 -3.772369441259515  17.18843310691037 18.698168019667957 -4.126308475697785  20.483551653222303 18.130001875122154 -4.5246722396071197  22.391837598051289 16.931739489402212 -4.7793790076571563  24.411388854224342 14.780855283098383 -5.1346213253173545  25.116140213699193 13.457361361195204 -5.3031862311956823  25.805093766197434 10.588218049805063 -5.65849428668737  25.761684162278435 9.0894227253517954 -5.8270319522150729  24.93882709922735 6.2555111907861241 -6.182390271539532  24.158648927215847 4.9750112850569712 -6.3509160284351474  22.039874359907365 2.9206976835520049 -6.706309074578189  20.727767538988765 2.1947885894344203 -6.8748382259452994  17.869420093195167 1.4597569351714945 -7.2302503958378512  16.369911481297155 1.4791467678680763 -7.3987982312827301  13.52267404022869 2.2565904356550219 -7.7542138790071125  12.229548608306036 3.0163174045288681 -7.9227956732744982  10.141251368599647 5.1021495604463833 -8.2781991447092622  9.3941808337458408 6.4028503471410554 -8.4468301736529057  8.6133417099155789 9.2492890599709892 -8.8022057922971744  8.6086958295019986 10.749494138104565 -8.9709013253794989  9.3404141517072077 13.60895056588055 -9.3262334274941381  10.07966402519795 14.914694543492452 -9.49500872195593  12.131735453065581 17.036161142196132 -9.8502816529643731  13.42100103843225 17.804401464150846 -10.019151976716218  16.254414427617252 18.630739243381608 -10.374350097194858  17.75529284885085 18.659445523316965 -10.543330728514961  20.625840163569148 17.973732428281 -10.898438433833689  21.944194722978505 17.254996079025741 -11.06754462530435  24.09798255597093 15.237485261812646 -11.422546331071503  24.887405372586226 13.959693461259803 -11.591793323073082  25.758894300328834 11.140421680587185 -11.946673483232576  25.811693775896551 9.6388989242129224 -12.116076503712218  25.172231432872536 6.7584070378325247 -12.470819592723174  24.474054697286434 5.4274510740660826 -12.640393920826568  22.49188280454554 3.2422227970953106 -12.994984441262933  21.225612299155266 2.4316012403857248 -13.164745273715949  18.772097369294102 1.6298796145000731 -13.474864957243973  16.556965363143583 1.3645275070670893 -13.731636377166298  13.286173140039107 2.2684391847570651 -14.134894162714341  10.631743712419704 4.3292448616488652 -14.525938977122896  8.9568695261263649 7.2259553904263045 -14.911559144358842  8.4977063489184363 10.563609838714775 -15.30580121510274  9.3499045850602123 13.847839188600494 -15.708806387792562  11.366054030227399 16.531692787682282 -16.098351197528256  14.23537868796587 18.254289379300978 -16.484099169885074  16.473698734891272 18.594431827361355 -16.754066797538378  18.657199068034448 18.504691808209191 -17.010054330837143  20.866795243106385 17.966740093718073 -17.282731387299258  23.579718752072012 15.995588357650512 -17.670924105181257  25.349638940156126 13.154332312010979 -18.056853922431355  25.725719889054218 10.916075784844338 -18.328792400917497  25.670605581094332 8.7354764880689775 -18.583315842817932  25.167855074037007 6.5157129513840006 -18.856650889829293  23.890834499585907 4.6995443838681004 -19.110030326608424  22.296982044071207 3.1603598574776761 -19.37685730370189  20.428987312968168 1.9572758348963331 -19.629996877298389  18.192794826566377 1.5452792392946595 -19.903401906681569  16.013762935495926 1.5659648836509434 -20.157144856859425  13.786645837006416 2.0330813217992825 -20.430339859131525  11.016164901383535 3.9131953106122173 -20.816461575967114  9.1528429642595004 6.6992637280684546 -21.203961468872432  8.7051342562677352 8.927389005699359 -21.47691578275451  8.6913866651969833 11.110828866756522 -21.732198198408518  9.1226471094861559 13.339492822941692 -22.00340426545019  10.956658785500197 16.139973659352638 -22.38934680378615  13.715331855520567 18.049450592327457 -22.778129772128004  15.934200769214886 18.532471629112635 -23.05041076952639  18.121173837735288 18.580843612328394 -23.307135512023656  20.351018793536024 18.185489627529485 -23.57642658979097  23.180807796766103 16.398035029369552 -23.962232885734618  25.136085218563764 13.66716188266129 -24.352435607654208  25.913095486083328 10.36351843321223 -24.75565135191783  25.377737622160478 7.0384394357589883 -25.14933903520906  23.637280074989242 4.1800442564740914 -25.535050892720125  20.934608662309731 2.179320131147708 -25.926807041622826  17.643346973079904 1.3503350762825994 -26.330196716097387  14.688586877319535 1.7770216199926721 -26.677100463372575  11.730514291997975 3.2642117191973119 -27.062457365396373  10.222667103194041 4.9925267348270674 -27.332041387825925  8.9274924438813326 7.6104995323978235 -27.675997500579079  8.6306300248793661 9.1151824279069373 -27.856885119877287  8.8024473950924289 12.029160299730012 -28.200234027335323  9.2905153052978857 13.48477851017568 -28.381717033358427  10.882399587950538 15.929358662716977 -28.724444713980436  12.028699310548081 16.953066917500816 -28.906536304156699  14.620914430319996 18.287045014707054 -29.248628172003851  16.125426849597446 18.608741984152619 -29.431341694230383  19.036113811597399 18.48334364539496 -29.772783944568289  20.503991813176953 18.01691272443761 -29.956132381972534  22.968565776775378 16.46700586604592 -30.296911657231011  24.013723789097895 15.333358410211991 -30.480908144475556  25.38575439213021 12.767789856155602 -30.821010928561741  25.732388158028296 11.263541320149191 -31.005668513093177  25.65318962176833 8.3572776758824912 -31.345082091909571  25.208533081587891 6.8771689078505247 -31.530413668631759  23.700961841986743 4.3936871663970685 -31.869125168195463  22.58010118864868 3.3270338514789333 -32.055143816349698  20.042015847370052 1.9177176051424019 -32.393140566202447  18.538922090506961 1.546036136368655 -32.579578930801226  17.087752547130947 1.562666718500584 -32.74849406896621 
 -0.87986463620981403 4 -0.87299069373942495 1 -0.86267978003384105 1 -0.85236886632825704 1 -0.84205795262267302 1 -0.83174703891709001 1 -0.821436125211506 1 -0.81112521150592198 1 -0.80081429780033797 1 -0.79050338409475496 1 -0.78019247038917094 1 -0.76988155668358704 1 -0.75957064297800303 1 -0.74925972927241902 1 -0.74238578680203005 1 -0.72863790186125199 2 -0.71489001692047405 2 -0.70114213197969499 2 -0.68739424703891705 2 -0.673646362098139 2 -0.65989847715736005 2 -0.646150592216582 2 -0.63240270727580405 2 -0.618654822335025 2 -0.60490693739424695 2 -0.591159052453469 2 -0.57741116751268995 2 -0.56366328257191201 2 -0.54991539763113395 2 -0.53616751269035501 2 -0.52241962774957695 2 -0.50867174280879901 2 -0.498360829103215 1 -0.48804991539763098 1 -0.47773900169204703 1 -0.46742808798646401 1 -0.45711717428088 1 -0.44680626057529599 1 -0.43649534686971198 1 -0.42618443316412902 1 -0.415873519458545 2 -0.40556260575296099 1 -0.39525169204737698 1 -0.38494077834179402 1 -0.37462986463621001 2 -0.364318950930626 1 -0.35400803722504198 2 -0.34369712351945902 1 -0.33338620981387501 2 -0.323075296108291 1 -0.31276438240270699 1 -0.30245346869712397 1 -0.29214255499154002 2 -0.281831641285956 1 -0.27152072758037199 1 -0.26120981387478798 1 -0.25089890016920502 2 -0.24058798646362101 1 -0.23027707275803699 1 -0.21996615905245301 1 -0.20965524534687 1 -0.19934433164128601 1 -0.189033417935702 1 -0.17872250423011801 1 -0.168411590524535 1 -0.15810067681895101 1 -0.15122673434856199 1 -0.13747884940778299 2 -0.123730964467005 2 -0.109983079526227 2 -0.096235194585448394 2 -0.082487309644670007 2 -0.068739424703891702 2 -0.054991539763113398 2 -0.041243654822335003 2 -0.027495769881556699 2 -0.013747884940778299 2 -0 4
7 0 0  3 30 15  24.102144351827789 5.1074573274711632 -1.0866274609883921e-14  23.760502212157402 4.4547747896962537 -2.5447325115512393e-11  23.255387781146705 3.771186011563946 -1.6919798895287386e-14  21.816950563645488 2.4839280634901453 -1.6919798895287386e-14  20.931883991682451 1.9599463362991598 -1.6919798895287386e-14  18.945973713458731 1.2470862849534323 -1.6919798895287386e-14  17.908326482372097 1.1104017747438808 0  15.920892054505751 1.1860407613327451 0  14.898538214591181 1.4191616108233471 -1.6919798895287386e-14  13.089781742931066 2.2559924354600112 -1.6919798895287386e-14  12.35859520067835 2.7921914177566434 -5.639932965095787e-15  11.528101238808153 3.6890554073291657 -5.639932965095787e-15  11.316876592145261 3.998437957625693 3.9987124722529136e-12  11.143134640427727 4.3567431441347395 3.9987124722529136e-12  11.106462861562363 4.4585684526110461 5.639932965095787e-15  11.083634006897633 4.5810411053274809 5.639932965095787e-15  11.079268533759205 4.6226504371588666 -5.639932965095787e-15  11.085590924162988 4.6815958424505997 -5.639932965095787e-15  11.090153226532447 4.7020982317230313 -5.639932965095787e-15  11.105232080920576 4.7347384494552154 -5.639932965095787e-15  11.113719531662582 4.7473966745925127 2.3687718453402329e-13  11.13643654631373 4.7694043865090805 2.3687718453402329e-13  11.150013585679435 4.7778553313885137 -5.639932965095787e-15  11.186865724962841 4.7923557799687879 -5.639932965095787e-15  11.210885995068104 4.7956127645126676 -1.1279865930191599e-14  11.284438334305269 4.7963200493390135 -1.1279865930191599e-14  11.3442195589629 4.7836839997827916 -1.8611778784816115e-13  11.580956627660106 4.7065186152523504 -1.8611778784816115e-13  11.807875133790233 4.5880629498421337 -2.8199664825479064e-14  12.090010388003838 4.4370829419090274 -2.8199664825479064e-14 
 0.51842126451134496 4 0.614783234604246 2 0.71781363685686195 2 0.82787280773096705 2 0.94341067160242198 2 1.04801206581595 2 1.10707826722794 2 1.13411942307949 2 1.1460186561472701 2 1.1521751708689101 2 1.1566835926877499 2 1.16131367073173 2 1.1678283503724001 2 1.18150409886458 2 1.2163853461985701 4
7 0 0  3 113 78  17.313242636959036 1.5642788457559724 -34.64234999999988  18.773159088793445 1.5492101169912678 -34.46808552204871  20.285569089970032 1.9243878923214175 -34.284776597590842  22.838313295727367 3.3443976089931566 -33.944753495387957  23.997320092610206 4.4422367652338206 -33.752789255431004  25.533359473325476 6.975746852734499 -33.40742008860861  26.001851043127612 8.5212727182592136 -33.21363626214707  26.082567288971404 11.524848194707294 -32.862820951651329  25.720094899190173 13.117438235996406 -32.667191618735266  24.282669479598351 15.803630995755666 -32.310854895386768  23.166692862084446 17.020925980061719 -32.113393781941234  20.552401628245597 18.664821809265085 -31.751433626685699  18.962838470642279 19.174815467064757 -31.552139254883315  15.836386114623455 19.309979546401184 -31.18458270764609  14.185806995864723 18.961906111301872 -30.983467313596762  11.366632229398023 17.512094436998989 -30.610281920169442  10.092599159984601 16.380693087051984 -30.407416602884634  8.339925451875553 13.691503487259771 -30.028634899167614  7.7885998948216342 12.061727752534194 -29.824040530417374  7.5957455974397634 8.8189139817010478 -29.439842887043302  7.9274768482049156 7.1144316272197941 -29.23357728003559  9.3830095196902388 4.168201885249661 -28.844041319694796  11.092032440740432 2.1956195946090333 -28.534953676679546  14.484182915231504 0.48889659865353136 -28.089230905184024  17.869343100398403 -0.0033926670853429873 -27.688468484345979  21.682959645401393 0.94965357684431317 -27.216895476570077  24.844023922245995 3.2833373119019811 -26.754445403261254  26.884297186557422 6.6341108996798832 -26.297608162209091  27.518633526857059 10.5443024769343 -25.829699119942429  26.60237262772009 14.462988178674273 -25.346442645411443  24.272137022426147 17.722544453366567 -24.875830239995945  20.887919614843561 19.859444401602243 -24.409536376813325  18.217243462550314 20.335332691831454 -24.083604892768175  15.581340053506564 20.276995922050286 -23.770984184493212  12.909490593861738 19.696499072062974 -23.439944337692115  9.5708741769390162 17.386282857254731 -22.965026118801344  7.3495383318757002 13.991648208138598 -22.493140259202633  6.8256836471016689 11.288094929307711 -22.161429783898015  6.8432709541491841 8.629766184405705 -21.848274066090152  7.3884194322560166 5.918971537697713 -21.513882797120839  9.6615293530809812 2.5222359462264463 -21.038533468357723  13.042911074013514 0.23011603177818463 -20.564885247211407  15.760481647716462 -0.33905278963853058 -20.230273802084959  18.423249535912756 -0.36307045826187551 -19.918943100533131  21.152608924435917 0.14143113779128721 -19.584492463189264  23.433053360655041 1.6115483724346855 -19.274784739039248  25.37753509598857 3.4912071600446892 -18.948752986297379  26.934970252515125 5.7088302165120579 -18.639237613954201  27.546162556379535 8.4148260005471816 -18.306392907656782  27.612084695255589 11.073715186417331 -17.996182320501195  27.152530736630016 13.795709526668409 -17.666298447102825  25.000731856673671 17.247907683782341 -17.198658246134219  21.705669635343554 19.639033755236433 -16.728968010102296  19.033828270322999 20.28799614941428 -16.401117324125373  16.389821294522509 20.395847139476306 -16.092471994611323  13.695194785416 19.984004620020016 -15.769640527754518  10.243110685807505 17.912320949587617 -15.308627148115558  7.8233964417627417 14.688034178427044 -14.844013426792891  6.8077972397318574 10.761385396054742 -14.366062835142495  7.3551015129743611 6.7984797927413378 -13.90207073058421  9.3370960747174419 3.365489151621087 -13.449268867973641  12.475533359444922 0.93062885995280187 -12.99112127674884  16.315821585970074 -0.12786439835709518 -12.522111117303622  18.894866705609882 0.18146023974781167 -12.226067721007626  21.755000343296263 1.1145122791350044 -11.86797315049213  23.221321902516927 2.0531539956152489 -11.673275601005127  25.515742202438929 4.579626705534265 -11.266860421504015  26.318119976970497 6.1088825258216124 -11.073825837050689  27.054145938700746 9.4137542966841288 -10.670371304322838  26.994230248839958 11.125004403974275 -10.479029038861754  26.005110017985061 14.333351512246574 -10.078663021320791  25.113436319780245 15.777242282037291 -9.8890247689619848  22.686829421249495 18.053975931681023 -9.4918760651142708  21.210905995548224 18.858993151466024 -9.3039732920609293  18.0055527017545 19.62751300690698 -8.9101713285012547  16.341031358591422 19.595996311453682 -8.7240370322192078  13.207123303512477 18.684880049439606 -8.3337163624776274  11.791311814867736 17.8415506278557 -8.1493850450141778  9.5437865219123257 15.521829988911156 -7.7626817424718091  8.7402829299618663 14.102943133043224 -7.5801827019552777  7.9458156775927922 11.008216179200849 -7.1972393540018249  7.9507849994513844 9.3954093795460718 -7.0166085143416961  8.7844217355361476 6.3482113951140473 -6.6375702485663535  9.5787667608795211 4.9655180776406809 -6.4588510193666639  11.78657591455063 2.7577174184537512 -6.0838652214567279  13.145659527384929 1.9596717224414137 -5.9071010561092345  16.120934751878355 1.145812715736866 -5.5363193068460728  17.677995577138514 1.1263052630236987 -5.3615532622248612  20.62832426770159 1.8840642180597094 -4.9951239930071667  21.973665231780117 2.6294179841544025 -4.822399261020796  24.13270179973863 4.7223096998674254 -4.4604721211623755  24.921786503815134 6.0198214787073088 -4.2898342749975269  25.748907867873239 8.8694460153393937 -3.9325529987142387  25.790728885910998 10.36789583545845 -3.7640462082401522  25.10636811932422 13.213901753230202 -3.411544202622053  24.409376360851748 14.518747645526616 -3.2452073320946813  22.432220391064661 16.622135595656225 -2.8976090847830669  20.575818516851985 17.78413970866136 -2.650042964364431  17.390289031416891 18.327866725064332 -2.2651383608728257  14.581122946949323 17.882882508425276 -1.9300020411822083  11.881887571115861 16.253913694248745 -1.5670376777393185  10.005375516605616 13.733788116024384 -1.2030544156190313  9.2350176757569429 10.695466665631734 -0.83174819712609283  9.6685317539832134 7.6666365309283764 -0.47501080828007491  11.188556164805195 5.05560640762363 -0.12843109865693944  13.57953414088982 3.2185254133377472 0.22045488470864896  16.478018300387784 2.4363045712219553 0.5747738984635945  19.38618101737881 2.806093943109373 0.91391675112688575  21.914799475236222 4.2244580190214194 1.2449150036625796  23.716034408647673 6.4954804630661007 1.5796275300692462  24.423185863678611 8.9613378387222582 1.8831711320321463  24.352810067996092 10.49772696273177 2.0545958467856837  24.248010045461555 11.107234881637066 2.1295795475145356 
 0 4 0.013747884940778299 2 0.027495769881556699 2 0.041243654822335003 2 0.054991539763113398 2 0.068739424703891702 2 0.082487309644670007 2 0.096235194585448394 2 0.109983079526227 2 0.123730964467005 2 0.13747884940778299 2 0.15122673434856199 1 0.15810067681895101 1 0.168411590524535 1 0.17872250423011801 1 0.189033417935702 1 0.19934433164128601 1 0.20965524534687 1 0.21996615905245301 1 0.23027707275803699 1 0.24058798646362101 1 0.25089890016920502 2 0.26120981387478798 1 0.27152072758037199 1 0.281831641285956 1 0.29214255499154002 2 0.30245346869712397 1 0.31276438240270699 1 0.323075296108291 1 0.33338620981387501 2 0.34369712351945902 1 0.35400803722504198 2 0.364318950930626 1 0.37462986463621001 2 0.38494077834179402 1 0.39525169204737698 1 0.40556260575296099 1 0.415873519458545 2 0.42618443316412902 1 0.43649534686971198 1 0.44680626057529599 1 0.45711717428088 1 0.46742808798646401 1 0.47773900169204703 1 0.48804991539763098 1 0.498360829103215 1 0.50867174280879901 2 0.52241962774957695 2 0.53616751269035501 2 0.54991539763113395 2 0.56366328257191201 2 0.57741116751268995 2 0.591159052453469 2 0.60490693739424695 2 0.618654822335025 2 0.63240270727580405 2 0.646150592216582 2 0.65989847715736005 2 0.673646362098139 2 0.68739424703891705 2 0.70114213197969499 2 0.71489001692047405 2 0.72863790186125199 2 0.74238578680203005 1 0.74925972927241902 1 0.75957064297800303 1 0.76988155668358704 1 0.78019247038917094 1 0.79050338409475496 1 0.80081429780033797 1 0.81112521150592198 1 0.821436125211506 1 0.83174703891709001 1 0.84205795262267302 1 0.85236886632825704 1 0.86267978003384105 1 0.87299069373942495 1 0.87986463620981403 4
7 0 0  3 30 15  24.1812351618217 5.219658239427285 -31.75  24.174879996750899 5.251883010741901 -31.75  24.17321557484625 5.2881376874618669 -31.75  24.177751310494873 5.4239212418707199 -31.75  24.201888607751197 5.5503894308165895 -31.750000000002281  24.383012252641564 6.2682748154610843 -31.750000000002281  24.740128443243236 7.2265054286442094 -31.75  25.084895388224478 9.9962287252773674 -31.75  24.911381635464338 11.203397950397385 -31.75  24.358159688855757 13.247094871352417 -31.75  23.844644190542375 14.292912948725133 -31.75  22.350622633398501 16.288727773495403 -31.75  21.489951992153895 16.994746533882743 -31.75  20.524382603251095 17.758310625677261 -31.75  20.222379352034039 17.988430659599111 -31.75  20.031512853583219 18.216246238378421 -31.75  20.000615562117751 18.261479531711885 -31.75  19.974159010334976 18.325884353445517 -31.75  19.967600727247323 18.349273253096328 -31.75  19.966634706328342 18.389112321254885 -31.75  19.968987528634653 18.404960576134208 -31.750000000000252  19.980462245956851 18.434508021962795 -31.750000000000252  19.988715302604476 18.447341727043671 -31.75  20.012873916839983 18.473851959899601 -31.75  20.029904451486388 18.486166614837149 -31.75  20.081430285871825 18.51470496887168 -31.75  20.121445864341094 18.527135885053003 -31.75  20.246088417603293 18.554338650151884 -31.75  20.358352295067849 18.56029879588981 -31.75  20.490873567469631 18.552806593739245 -31.75 
 0.89043177833431597 4 0.89436618603963902 2 0.90470880930626696 2 0.94391554660256005 2 0.98921666734366098 2 1.0439019443136099 2 1.10415120705157 2 1.1412512758823801 2 1.15063758605448 2 1.1553186832759501 2 1.15847840443836 2 1.1614003237639201 2 1.1651886399157501 2 1.17214746923885 2 1.18788262286707 4
1 2.9289321881345249 17.071067811865458 7.9999999999999787 0 0 -1 
3 10.000000000000004 10.000000000000004 0.79999999999998761 -0.70710678118654702 0 -0.70710678118654802 -0.70710678118654802 7.8504622934188795e-17 0.70710678118654702 5.5511151231257901e-17 1 -5.5511151231257815e-17 14.142135623730931 9.9999999999999787
2 10.000000000000004 10.000000000000004 6.7999999999999776 1.38777878078144e-16 1.0934290073703699e-31 -1 -0.70710678118654702 0.70710678118654802 -9.813077866773539e-17 0.70710678118654802 0.70710678118654702 9.8130778667735686e-17 10.000000000000004
3 10.000000000000004 10.000000000000004 10.799999999999979 0.70710678118654702 7.0288278714333006e-33 -0.70710678118654802 -0.70710678118654802 7.8504622934188795e-17 -0.70710678118654702 5.5511151231257901e-17 1 5.5511151231257821e-17 14.142135623730931 9.9999999999999787
2 10.000000000000004 10.000000000000004 7.9999999999999787 0 0 -1 -0.70710678118654702 0.70710678118654802 0 0.70710678118654802 0.70710678118654702 0 10.000000000000004
1 10.000000000000004 19.999999999999982 7.9999999999999787 0 0 -1 
2 10.000000000000004 10.000000000000004 -1.1279865930191599e-14 0 0 1 -0.70710678118654702 0.70710678118654802 0 -0.70710678118654802 -0.70710678118654702 0 10.000000000000004
1 31.471067811865488 2.9289321881345249 7.9999999999999787 0 0 -1 
3 24.399999999999988 10.000000000000004 0.79999999999998761 0.70710678118654802 -1.4057655742866601e-32 -0.70710678118654702 0.70710678118654702 -7.8504622934188795e-17 0.70710678118654802 -5.5511151231257827e-17 -1 -5.5511151231257889e-17 14.142135623730931 9.9999999999999787
2 24.399999999999988 10.000000000000004 6.7999999999999776 0 0 -1 0.70710678118654702 -0.70710678118654802 0 -0.70710678118654802 -0.70710678118654702 -0 10.000000000000004
3 24.399999999999988 10.000000000000004 10.799999999999979 -0.70710678118654802 1.4057655742866601e-32 -0.70710678118654702 0.70710678118654702 -7.8504622934188795e-17 -0.70710678118654802 -5.5511151231257827e-17 -1 5.5511151231257889e-17 14.142135623730931 9.9999999999999787
2 24.399999999999988 10.000000000000004 7.9999999999999787 0 0 -1 0.70710678118654702 -0.70710678118654802 0 -0.70710678118654802 -0.70710678118654702 -0 10.000000000000004
1 24.399999999999988 0 7.9999999999999787 0 0 -1 
2 24.399999999999988 10.000000000000004 -1.1279865930191599e-14 0 0 1 0.70710678118654702 -0.70710678118654802 0 0.70710678118654802 0.70710678118654702 -0 10.000000000000004
2 17.200000000000006 10.000000000000004 -1.1279865930191599e-14 0 0 1 -1 0 0 0 -1 0 4.0000000000000018
1 21.20000000000001 10.000000000000004 -8.4598994476436932e-15 0 0 1 
2 17.200000000000006 10.000000000000004 6.4124999999999783 0 0 -1 1 0 0 0 -1 0 4.0000000000000018
1 13.200000000000006 10.000000000000004 -8.4598994476436932e-15 0 -0 -1 
2 17.200000000000006 10.000000000000004 7.9999999999999787 0 0 1 1 0 -0 -0 1 0 5.5875000000000021
1 11.612500000000006 10.000000000000004 7.9999999999999787 0.70710678118654802 -0 -0.70710678118654702 
1 22.787500000000009 10.000000000000004 7.9999999999999787 0.70710678118654802 0 0.70710678118654702 
1 1.6919798895287386e-14 0 -1.1279865930191599e-14 1 0 0 
1 1.6919798895287386e-14 19.999999999999982 -1.1279865930191599e-14 0 -1 0 
2 10.000000000000004 10.000000000000004 -1.1279865930191599e-14 0 0 1 -0.70710678118654702 0.70710678118654802 0 -0.70710678118654802 -0.70710678118654702 0 10.000000000000004
1 34.40000000000007 19.999999999999982 -1.1279865930191599e-14 -1 0 0 
1 34.40000000000007 0 -1.1279865930191599e-14 0 1 0 
2 24.399999999999988 10.000000000000004 -1.1279865930191599e-14 0 0 1 0.70710678118654702 -0.70710678118654802 0 0.70710678118654802 0.70710678118654702 -0 10.000000000000004
2 17.200000000000006 10.000000000000004 -1.1279865930191599e-14 0 0 1 -1 0 0 0 -1 0 4.0000000000000018
7 0 0  3 35 17  12.090010388002161 4.4370829419098659 -9.5173868785991459e-15  12.507862387581351 4.2114133370734725 -7.0058003732840819e-14  13.048631525443911 3.9165349488069681 -5.639932965095787e-15  14.840572523895945 3.2085637224458781 -5.639932965095787e-15  15.812357304467479 3.0699980367461803 -1.1279865930191599e-14  17.063480741360458 3.013102279588062 -1.1279865930191599e-14  17.586251092267041 3.0381798765671593 -5.639932965095787e-15  18.11370959322111 3.1173924376430411 -5.639932965095787e-15  18.849244883287259 3.2278535146423399 -5.639932965095787e-15  19.565926458237399 3.4394682280611395 3.5446978685627028e-11  20.864035302794047 4.0257184855780155 3.5446978685627028e-11  21.450801194078611 4.3845197142255579 -2.8199664825479064e-14  22.964181687570978 5.5696246932875164 -2.8199664825479064e-14  23.570045771880825 6.3614575519452776 3.8859138129510139e-12  24.09733226522135 6.9299318958104186 3.8859138129510139e-12  24.195814498592839 7.0263842092857205 0  24.318004828581767 7.1128578017947559 0  24.35504198958629 7.1346767231791528 -1.1279865930191599e-14  24.410699193431959 7.1542616491779798 -1.1279865930191599e-14  24.431287049547581 7.1590880288873553 -1.1279865930191599e-14  24.467254843745199 7.1596623646686535 -1.1279865930191599e-14  24.482247871401068 7.1575378801500404 -2.1995738563873597e-13  24.511680571394884 7.1467380640297016 -2.1995738563873597e-13  24.525051054707308 7.1382880170204821 -5.3229687324574228e-11  24.553636571666587 7.1118440874413151 -5.3229687324574228e-11  24.566714539013674 7.09208350982356 -1.1279865930191599e-14  24.59477501289998 7.0345826098602364 -1.1279865930191599e-14  24.605632235765579 6.9908162001979797 -1.6919798895287386e-14  24.62659263275021 6.8585131998289706 -1.6919798895287386e-14  24.626681360833842 6.7395381696063543 0  24.567517492014701 6.2246207382800307 0  24.413946790427026 5.7171220164697765 -2.689120037757677e-11  24.121147683727145 5.1439783392600331 -2.689120037757677e-11  24.111710313490065 5.1257298259742523 -1.0922283550686389e-14  24.102144351827789 5.1074573274711632 -1.0922283550686389e-14 
 -0.203497350600848 4 -0.15173074088913999 2 -0.062996848993068399 2 -0 3 0.087848438338861107 2 0.168099364662639 2 0.30916041090899499 2 0.34582980855823903 2 0.36078052793710502 2 0.36862575649349499 2 0.37430753717200699 2 0.380111677272015 2 0.38820688890440702 2 0.40236594675197701 2 0.43356788975992899 2 0.51572343321370795 2 0.51842126451134496 4
2 17.200000000000006 10.000000000000004 6.4124999999999783 0 0 -1 1 0 0 0 -1 0 4.0000000000000018
2 17.200000000000006 10.000000000000004 7.9999999999999787 0 0 1 1 0 -0 -0 1 0 5.5875000000000021
1 27.19999999999991 4.9999999999999893 7.9999999999999787 0 1 0 
1 34.40000000000007 19.999999999999982 7.9999999999999787 -1 0 0 
1 7.2000000000000037 4.9999999999999893 7.9999999999999787 0 -1 0 
1 1.6919798895287386e-14 0 7.9999999999999787 1 0 0 
1 31.699999999999942 19.999999999999982 8.0999999999999854 0.70710678118654802 0 0.70710678118654702 
1 30.400000000000063 5.639932965095787e-15 6.7999999999999776 0 1 0 
3 24.399999999999988 10.000000000000004 0.79999999999998761 0.70710678118654802 -1.4057655742866601e-32 -0.70710678118654702 0.70710678118654702 -7.8504622934188795e-17 0.70710678118654802 -5.5511151231257827e-17 -1 -5.5511151231257889e-17 14.142135623730931 9.9999999999999787
1 31.60000000000009 4.9999999999999893 7.9999999999999787 0 -1 0 
1 29.000000000000078 19.999999999999982 6.1999999999999904 0.70710678118654802 0 -0.70710678118654702 
1 28.399999999999938 5.639932965095787e-15 6.7999999999999776 0 1 0 
1 31.399999999999874 19.999999999999982 6.7999999999999776 1 0 0 
1 6.0000000000000027 5.639932965095787e-15 6.7999999999999776 0 1 0 
1 4.8000000000000016 0 5.5999999999999774 -0.70710678118654802 0 -0.70710678118654702 
3 10.000000000000004 10.000000000000004 0.79999999999998761 -0.70710678118654702 0 -0.70710678118654802 -0.70710678118654802 7.8504622934188795e-17 0.70710678118654702 5.5511151231257901e-17 1 -5.5511151231257815e-17 14.142135623730931 9.9999999999999787
1 2.8000000000000012 4.9999999999999893 7.9999999999999787 0 1 0 
1 2.1000000000000076 0 8.6999999999999726 -0.70710678118654802 0 0.70710678118654702 
1 4.0000000000000018 5.639932965095787e-15 6.7999999999999776 0 1 0 
1 2.0000000000000138 0 6.7999999999999776 -1 0 -1.38777878078144e-16 
1 34.40000000000007 10.000000000000004 7.9999999999999787 0 0 1 
2 24.399999999999988 10.000000000000004 7.9999999999999787 0 0 -1 0.70710678118654702 -0.70710678118654802 0 -0.70710678118654802 -0.70710678118654702 -0 10.000000000000004
2 10.000000000000004 10.000000000000004 7.9999999999999787 0 0 -1 -0.70710678118654702 0.70710678118654802 0 0.70710678118654802 0.70710678118654702 0 10.000000000000004
1 1.6919798895287386e-14 19.999999999999982 7.9999999999999787 0 -1 0 
1 1.6919798895287386e-14 0 7.9999999999999787 1 0 0 
1 34.40000000000007 0 7.9999999999999787 0 1 0 
1 34.40000000000007 19.999999999999982 7.9999999999999787 -1 0 0 
1 1.6919798895287386e-14 0 7.9999999999999787 0 0 -1 
1 1.6919798895287386e-14 10.000000000000004 7.9999999999999787 0 0 1 
1 34.40000000000007 19.999999999999982 7.9999999999999787 0 0 -1 
7 0 0  3 33 16  20.490873567469606 18.55280659373922 -31.75  20.492426653387074 18.552718798027691 -31.75  20.493982520029004 18.552629126913583 -31.75  20.495541159952435 18.552537606837113 -31.75  20.778903809962628 18.535899144667798 -31.75  21.167498653059781 18.457384333133753 -31.75  22.249989691357598 18.059140285908885 -31.75  23.105686476824896 17.623477221925707 -31.75  24.364079479899207 16.489774178465566 -31.75  24.725991351225986 16.094375774794209 -31.75  25.727723881268474 14.760867133515147 -31.75  26.232310998726462 13.716400490167649 -31.75  26.797654872143642 11.474949664927388 -31.75  26.842017171572028 10.357061415539448 -31.749999999852172  26.557246240372329 8.3245303030532636 -31.749999999852172  26.241450685334531 7.4303765771590848 -31.75  25.48083329550936 6.0580004122652147 -31.75  25.085326085566994 5.5960413152174642 -31.75  24.669476293441392 5.245523966617216 -31.75  24.563006389968621 5.1740360991120324 -31.75  24.434760621834737 5.115964778749623 -31.75  24.391949397011079 5.1004644938952888 -31.75  24.327568864151573 5.0919445719320429 -31.75  24.303661830628222 5.0916703541084196 -31.749999999951228  24.265517512008831 5.1009050898532369 -31.749999999951228  24.251021996170508 5.107187462454049 -31.749999999999744  24.225847364194067 5.1256264370030262 -31.749999999999744  24.215762844019558 5.1367265831746991 -31.75  24.196713031383624 5.166463358566256 -31.75  24.189347391897638 5.1858214352634882 -31.75  24.183216389474044 5.2102251052349429 -31.75  24.182174606148116 5.2148976996642844 -31.75  24.1812351618217 5.219658239427285 -31.75 
 0.59384910722811401 4 0.59403351563895901 3 0.62755919093816503 2 0.67389787083113195 2 0.69484100664756598 2 0.73845876979514302 2 0.78170243127830996 2 0.82366405915596197 2 0.86050639304356202 2 0.87443891174169197 2 0.88017791655310096 2 0.88329025953703699 2 0.88539154196488801 2 0.88733168330102297 2 0.88985053749163201 2 0.89043177833431597 4
Polygon3D 0
PolygonOnTriangulations 0
Surfaces 24
9 0 0 1 0 3 3 8 113 7 77 17.313242636959036 1.5642788457559724 -34.64234999999988  18.773159088793445 1.5492101169912678 -34.46808552204871  20.285569089970032 1.9243878923214175 -34.284776597590842  22.838313295727367 3.3443976089931566 -33.944753495387957  23.997320092610206 4.4422367652338206 -33.752789255431004  25.533359473325476 6.975746852734499 -33.40742008860861  26.001851043127612 8.5212727182592136 -33.21363626214707  26.082567288971404 11.524848194707294 -32.862820951651329  25.720094899190173 13.117438235996406 -32.667191618735266  24.282669479598351 15.803630995755666 -32.310854895386768  23.166692862084446 17.020925980061719 -32.113393781941234  20.552401628245597 18.664821809265085 -31.751433626685699  18.962838470642279 19.174815467064757 -31.552139254883315  15.836386114623455 19.309979546401184 -31.18458270764609  14.185806995864723 18.961906111301872 -30.983467313596762  11.366632229398023 17.512094436998989 -30.610281920169442  10.092599159984601 16.380693087051984 -30.407416602884634  8.339925451875553 13.691503487259771 -30.028634899167614  7.7885998948216342 12.061727752534194 -29.824040530417374  7.5957455974397634 8.8189139817010478 -29.439842887043302  7.9274768482049156 7.1144316272197941 -29.23357728003559  9.3830095196902388 4.168201885249661 -28.844041319694796  11.092032440740432 2.1956195946090333 -28.534953676679546  14.484182915231504 0.48889659865353136 -28.089230905184024  17.869343100398403 -0.0033926670853429873 -27.688468484345979  21.682959645401393 0.94965357684431317 -27.216895476570077  24.844023922245995 3.2833373119019811 -26.754445403261254  26.884297186557422 6.6341108996798832 -26.297608162209091  27.518633526857059 10.5443024769343 -25.829699119942429  26.60237262772009 14.462988178674273 -25.346442645411443  24.272137022426147 17.722544453366567 -24.875830239995945  20.887919614843561 19.859444401602243 -24.409536376813325  18.217243462550314 20.335332691831454 -24.083604892768175  15.581340053506564 20.276995922050286 -23.770984184493212  12.909490593861738 19.696499072062974 -23.439944337692115  9.5708741769390162 17.386282857254731 -22.965026118801344  7.3495383318757002 13.991648208138598 -22.493140259202633  6.8256836471016689 11.288094929307711 -22.161429783898015  6.8432709541491841 8.629766184405705 -21.848274066090152  7.3884194322560166 5.918971537697713 -21.513882797120839  9.6615293530809812 2.5222359462264463 -21.038533468357723  13.042911074013514 0.23011603177818463 -20.564885247211407  15.760481647716462 -0.33905278963853058 -20.230273802084959  18.423249535912756 -0.36307045826187551 -19.918943100533131  21.152608924435917 0.14143113779128721 -19.584492463189264  23.433053360655041 1.6115483724346855 -19.274784739039248  25.37753509598857 3.4912071600446892 -18.948752986297379  26.934970252515125 5.7088302165120579 -18.639237613954201  27.546162556379535 8.4148260005471816 -18.306392907656782  27.612084695255589 11.073715186417331 -17.996182320501195  27.152530736630016 13.795709526668409 -17.666298447102825  25.000731856673671 17.247907683782341 -17.198658246134219  21.705669635343554 19.639033755236433 -16.728968010102296  19.033828270322999 20.28799614941428 -16.401117324125373  16.389821294522509 20.395847139476306 -16.092471994611323  13.695194785416 19.984004620020016 -15.769640527754518  10.243110685807505 17.912320949587617 -15.308627148115558  7.8233964417627417 14.688034178427044 -14.844013426792891  6.8077972397318574 10.761385396054742 -14.366062835142495  7.3551015129743611 6.7984797927413378 -13.90207073058421  9.3370960747174419 3.365489151621087 -13.449268867973641  12.475533359444922 0.93062885995280187 -12.99112127674884  16.315821585970074 -0.12786439835709518 -12.522111117303622  18.894866705609882 0.18146023974781167 -12.226067721007626  21.755000343296263 1.1145122791350044 -11.86797315049213  23.221321902516927 2.0531539956152489 -11.673275601005127  25.515742202438929 4.579626705534265 -11.266860421504015  26.318119976970497 6.1088825258216124 -11.073825837050689  27.054145938700746 9.4137542966841288 -10.670371304322838  26.994230248839958 11.125004403974275 -10.479029038861754  26.005110017985061 14.333351512246574 -10.078663021320791  25.113436319780245 15.777242282037291 -9.8890247689619848  22.686829421249495 18.053975931681023 -9.4918760651142708  21.210905995548224 18.858993151466024 -9.3039732920609293  18.0055527017545 19.62751300690698 -8.9101713285012547  16.341031358591422 19.595996311453682 -8.7240370322192078  13.207123303512477 18.684880049439606 -8.3337163624776274  11.791311814867736 17.8415506278557 -8.1493850450141778  9.5437865219123257 15.521829988911156 -7.7626817424718091  8.7402829299618663 14.102943133043224 -7.5801827019552777  7.9458156775927922 11.008216179200849 -7.1972393540018249  7.9507849994513844 9.3954093795460718 -7.0166085143416961  8.7844217355361476 6.3482113951140473 -6.6375702485663535  9.5787667608795211 4.9655180776406809 -6.4588510193666639  11.78657591455063 2.7577174184537512 -6.0838652214567279  13.145659527384929 1.9596717224414137 -5.9071010561092345  16.120934751878355 1.145812715736866 -5.5363193068460728  17.677995577138514 1.1263052630236987 -5.3615532622248612  20.62832426770159 1.8840642180597094 -4.9951239930071667  21.973665231780117 2.6294179841544025 -4.822399261020796  24.13270179973863 4.7223096998674254 -4.4604721211623755  24.921786503815134 6.0198214787073088 -4.2898342749975269  25.748907867873239 8.8694460153393937 -3.9325529987142387  25.790728885910998 10.36789583545845 -3.7640462082401522  25.10636811932422 13.213901753230202 -3.411544202622053  24.409376360851748 14.518747645526616 -3.2452073320946813  22.432220391064661 16.622135595656225 -2.8976090847830669  20.575818516851985 17.78413970866136 -2.650042964364431  17.390289031416891 18.327866725064332 -2.2651383608728257  14.581122946949323 17.882882508425276 -1.9300020411822083  11.881887571115861 16.253913694248745 -1.5670376777393185  10.005375516605616 13.733788116024384 -1.2030544156190313  9.2350176757569429 10.695466665631734 -0.83174819712609283  9.6685317539832134 7.6666365309283764 -0.47501080828007491  11.188556164805195 5.05560640762363 -0.12843109865693944  13.57953414088982 3.2185254133377472 0.22045488470864896  16.478018300387784 2.4363045712219553 0.5747738984635945  19.38618101737881 2.806093943109373 0.91391675112688575  21.914799475236222 4.2244580190214194 1.2449150036625796  23.716034408647673 6.4954804630661007 1.5796275300692462  24.423185863678611 8.9613378387222582 1.8831711320321463  24.352810067996092 10.49772696273177 2.0545958467856837  24.248010045461555 11.107234881637066 2.1295795475145356  
17.313242636959036 1.9404158430982608 -34.64234999999988  18.709640279495808 1.9243866302950947 -34.475343961133284  20.156952343234472 2.2833858988705087 -34.300078014167781  22.599469002674695 3.6402600719845224 -33.974692673770598  23.71071099177799 4.6912890895448127 -33.790784504762421  25.182608261702555 7.1158757757950406 -33.46012268532894  25.633037663926022 8.5977018964690544 -33.274378902970916  25.712047110203233 11.475827241408503 -32.93827931124536  25.365243439811124 13.005222402078255 -32.750644381120239  23.987934759301865 15.582700176310137 -32.408969740023082  22.916041461554975 16.753925726767129 -32.219403637433672  20.406187021359827 18.334271251482839 -31.87202142839531  18.87635697279137 18.826606108508336 -31.68046766901465  15.869643775438201 18.958477588053139 -31.327339909632766  14.277838401399892 18.624304326131075 -31.133769585062229  11.561897239443399 17.22980281344671 -30.774794941956561  10.330335820352468 16.138224472106213 -30.579242804268123  8.6379889985689076 13.545401924540471 -30.214366886168229  8.1030358244293641 11.969264767902876 -30.016830690975471  7.9145111123906942 8.8358467114803769 -29.646136710556938  8.2343303729542203 7.1836815918696759 -29.446634488978233  9.6412539095154646 4.3307199077770751 -29.070147081986303  11.296667713994568 2.4151262896329619 -28.770857374519927  14.591409691409423 0.75462966152772692 -28.338570356174685  17.879358889777556 0.27362331735863094 -27.949879590384793  21.593685017467212 1.1976746394390776 -27.491431872400938  24.680513524091932 3.4720565993288437 -27.040859974428678  26.675460354192552 6.7437279281860532 -26.595263869187821  27.299485271389397 10.565681383241273 -26.138414172711755  26.405633591570297 14.407284333856177 -25.665344698884596  24.119864999475173 17.610874719341865 -25.203613071204412  20.793753299483708 19.713832811198905 -24.745566394202875  18.167676794121899 20.184884816380741 -24.425234123105554  15.566325274603848 20.129207210533409 -24.116960576217302  12.931610097564731 19.559287641603984 -23.79079440105243  9.6283454775372324 17.277712766305864 -23.321431978058556  7.4277729808874202 13.918832528847899 -22.854537538221287  6.9060361384695419 11.24209544421883 -22.526106640094735  6.9217891386919783 8.6010316132524576 -22.215097283304633  7.4608282411839815 5.9089662936877945 -21.883139180598878  9.7212906701180266 2.525898115871513 -21.409994033643589  13.089257907294336 0.24016044943158374 -20.938089788636134  15.800017402490512 -0.33017076713124971 -20.604206504881102  18.461152443563915 -0.35565786282044126 -20.29310784805708  21.191944493837926 0.14680759208099872 -19.958529040232822  23.477161479229995 1.6183329345466897 -19.64828190565208  25.427503956773787 3.5017644157835517 -19.321422655132064  26.990962197256692 5.7252479701638102 -19.010956626919945  27.607099939714328 8.4446213422271175 -18.676430572500315  27.674604928837173 11.116797511534296 -18.36463160712421  27.213671199227178 13.860101812509489 -18.032290007718849  25.044958640443269 17.341688204752039 -17.560808611538363  21.720953200676846 19.756563771040422 -17.08688001927743  19.017306002419062 20.41466115560959 -16.755192335604185  16.344725329333517 20.524713402772068 -16.443254760519167  13.611042275612871 20.108887312388017 -16.115959451960624  10.108813188056251 18.00781911769235 -15.648518174916548  7.6505088758949018 14.735323495281571 -15.177041557236286  6.6150342030672116 10.74151365163989 -14.691170304013301  7.1710288296277778 6.7003144244180604 -14.218477718176031  9.1928693490863793 3.1973389017730343 -13.756926659694216  12.396462062722122 0.70970490248555784 -13.289591928025928  16.324832716297585 -0.37535682235006851 -12.810333654777663  18.96907480474167 -0.059332784665132886 -12.507254052142248  21.900697843582876 0.89618930018775134 -12.140741664744434  23.406250179675457 1.8591237278043864 -11.941190939820595  25.762586564230297 4.4523933927827803 -11.524566863077858  26.588180386811764 6.0244239808050803 -11.326426174224798  27.346042164452207 9.4229852529645477 -10.912201667863354  27.285024582760666 11.185263334976161 -10.715513513138138  26.267086747306905 14.490408049165639 -10.30384325063652  25.348027097098946 15.979966781868049 -10.108628035731433  22.845218201846127 18.329599985370649 -9.6996671030318709  21.321094522254832 19.161715528796282 -9.505968539071608  18.009449579134163 19.95683043383784 -9.099872862331134  16.28775722269998 19.924960409575576 -8.9077363639341858  13.044720817747155 18.983309652674329 -8.5046674240503357  11.577947622905585 18.110499991898159 -8.3141402339693578  9.2483483838416767 15.707818405831979 -7.9142617614461397  8.4144080614902759 14.236764914171568 -7.7253831673656288  7.5889264538394174 11.02643271916757 -7.3288668119262654  7.5932776565174116 9.3518948383011082 -7.1416843116821589  8.457856019988089 6.1863863899381615 -6.7487059759925243  9.2827958627816329 4.748756768409149 -6.5632773625384262  11.577587592114066 2.4519162646216328 -6.1740174286000853  12.991271928695413 1.6208065170840589 -5.9904016223495518  16.08789667611504 0.77216474662738244 -5.6050475203076848  17.70951424951895 0.75095825919086634 -5.4233027711262309  20.783781456742673 1.5388922593849745 -5.0420419265934386  22.186518912967202 2.3150016176332855 -4.8622256726637243  24.438925795913693 4.4960776081814346 -4.485250376422683  25.262804897329612 5.8490129517871488 -4.3074280442407025  26.127492787459826 8.8218776808688624 -3.9349287170947962  26.17208202544246 10.385810689574772 -3.7591662471262053  25.459335082841914 13.357418893375788 -3.3913272932835876  24.732357304507314 14.720403282695182 -3.2176873130181929  22.668702348412602 16.918431344639867 -2.8546888073899606  20.730284016424282 18.133432462229571 -2.596058479381115  17.402770352613967 18.703488795686432 -2.1938219293743941  14.467421782554165 18.24041001736169 -1.8434347534263935  11.646419454982958 16.540330426432448 -1.4638864388765447  9.6844862592606749 13.908701629183396 -1.0831767187319452  8.8781594500185363 10.735851108230253 -0.6948011533177767  9.3289469917314136 7.5740305126200065 -0.321767913258863  10.913365907598623 4.8484328593648494 0.040621228490142533  13.406684071302184 2.9307466872345773 0.40541715765810415  16.42725318641725 2.1142556331621538 0.77560319355952489  19.454648044806913 2.4978829138622398 1.12954333461484  22.086057760330196 3.9718310716489946 1.4748320205044283  23.959637097234715 6.3324130984414886 1.8238714333220274  24.694372130709816 8.8913014917779858 2.1397516815393045  24.621482525839458 10.48366265870242 2.3180032166595828  24.513535431874644 11.115193499163485 2.3958725634726221  
17.254366329828116 2.6744067372428582 -34.147857122056962  18.524459221764022 2.6560944122998906 -33.996419816645158  19.842233741941719 2.9825918312404749 -33.836040988873613  22.065702872222758 4.2134013819768006 -33.539765063215825  23.073722679802856 5.164889286010192 -33.373139037878751  24.412949573714577 7.3637409020224212 -33.072931586180808  24.821888457631008 8.7041093708932014 -32.905093310232431  24.897169129172337 11.311886718670113 -32.600702976602832  24.585095429634674 12.694823125919706 -32.431542441571267  23.342237973583309 15.028542332910513 -32.122733881285889  22.374912544821832 16.08797241609437 -31.952099176538965  20.108058771987011 17.519697603940021 -31.638710261690665  18.726636998073804 17.966177259380398 -31.466434480920082  16.010045678958367 18.089070381320965 -31.148296757362154  14.571142832175788 17.788926141921898 -30.974264036171245  12.116018750474765 16.532659025763035 -30.651153621754304  11.000741982038479 15.546960757872862 -30.475305790973145  9.4681613443574211 13.206156109270058 -30.146993698543778  8.9816953431733353 11.78023184689556 -29.969274437284511  8.8071162999391817 8.9462592558219036 -29.635610883680513  9.0945705064928646 7.4484237187038707 -29.455942008296606  10.364719531850847 4.863266944120217 -29.116831569174419  11.862933259860526 3.122729213355854 -28.846987480936825  14.854141704496644 1.6098123338451489 -28.456696034182954  17.839906455788373 1.1679657897406752 -28.105637927286093  21.223977223021414 2.0030113559813056 -27.690620394832592  24.046170723083701 4.074668595231195 -27.281699200996915  25.874333421695493 7.0633292628907416 -26.876622672712426  26.452381188311136 10.560220593547077 -26.460745967632601  25.638642695193205 14.0907277443851 -26.028465645791616  23.53759989889457 17.047002086760507 -25.605069099652951  20.469704492156126 18.992446059287079 -25.184140782288537  18.045820806220647 19.433030105536503 -24.889531024764704  15.62913435733247 19.385146046079615 -24.604338102290555  13.185207918213539 18.861327452169775 -24.303030910236977  10.102394437117351 16.740310223289576 -23.867006482931494  8.0434951718704468 13.60637766516723 -23.432298000733635  7.5500672852488426 11.106004170743754 -23.126069419070891  7.5612363490266983 8.6226293802917624 -22.834359822809414  8.0629077647424143 6.0931692724339577 -22.523194888504328  10.191677993365273 2.8962354092126179 -22.077291265546382  13.373943754639283 0.73053617861656717 -21.631645680419215  15.943335880190373 0.18457878753071988 -21.315221158583775  18.474993952799331 0.15709251753772746 -21.019609991041786  21.079806200324537 0.63143195889453685 -20.700721130415552  23.266644646870521 2.0359745531541238 -20.404191969575873  25.136891605279487 3.8378847525179625 -20.091173592239837  26.638883831286311 5.9679850995449941 -19.793509739416457  27.236365748097075 8.5865119944247734 -19.471239944819747  27.304139672517458 11.159764149728382 -19.170877880747209  26.862304001866967 13.818361370150381 -18.848868247031035  24.76027797460203 17.197808311565282 -18.391221789112347  21.531760136263294 19.549397553090728 -17.930297066358374  18.886714624693781 20.196348298729831 -17.605524510376718  16.278567814416732 20.305970281388348 -17.300906142565424  13.587778687259064 19.901084390518363 -16.978698986989585  10.139802550962619 17.833791239732392 -16.518359270434665  7.7115234975960973 14.608277284859335 -16.053083533893179  6.6799064760125244 10.651073840104837 -15.571315607161059  7.2298548728529024 6.6202619538368337 -15.099847239932648  9.2493040965142459 3.1206657280673387 -14.638754689496276  12.453736516069126 0.62765793905052147 -14.171002729580197  16.405390662082976 -0.46891711347576936 -13.688903070520357  19.081905512380136 -0.15129812854422992 -13.382339942169406  22.04695659681035 0.81381057374015409 -13.011916463693408  23.576860184418926 1.7907419142629151 -12.809402742054683  25.972569827571032 4.4253447959674075 -12.38637552208775  26.816279017122607 6.0291037635795073 -12.184392375949162  27.591565642898555 9.4998021240567869 -11.761856459145189  27.530255027866485 11.306938492933538 -11.560460412536717  26.486760466673346 14.699505841206276 -11.138593463132679  25.540934153029021 16.234851715991724 -10.937814888937037  22.960564783143056 18.659146907998906 -10.516793748236958  21.38348169959793 19.521638161643381 -10.316688068241422  17.951708803911753 20.347061873055395 -9.8966906750465249  16.161127958689878 20.315235808014734 -9.6973149475007592  12.783467262433161 19.336099201028418 -9.2785243005820757  11.25024078442959 18.425339872411474 -9.0799376508896472  8.8114183137676729 15.91243424003927 -8.6625400268811301  7.9348311954455193 14.369074165005953 -8.4647896058224372  7.0651755539884489 10.994443440457406 -8.0489802573319515  7.0682355894021729 9.2287830416217407 -7.8521227894015242  7.979443972328168 5.8846842258061809 -7.438103907427025  8.8517740837153571 4.3612048698545021 -7.2422099453116422  11.285199335525961 1.9223553426237818 -6.8301919504100885  12.788266091531725 1.0366955015989596 -6.6353352762742288  16.088400379971691 0.12964692701458902 -6.2255401139207009  17.821034921704946 0.10515400971990589 -6.0317934061842085  21.113279979892138 0.94607170046179867 -5.6244499759170719  22.619404950895024 1.777153600429404 -5.431883220653436  25.043607254851633 4.1203388245832375 -5.0272320810339153  25.933096538135242 5.5770465492118726 -4.835933574324887  26.870020218862749 8.7864369519748209 -4.4342228536097075  26.920429073595507 10.478316988486847 -4.2442855087055031  26.151058761850262 13.701205596515129 -3.84576841218668  25.363506066603684 15.182576331685004 -3.6572870981523478  23.119892725801339 17.577790144045107 -3.2622237780314447  21.007789156612581 18.90573664226303 -2.9801259469302925  17.37443488720886 19.533582686700914 -2.5405342572417955  14.151879067412436 19.031245931447913 -2.1554602217927021  11.050568283382857 17.166893356109135 -1.7377027478253615  8.8875270844632901 14.274741426200382 -1.3178340836006153  7.9915909398211804 10.775716864845341 -0.88800263168419702  8.4843930159469849 7.2748014605652358 -0.47342924844379786  10.235965639479058 4.2528000838515281 -0.070106342904532118  12.997943579058717 2.1214855860321373 0.33657654522046032  16.353425994448131 1.2083090880438714 0.75037852109977332  19.724976158615899 1.6299534772435893 1.147034953745667  22.658288480036724 3.2678631751626099 1.5343360991209583  24.750288306742725 5.8957152579156498 1.9262939336314759  25.574533856429177 8.7489748230880267 2.2809520436067228  25.494503764860521 10.525550050737831 2.4825281819188239  25.375684424846003 11.230420387340287 2.5695220285275799  
17.099547026395765 2.413951324803346 -32.847554052116614  18.407430840357499 2.3952288879325061 -32.694784881322057  19.763694500562575 2.7304810282398231 -32.526711656511097  22.053101323507413 3.9974807253322617 -32.221734211893676  23.067864715470524 4.9598329442953739 -32.053635612337416  24.431771664959577 7.1994382783957374 -31.74785853630808  24.836799790493728 8.5388142002472982 -31.580279729103651  24.91221524765713 11.166275605217587 -31.273571278279974  24.600212147862976 12.532132099936421 -31.106431492130952  23.360804083608041 14.8579900569269 -30.798659599470987  22.41170505875078 15.891754963143855 -30.631825702854719  20.1756377278254 17.302765404979304 -30.322928049296927  18.836575335450792 17.731511774579413 -30.156263119751149  16.185568167080735 17.849969969174158 -29.846106794282978  14.806425868065823 17.558350698624253 -29.67950591647676  12.435952601468346 16.343478477680083 -29.367945990048206  11.379089588521483 15.404260946763529 -29.201318326223682  9.9153115764195068 13.1649600213131 -28.888172881386282  9.4609877420948258 11.821623153220834 -28.721454556331853  9.2978674238057852 9.1380010165234928 -28.406526977364546  9.5695952316555868 7.7412689582960663 -28.239618482222081  10.763158386147337 5.31718522295784 -27.922806208918256  12.160210567825651 3.7050630389448775 -27.673329021668906  14.920550071845584 2.3110015037687415 -27.315220045590092  17.677833749777182 1.9064172898079241 -26.992817337479348  20.771722342752515 2.6762758087010758 -26.615563865303269  23.330373979913201 4.5602152270729963 -26.246990371848227  24.983939204398514 7.2653553666641413 -25.882997005677662  25.501139208121739 10.421355139359669 -25.510454478179245  24.767557541130905 13.582729588230258 -25.126105357102293  22.893296979677611 16.214604319245502 -24.751793975744942  20.166002209239146 17.94352587405994 -24.380441149091933  18.014034189213515 18.332149543838884 -24.120859123086564  15.881760506145303 18.289273821515266 -23.871047092677056  13.723238806815168 17.825088972145039 -23.606722411778936  11.014233195910455 15.959466879203902 -23.226006856831759  9.2069502326971744 13.208821344713821 -22.846864601586471  8.7756373742887259 11.016009124622091 -22.579916134769384  8.785434845207563 8.8467897522843462 -22.326462537244826  9.2244165340274176 6.635808589613986 -22.05580160482787  11.080551056440001 3.8487287530811249 -21.668694749031904  13.852628003919239 1.9615079365885362 -21.281941519641304  16.089979070206201 1.4864211784117736 -21.007182529560893  18.29062888323493 1.4622358601108483 -20.750951232017886  20.555852935166822 1.8744651680408784 -20.474063733664678  22.456218394070007 3.0946974709212545 -20.216745288429419  24.081681563592866 4.6602360536458525 -19.944947594840041  25.38699397221048 6.5106624054480537 -19.68648125365613  25.906609963858056 8.786126257864586 -19.4062291945617  25.965871825290407 11.021822158390259 -19.145197233068192  25.582300320519025 13.333599562285743 -18.864666633358457  23.75413031435022 16.273316599824085 -18.465770245979623  20.945259430218364 18.320180351445924 -18.063723296444753  18.639514165995433 18.884612753531034 -17.779477749300408  16.367253872313857 18.980281939030125 -17.513284353051485  14.016686938842243 18.62737234316927 -17.230450525219638  11.003402689746746 16.820019529474354 -16.826219367947932  8.8788151858012441 13.998801702188123 -16.417217224331097  7.973091880203067 10.528984766388197 -15.992367440603509  8.4565315052432446 6.9814477421839811 -15.574787793764095  10.237641100784518 3.8983108988608564 -15.165854153552239  13.064833663674724 1.6985129900240965 -14.750508897899046  16.564744387904678 0.72639122578119864 -14.320620316562662  18.946448431424276 1.0092013145106342 -14.045872210848517  21.583021950494658 1.8686450733864732 -13.714192517277331  22.948527153299615 2.7409319373957226 -13.53214576811715  25.087154927718192 5.095178837367639 -13.151740556061199  25.84331550359429 6.5332981054162387 -12.969385091074663  26.537245436217809 9.6480169486584977 -12.587720504733886  26.481580383483625 11.27597726251561 -12.40507319852547  25.538721608210281 14.334662220917023 -12.022231269976924  24.681980230347211 15.724481649937553 -11.83929796888175  22.341470679828049 17.920529277231637 -11.455359639670739  20.905803624238668 18.705098488924797 -11.272155264975648  17.777197867626832 19.45532947404687 -10.887202010936603  16.138388664651512 19.425676625268387 -10.70374194168849  13.042292811589741 18.525802798946028 -10.317856509857139  11.63108699013827 17.686924046419819 -10.134156926642561  9.3830539750225395 15.367342063131822 -9.7474238112818146  8.571567615770233 13.937631435518462 -9.5634943720306076  7.7663800842544344 10.804248373993994 -9.1760016243882916  7.7696441864396277 9.1584605898829015 -8.991855927246462  8.6232672000102024 6.0337792136403481 -8.6036956218002487  9.442044818250066 4.6044721277337706 -8.4193540238362274  11.73343798643249 2.3107598794528115 -8.0306233893038019  13.153572443679916 1.4742062244296374 -7.8461086912715778  16.282124568706536 0.61614340293507552 -7.4569116424529325  17.930733371465902 0.59290265280797427 -7.2722459983005043  21.074367633721913 1.3974098786564793 -6.8826933824828584  22.518099939449442 2.1939354605244179 -6.6978968135465609  24.850278923920577 4.4498293302204921 -6.3081077827085794  25.70966239934554 5.8566423259605269 -6.1232131092827657  26.617755876978418 8.9702693652416432 -5.7333156250618691  26.667346787415912 10.617235555294142 -5.5483599180335608  25.914395484738339 13.769406866497459 -5.1584910925696974  25.142190927478737 15.223493932906358 -4.9735156275231205  22.929110423424394 17.586063885204144 -4.5838224358210198  20.837934568381215 18.902362907369238 -4.3044507585594713  17.227236649385631 19.528834317206918 -3.8675686398039684  13.984306409489612 19.02864335789404 -3.4801003679652265  10.85504924010651 17.146455928967104 -3.0584503979516642  8.6606553164290947 14.218610454973117 -2.6330217203699537  7.7385613286951562 10.645355977125346 -2.193587070212216  8.2412474225413792 7.0272739922232965 -1.7646841986045263  10.057343582429731 3.8930754166992787 -1.3457936607574121  12.929773838303982 1.6694384227457173 -0.92162207026284604  16.454937734740575 0.70160393311147873 -0.48553481393623543  20.037086008061294 1.1426286034788777 -0.062728861347957812  23.165636974963078 2.8879773022861928 0.35182269925312559  25.410669170893517 5.6970582104914484 0.77320092837406751  26.309649558930669 8.7825965329353277 1.1579825772957761  26.225488713995905 10.717591306381246 1.3811328609811613  26.096406034393425 11.487068273405871 1.4753162268665878  
17.068749180949492 1.1044621156030627 -32.588887774193914  18.596536205705423 1.08886959037877 -32.411584018882913  20.17812287136168 1.4799590617339247 -32.215086907072482  22.849210417958631 2.9652619753421661 -31.859434734710991  24.025025674687626 4.086293962567332 -31.664106223097523  25.60831120827261 6.6982084716824 -31.308044924790252  26.07295575757017 8.2503801397400434 -31.113634197496658  26.154104951386774 11.30121778131598 -30.757260487639204  25.789723866856018 12.874982834191314 -30.563791614406018  24.349993637254489 15.562779964153894 -30.207201313096814  23.257116888127957 16.745483727738002 -30.014724609552388  20.677976627780211 18.36486154151217 -29.657977249585745  19.147607111071316 18.849127123651407 -29.466545681434155  16.109285317869091 18.977712133942973 -29.10973281873466  14.545504031482293 18.641309463060203 -28.919381218549368  11.846698481891996 17.24973666991928 -28.562603963158136  10.659438252089899 16.186604750744117 -28.373356525617954  9.0076390289126067 13.645284082436028 -28.01673295746113  8.5049624298621751 12.139017328008151 -27.828601604908741  8.3296455437903241 9.1195315942252257 -27.472250662271691  8.6380769125457348 7.5679698120281991 -27.285264659521054  9.9789327143162954 4.8640809959123033 -26.929259531782414  11.535112101287137 3.0869475920760086 -26.651072372133211  14.575229880239975 1.5619627364326276 -26.254440343750641  17.612103469414407 1.1270640725710066 -25.897374459063926  20.980261845212858 1.9809044820888728 -25.483746702668313  23.734708186105273 4.0257874087775321 -25.08348282045818  25.505098402748672 6.9390198933381466 -24.690075378262165  26.044672388680834 10.322246942173717 -24.289174417449562  25.252107071881849 13.667930786354392 -23.88029820322123  23.274276400008556 16.422405636431876 -23.486056851739367  20.420449460745001 18.221745918683254 -23.09699008018206  18.173438274413318 18.616201578912115 -22.825653222029686  15.982226466519638 18.565431114163001 -22.568345754473182  13.756306760030387 18.077744580273833 -22.295081104819218  11.00345628506216 16.167159966164093 -21.90679127294537  9.1768002996705427 13.37320900152233 -21.522012997633457  8.7507651643072624 11.151906046266463 -21.25191169623691  8.7664229763043746 8.9874679354150473 -20.998893408324236  9.2133590107391043 6.7772077378404729 -20.72815323526266  11.057548373805147 4.0259589312285424 -20.345372615281921  13.792881991437817 2.1727943718005913 -19.964503401733783  15.986963741722105 1.7156950835026856 -19.695597211023749  18.127211071886979 1.697079788285677 -19.446425620055887  20.320100088119403 2.1037590571303157 -19.178321008202911  22.147524858542923 3.2826268889723087 -18.93060530807838  23.704686162930976 4.7885190835445579 -18.669776323340212  24.950742639703311 6.5637193168733123 -18.422285153617519  25.438330490516922 8.7262169683016175 -18.156012595442647  25.490606196626967 10.850321013836211 -17.908117269588924  25.123241398482342 13.021861625857756 -17.644054932131802  23.406101987081978 15.775840678950154 -17.269689216105039  20.777486114317611 17.68267623322054 -16.893526341986878  18.645576771771491 18.20014673796824 -16.630171570814138  16.535689306913689 18.285679481584733 -16.382631828005888  14.383385706608898 17.956431965441535 -16.122555197654375  11.624241034590991 16.299039909213455 -15.750978320871335  9.6890980819934764 13.719441363006387 -15.376117810852175  8.8748753813865591 10.571142450219499 -14.989074706521466  9.3160271684658529 7.381529038963043 -14.611306530198826  10.91649340649111 4.615242952948261 -14.242003131582615  13.450785075587703 2.6502299908007405 -13.867801787840952  16.566313960853893 1.791701498271645 -13.482565745464058  18.671380558666787 2.0451906196939325 -13.237672623288059  21.003560939606121 2.808478122645754 -12.94184806094322  22.205200459932637 3.5787293731345589 -12.780098463955886  24.085650693492564 5.653847940264181 -12.442308777172654  24.746775193793525 6.916004473293488 -12.280929314350336  25.351506208924175 9.6466289414710431 -11.943407942684601  25.300648243770837 11.068338536523585 -11.782363657867641  24.474168982045089 13.736933527182366 -11.445083986353811  23.726712371944483 14.945115545339304 -11.284346717802446  21.68872051194456 16.851998177726838 -10.947282711158657  20.442340983494809 17.530464199005898 -10.786818385488305  17.729458290774375 18.176809593900128 -10.449943717910998  16.311991439068358 18.148770446428063 -10.289717909679815  13.636805248003613 17.366764107810393 -9.953005344972409  12.420263842582704 16.640752036944679 -9.792983093346102  10.484618441077085 14.637027686078889 -9.4564044019614464  9.7878486391379411 13.404346113279834 -9.2965545074118889  9.0991893208082022 10.705506989209773 -8.9600792354276084  9.1045606433439712 9.2899665033584586 -8.8003680226309111  9.8432681088841747 6.6045307045792798 -8.4639634327346549  10.54909646946273 5.3776407306802385 -8.3043531859966571  12.52139082460009 3.4105239131076956 -7.967983654817659  13.742464976928689 2.6942915388274047 -7.8084353214505988  16.431128003707581 1.962276534154523 -7.4720614126069771  17.847168903840512 1.9449656523411998 -7.3125363000068866  20.54682812506466 2.6413337800796848 -6.9761149874612203  21.786236065202345 3.3281496177528571 -6.8165755449030758  23.78790840811353 5.2718186077293785 -6.4800592520482851  24.524962780833842 6.4833889848831934 -6.3204608837826433  25.301710991783157 9.1658912280740203 -5.9837975568083834  25.341883323544227 10.584968610297732 -5.8240934368541417  24.687112024874253 13.303100612323009 -5.4872265721014122  24.018224704758708 14.557363222512961 -5.327367863987158  22.100440596087402 16.596995767491759 -4.9902360500529728  20.287663716468657 17.733772479031199 -4.7484017791481863  17.156221492842821 18.271933677096616 -4.3700110244172654  14.331150350207556 17.832671411022549 -4.0330602116727405  11.603482629232827 16.184706851834715 -3.6660871565661406  9.6884722670964667 13.622591047784191 -3.2954801996656107  8.8814434164673273 10.484391091947989 -2.9112094365988699  9.328339160314389 7.2876777063414462 -2.5339439266396817  10.941956985890876 4.5142364604666545 -2.1648180669856436  13.494167150390563 2.5417515740651453 -1.7903651019611462  16.644873296317307 1.677632715430406 -1.4028987367745804  19.870242136037874 2.0762434269492429 -1.0243681220327292  22.693930798338279 3.657109881126468 -0.65217818846487519  24.727508957597244 6.2027840793972757 -0.27285180960908412  25.549126199990589 9.0234644038018246 0.076672672249136972  25.472550812048961 10.802816273053502 0.2812874960496663  25.35194865310979 11.511511664578935 0.36725284072151854  
17.184866674920769 0.44777861512990674 -33.564140410845013  18.828193121557238 0.43466934318054268 -33.371393817402726  20.528373259219958 0.85584053643534619 -33.162448432732482  23.399694647358352 2.4570152562439596 -32.780164986491151  24.678650080284029 3.6759344951553965 -32.567692104950083  26.388719842762608 6.5040162301375108 -32.182493052551912  26.89721257141748 8.2012276945720792 -31.969675073688595  26.982126898264134 11.521470550152589 -31.581706064988087  26.582199052547381 13.251198536611541 -31.368612214688955  25.003706246264223 16.191151111517645 -30.978032083398407  23.797298451107551 17.497464126979708 -30.764820338309416  20.958500170819558 19.276330848563813 -30.371682855349984  19.261047348343826 19.813899049323279 -30.158508295789616  15.902307187447541 19.95326850868873 -29.763025636377044  14.160563544371309 19.578983746847509 -29.550008081477014  11.164428126238866 18.031077701776763 -29.152378182018062  9.8371440847096423 16.84287208088956 -28.939648660401499  7.9970925409741414 14.007136186254732 -28.540151192882156  7.4332193987543809 12.317417037707129 -28.327779662170645  7.2395013637181744 8.9373696005524046 -27.926788773952602  7.5867128387488263 7.1914600361539556 -27.714910608470515  9.0951153666269668 4.1554998996070225 -27.312624866615359  10.848603850650708 2.1529564987694219 -26.996967352990069  14.282531014272559 0.43411423633797219 -26.545762741303054  17.710973223377678 -0.054290610774179779 -26.139859955318279  21.521688416268677 0.9141210017450867 -25.66817686493323  24.641956612077465 3.2341273024062711 -25.210744847400544  26.645972894613109 6.5391896825674021 -24.761060654486428  27.254541701248012 10.377970949474678 -24.302606438549045  26.351095514572243 14.175121067591462 -23.834705185744376  24.102446177307652 17.299677218293635 -23.383532164959409  20.861539679754539 19.338299626448208 -22.938601160175978  18.309552034228712 19.782679689046045 -22.628308679016154  15.826769440772715 19.722129564028073 -22.334619065425386  13.302666927156926 19.165758754553529 -22.022576202710304  10.189373203730106 16.998743661389945 -21.580218578838267  8.1269661148185737 13.836327869833466 -21.142457902747935  7.6495483225634349 11.323596501108058 -20.835466064794307  7.6703898482099673 8.8844393719730679 -20.548894575877725  8.1781812684059947 6.392880824054842 -20.242263237221461  10.255502472699598 3.303273116896992 -19.810390943697062  13.328873154774312 1.2267866168778256 -19.381400817877836  15.787427913260297 0.71916821966318834 -19.079594496089374  18.179624038139732 0.70140579102932066 -18.800363102795213  20.623972698169158 1.1592788839855299 -18.50104624637488  22.655450651390652 2.4732000352781696 -18.225142842350433  24.382919613601619 4.1478207254736059 -17.935273542291103  25.762852997486355 6.1195101717149445 -17.660536117860982  26.297637270016253 8.5090158352360454 -17.366557348584568  26.352711416349074 10.856183357633878 -17.092763142401736  25.944775156878546 13.239581095507608 -16.803157269912962  24.0605509098345 16.256796352772948 -16.393428956645778  21.182753435183024 18.338384787354531 -15.98270738073802  18.868402381575972 18.897051058468495 -15.697647512479675  16.571330962564346 18.988061900394328 -15.428747299891283  14.252318602739619 18.628857071718173 -15.14925075966798  11.280734864299957 16.843066327633398 -14.750151903566859  9.2052316211871599 14.069440415615952 -14.348631025581824  8.3416082387804824 10.707725403133615 -13.936840200366316  8.8129576162403964 7.3329972421760052 -13.538362860229016  10.501924207913918 4.4128884729062401 -13.149758031742184  13.171562821746003 2.3475057151643153 -12.757061474981318  16.426383388259719 1.4558179856089826 -12.355880272662851  18.604883447829145 1.7202421994529389 -12.103063237549369  21.021479154766798 2.5118776313500111 -11.797249470541475  22.257564737797317 3.305592515895091 -11.631141330174598  24.190570185380416 5.4396653840417324 -11.284510976473575  24.86477389595191 6.729170944146003 -11.119975473388418  25.481058739807771 9.5145493403986947 -10.776197347913151  25.428462243275042 10.955065850120466 -10.613199492865444  24.591785227947483 13.654801903009062 -10.272257992393216  23.839543097170644 14.868692392243089 -10.110768285990726  21.794272494532372 16.781625434378014 -9.7726497493586404  20.551004095862158 17.457155508427483 -9.6126367610392336  17.851521989008162 18.099651313629774 -9.2773271822632619  16.449719671325109 18.070782559146672 -9.1187596229128847  13.810561050208127 17.298496904010076 -8.7862459553949144  12.61793440958744 16.585348331028992 -8.6290922158824728  10.725113187539282 14.624556766507851 -8.2993599191795262  10.048458848246376 13.424798772754393 -8.1435942938329386  9.3817029173016717 10.806895720615648 -7.8166274812789984  9.3883212269889782 9.4412767746364459 -7.6622224273231998  10.100128119615475 6.8592771523701499 -7.3380012338601279  10.776820371538831 5.6861943373170032 -7.1849241061912714  12.658604462321568 3.8119190464417825 -6.8634230576229767  13.818200436364554 3.1337511151795705 -6.7116380081253304  16.360667680742122 2.443787127699236 -6.3928249829848642  17.69349763718122 2.4293855893548284 -6.2422968023205927  20.223868423002678 3.0847088112439272 -5.9261289813133793  21.380058554279515 3.7277754078074761 -5.7768253241261425  23.239245552492999 5.5371575144792553 -5.4632495971672173  23.920063748806182 6.6606044656949814 -5.3151225055679676  24.63333891194414 9.1357655175229215 -5.0040711861275016  24.667854226596557 10.440195734988182 -4.8570664068947984  24.065068942742766 12.926851843726851 -4.5484545393337381  23.452595536801677 14.069880787186488 -4.4025096072281995  21.70784865700054 15.919618157513545 -4.0962347453659653  20.065160294156783 16.945080512722402 -3.8774186304692  17.238350236399128 17.424631019355992 -3.5362562412413934  14.714390203105463 17.024747076910973 -3.2356475233824855  12.283511164979792 15.551239885466254 -2.9091600900515968  10.58551338887599 13.268473644041977 -2.58061225414363  9.8795810632499172 10.490684714727545 -2.2422097642409589  10.279935685647198 7.6831003827758169 -1.912605187036329  11.69929240075885 5.25332949874704 -1.5909670835225349  13.93683855863701 3.5326766218328287 -1.2656704133300822  16.683731560850077 2.7871819438264112 -0.93086060649956182  19.481061219995595 3.1399113868233917 -0.60546161941872334  21.925472436347764 4.5142866767808272 -0.2860809073503201  23.680397329664821 6.7211637823964763 0.038726145021995992  24.383479626143618 9.1568956785626412 0.33771233045762805  24.315698187821983 10.690637194138526 0.51068149597075396  24.209922045730011 11.300992791835581 0.58471830867453878  
17.28870452806088 0.81399497052334857 -34.436258268358415  18.874340900866574 0.80067169266200233 -34.248100912354346  20.515558451226866 1.2077329759276194 -34.048411683001575  23.286527688978122 2.7524864343705282 -33.679417877344996  24.536638348915098 3.9402831825299893 -33.472034808287987  26.197494257408088 6.6855679938042494 -33.098060233261748  26.699412660432372 8.3510090471258955 -32.88916224178881  26.783367495623459 11.59417133712271 -32.510241152929176  26.391370930531032 13.303175665983719 -32.299862775957543  24.841175565313993 16.193044022162091 -31.916053163431997  23.644990910058574 17.493111786236451 -31.704312414415739  20.838722249028912 19.2535127834104 -31.31558557395886  19.143275702763333 19.793982692081553 -31.10258941359465  15.801517809194163 19.934650122854634 -30.709100575414645  14.049621106072863 19.561725835486513 -30.494940528955812  11.04927523483528 18.014219309110331 -30.096799598371344  9.7044403081445978 16.815117566957827 -29.881610098323215  7.8489600909208121 13.960371393976047 -29.479020916852186  7.2718663133371928 12.242574652029766 -29.262865215360289  7.0726673815118506 8.817389004047909 -28.85618386914701  7.4243607041632194 7.0303104247025656 -28.639191386476252  8.9593788002128871 3.9338082467910374 -28.228594247197698  10.753419079115753 1.8741554129290383 -27.904265737792517  14.292590265206366 0.099135003240554798 -27.438317732488716  17.824775981798783 -0.40851648928181106 -27.019342511827166  21.779558830818562 0.58885217072477636 -26.529014294054775  25.038784715312737 3.0045651127665192 -26.050569265544414  27.136823927780046 6.4595069328596599 -25.57905441171139  27.780952946216157 10.481994589450554 -25.097167202099495  26.835156019838429 14.48747282825842 -24.602305516033585  24.457045592482181 17.801107129714509 -24.12273296995593  21.017284454162695 19.967668670196709 -23.648750958893629  18.305633333567346 20.444436518583842 -23.317816500856807  15.649685581324784 20.381881277533971 -23.002610081737277  12.953071062035654 19.790899445504621 -22.66824471528243  9.607064266948024 17.467174115391678 -22.191620233742849  7.3864699922291486 14.065892565056725 -21.719132715351577  6.8684694111973563 11.360534864048201 -21.38746566161706  6.8892968641015999 8.7194614624299795 -21.076328370892757  7.4360240430287474 6.0238362394644618 -20.743769959279771  9.6897628112730576 2.6662975575482708 -20.273584832754217  13.03141780248006 0.40628453249216995 -19.805983428137385  15.709204102390121 -0.14945935700686289 -19.476602805634947  18.322579614343987 -0.17018398574698657 -19.171077063169722  20.995419405511445 0.32831022810230215 -18.843524622646299  23.221465263458931 1.7665646714361156 -18.541047937242734  25.116097603519972 3.6016433818916158 -18.223110122938866  26.631010473099352 5.7638946402373969 -17.921598870585154  27.220538299163515 8.3903043575973726 -17.598582653694244  27.282127552598428 10.970640145005266 -17.297600533329945  26.834410289706064 13.59750077107079 -16.978923196605198  24.757897548201832 16.924608686603879 -16.527835081490167  21.583903710636392 19.22267067487363 -16.075465815598605  19.025788657062456 19.841334164488195 -15.761270678003141  16.488885009312007 19.942824167494727 -15.464922034478398  13.921798248346393 19.546729784440348 -15.156744821527834  10.633131566469595 17.571633721908928 -14.716740691262746  8.3342914437124254 14.502297277106999 -14.273982345871683  7.3761101835339993 10.779492328506437 -13.819983137934578  7.8964922937322894 7.0407632646967171 -13.380932182073934  9.7656034701992844 3.8056977171537061 -12.952889123317767  12.721435053325894 1.516785883897255 -12.520365134275147  16.324092736105747 0.52809831303583354 -12.07894746249905  18.733520692550861 0.81927965580539697 -11.801209262386392  21.406831712241676 1.6932272891460325 -11.465123331933816  22.773154140881726 2.5694961492641495 -11.282816962764072  24.910114378013969 4.925619305335438 -10.902401274837839  25.654857781213821 6.3479988891457904 -10.722101652673313  26.336828072373127 9.4198425707353959 -10.345426695378888  26.279884047981749 11.006514381110245 -10.167132115939676  25.361035818606446 13.979477559237095 -9.7942600771809527  24.535100226415093 15.314225539393354 -9.6179619264010228  22.29015157173782 17.417366595381594 -9.2489568508604272  20.927493015820655 18.158956797567516 -9.0746570970049554  17.970550534789023 18.865427173167269 -8.7095831703924702  16.437844693781436 18.834920922896757 -8.5372848009506299  13.554270162580996 17.993924937744339 -8.1762099282085519  12.253855506593439 17.217555246190614 -8.0059166243775515  10.191278304042173 15.084856345464713 -7.648908613668941  9.4554629958005751 13.782311229070721 -7.4806249026581435  8.7296753339671689 10.943735449652939 -7.1277545669746729  8.735842056508984 9.4662852968297173 -6.9614877231524597  9.5020273170963083 6.6768772434867243 -6.6128247252205421  10.230215789535221 5.4126601336923716 -6.4485830928237169  12.251553199064737 3.3957012869170917 -6.1041946786147498  13.494574089392431 2.667761928642967 -5.9419844781407019  16.213913600085949 1.9272315503505337 -5.6019359449320172  17.635971496827459 1.9111250681390493 -5.4417635894532381  20.329125701387447 2.6062340858238415 -5.1061111525552123  21.556388630861047 3.2881382428799322 -4.9479850622599431  23.524840116013245 5.200970366535846 -4.6167787518592585  24.24356749170289 6.3861032930992385 -4.4606982855023247  24.995307974007996 8.9882468318211313 -4.1339747852043018  25.031781433327961 10.356144818403838 -3.9799342277618268  24.403529720434868 12.954187510966353 -3.6577124143867024  23.765493340214217 14.145119862498715 -3.5056973454938767  21.956223131381506 16.064941839865188 -3.1879789866118253  20.257735902584066 17.125202282960462 -2.9617005556773135  17.343432063059563 17.619081618272002 -2.6098954537822188  14.768885469403083 17.208544839586772 -2.3031268726034124  12.294746683161645 15.710790145253259 -1.9708056439573944  10.574280985376149 13.395186489275725 -1.6374698543249047  9.8675774564206531 10.598681924595306 -1.2968165972048287  10.270098408172238 7.8019631904248845 -0.96852505760191099  11.678968472499397 5.3891057734908232 -0.64927809607714926  13.894545303627678 3.6893298753612549 -0.32760985240998042  16.589797757385341 2.9630441425217318 0.00033258336420285311  19.306591295512874 3.3098213657387459 0.31572773234865209  21.672396430329034 4.64044022331072 0.62410814936096104  23.361519669205187 6.7713701175465477 0.93647805655076588  24.028522475937748 9.0986829557249234 1.2215420538036401  23.962231236147264 10.554673520947645 1.3835176462057468  23.86173636244224 11.132910656588765 1.4542017195839874  
17.313242636959036 1.3135208475277877 -34.64234999999988  18.815504842570043 1.2990924225094784 -34.463246634382593  20.371313687259693 1.6850559583258615 -34.274575639673778  22.997542724963175 3.1471558966284245 -33.924794056665569  24.188393015280742 4.2762022152663492 -33.727459043875371  25.767193425625141 6.8823272377876412 -33.372285069463253  26.247726638734846 8.4703205715334331 -33.173141093157383  26.329580732010584 11.557528191492358 -32.812515453695603  25.956662107080209 13.192249590376166 -32.611556337579586  24.479159724825177 15.95091741028499 -32.245445105194932  23.333792807877437 17.19892677143293 -32.042720405558782  20.649879020729461 18.88518822527849 -31.671041898267035  19.020491380247126 19.406955104393088 -31.466586808282685  15.814215763042705 19.544314120342502 -31.089411410168136  14.124451230811804 19.1869732102464 -30.883265594941413  11.236457050730589 17.700289610536487 -30.500606776656063  9.9341069948088592 16.542337222654254 -30.292865565815205  8.1412174790104537 13.788906136767546 -29.904813810647727  7.5789758037153829 12.123367577042742 -29.695513488086398  7.3832353921735452 8.8076276604271779 -29.302313939993542  7.7229088865860058 7.0682628269938492 -29.09153884098934  9.2108455382594556 4.0598586940240811 -28.693304444584946  10.955607839400823 2.0492817349989449 -28.377684653893862  14.41269845377145 0.31174063066805813 -27.92300457686569  17.862665885149863 -0.18807083246384312 -27.514194419996912  21.742476376124056 0.78430535530539014 -27.033871225877633  24.953031443024905 3.1575237319816378 -26.563502376369303  27.023522615600545 6.5610324472883379 -26.099171034880431  27.66473336407768 10.530049857505281 -25.623889089583891  26.733532959767455 14.500124445679695 -25.133841288608757  24.373652503927339 17.796991644052941 -24.657308367748033  20.950697612357164 19.956519791894177 -24.18551636953384  18.250284955653783 20.435631210507879 -23.855851704113157  15.591352858623864 20.37552179468555 -23.540333625107241  12.894743847762578 19.78797442575744 -23.206044305094  9.5325591922307087 17.458663763348103 -22.727422220242065  7.297380820553645 14.040192456138655 -22.252208736304539  6.7721153448970606 11.318758130686673 -21.918311499157273  6.7909254724133312 8.6489256871881466 -21.603725635223451  7.340145774485948 5.9256412679984605 -21.267711882921819  9.6216876075201547 2.5197936634702489 -20.790893093022902  13.012012726144469 0.22341863485788055 -20.316082210333434  15.734127658240851 -0.3449741582758814 -19.980984955228269  18.39797775043824 -0.36801216825698541 -19.669500313843098  21.126385649456005 0.13784570629717421 -19.335134750742515  23.403650252735929 1.6070275679961192 -19.025786238473543  25.344220217667608 3.4841667525826572 -18.70030692989808  26.897643406062542 5.6978845937242513 -18.391424926844831  27.505537705203697 8.3949655837699222 -18.059700765201718  27.570404468487688 11.044990491996629 -17.750549828645216  27.111771530984758 13.75278177253999 -17.422304074500648  24.971248155516097 17.185388175840199 -16.95722465892166  21.695481038116217 19.560681489253518 -16.490359993074733  19.044840088477322 20.203552927656052 -16.165066970118087  16.419888298430113 20.3099361815738 -15.858617163694161  13.751296026753067 19.90075053109264 -15.538761240129384  10.332641554232227 17.848656264388669 -15.082033116038767  7.9386538174972872 14.656508388398661 -14.621994662253151  6.936304877568011 10.774633250023623 -14.149324519263326  7.4778156874875314 6.8639229605651551 -13.691132730356051  9.4332465506979428 3.4775885823412591 -13.244163656746432  12.528247175381823 1.0779106000256464 -12.792140832287663  16.30981414037775 0.037129622284099668 -12.329962755054609  18.845396929269313 0.34198966157986765 -12.038609897192527  21.657865623442117 1.2600599465797149 -11.686127833957682  23.098038435304904 2.1825097485184175 -11.49466503444026  25.351177243684266 4.6644466730059531 -11.095056467809307  26.13808033910713 6.1651910075465617 -10.905425292894209  26.859547819502279 9.4075975407832377 -10.509151381336201  26.800366588190609 11.084834335589733 -10.3213724242796  25.830459636472451 14.228644602017203 -9.9285431668415676  24.957040676493648 15.64209431790785 -9.7426223140318946  22.581238692592535 17.870224860130183 -9.3533489835863346  21.137444780019461 18.657178777263827 -9.1693095399757638  18.002956981225761 19.407967511601772 -8.7837038933593892  16.376545476782223 19.376686357861587 -8.6015705808493745  13.315393599759512 18.485927535460672 -8.2197492183223542  11.93355332660111 17.662249752679958 -8.0395480461715714  9.7407465635341524 15.397839010111364 -7.6616286026947487  8.957532431556201 14.013727072260005 -7.4833822101732341  8.1837422374817734 10.996073359254027 -7.1094878968940405  8.1891235731601011 9.424417758322619 -6.9332244941593464  9.0021318674821718 6.4560960472846975 -6.5634799189043065  9.7760814751398044 5.1100248214005548 -6.3892333290290191  11.925900680646691 2.9615856500696345 -6.0237638782509668  13.248585431534003 2.1855816211693004 -5.8515672449705765  16.142959297364509 1.3949115999868691 -5.4905005981834449  17.656983730417206 1.3765367450663275 -5.3203868515718176  20.524685540141892 2.1141787110221273 -4.9638454420017313  21.831763040191444 2.8390291468783055 -4.7958482771280773  23.928552206419202 4.8731308426149615 -4.4439533271196137  24.694440935204391 6.1336939247169022 -4.2781050831534166  25.496517894416709 8.901158143590246 -3.9309691988091755  25.536493490682016 10.355952447813699 -3.7672995342570585  24.871056779186929 13.11822381136701 -3.4250221235734468  24.194056012553354 14.384310240120305 -3.2635540622269539  22.274565472027405 16.424605410294422 -2.9262225522971907  20.472841248680492 17.551277816111551 -2.6860325935314857  17.3819681702414 18.077451854335944 -2.3126826507586684  14.656923634911347 17.644530522178741 -1.9877135405664463  12.038866407565715 16.06296883059143 -1.6358051469070134  10.219301990372948 13.617178859601756 -1.2829728694899165  9.4729236056570105 10.668543578044515 -0.92304621237595563  9.8949221153971134 7.7283738581980268 -0.57717271190528241  11.372016866592279 5.1937223439632643 -0.24113262842529981  13.694767863417265 3.4103783896615831 0.097146712701625171  16.511861855601857 2.6510045148654564 0.44088771640229818  19.340536282693758 3.0115686740936334 0.7701657205091943  21.80062691141498 4.3928766578691176 1.091637010148885  23.553631949935788 6.6041924698251178 1.4167982695757515  24.242394503984102 9.0080292516075975 1.7121174744867853  24.173695334615832 10.507101636213246 1.878990757546765  24.070993121186181 11.101929136619441 1.9520508702091406  

0 3
1.17809724509617 1
2.35619449019234 1
3.5342917352885199 1
4.7123889803846897 1
5.4977871437821397 1
6.2831853071795898 3

0 4
0.013747884940778299 2
0.027495769881556699 2
0.041243654822335003 2
0.054991539763113398 2
0.068739424703891702 2
0.082487309644670007 2
0.096235194585448394 2
0.109983079526227 2
0.123730964467005 2
0.13747884940778299 2
0.15122673434856199 1
0.15810067681895101 1
0.168411590524535 1
0.17872250423011801 1
0.189033417935702 1
0.19934433164128601 1
0.20965524534687 1
0.21996615905245301 1
0.23027707275803699 1
0.24058798646362101 1
0.25089890016920502 2
0.26120981387478798 1
0.27152072758037199 1
0.281831641285956 1
0.29214255499154002 2
0.30245300000000003 2
0.31276438240270699 1
0.323075296108291 2
0.33338620981387501 1
0.34369712351945902 2
0.35400803722504198 1
0.364318950930626 2
0.37462986463621001 1
0.38494077834179402 1
0.39525169204737698 1
0.40556260575296099 2
0.415873519458545 1
0.42618443316412902 1
0.43649534686971198 1
0.44680626057529599 1
0.45711717428088 1
0.46742808798646401 1
0.47773900169204703 1
0.48804991539763098 1
0.498360829103215 2
0.50867174280879901 2
0.52241962774957695 2
0.53616751269035501 2
0.54991539763113395 2
0.56366328257191201 2
0.57741116751268995 2
0.591159052453469 2
0.60490693739424695 2
0.618654822335025 2
0.63240270727580405 2
0.646150592216582 2
0.65989847715736005 2
0.673646362098139 2
0.68739424703891705 2
0.70114213197969499 2
0.71489001692047405 2
0.72863790186125199 1
0.74238578680203005 1
0.74925972927241902 1
0.75957064297800303 1
0.76988155668358704 1
0.78019247038917094 1
0.79050338409475496 1
0.80081429780033797 1
0.81112521150592198 1
0.821436125211506 1
0.83174703891709001 1
0.84205795262267302 1
0.85236886632825704 1
0.86267978003384105 1
0.87299069373942495 4

1 17.200000000000006 10.000000000000004 -1.1279865930191599e-14 0 0 -1 1 0 0 0 -1 0 
1 18.387014276764141 10.131453845755948 -31.75 0 0 1 1 0 -0 -0 1 0 
2 10.000000000000004 10.000000000000004 7.9999999999999787 -0 -0 1 -0.70710678118654702 0.70710678118654802 0 -0.70710678118654802 -0.70710678118654702 -0 10.000000000000004
2 10.000000000000004 10.000000000000004 7.9999999999999787 -0 -0 1 -0.70710678118654702 0.70710678118654802 0 -0.70710678118654802 -0.70710678118654702 -0 10.000000000000004
1 2.8000000000000012 5.639932965095787e-15 7.9999999999999787 -0.70710678118654702 0 -0.70710678118654802 0.70710678118654802 0 -0.70710678118654702 0 -1 -0 
1 4.0000000000000018 5.639932965095787e-15 6.7999999999999776 1.3877787807814501e-16 0 -1 1 0 1.3877787807814501e-16 0 -1 0 
1 6.0000000000000027 5.639932965095787e-15 6.7999999999999776 0.70710678118654702 0 -0.70710678118654802 0.70710678118654802 0 0.70710678118654702 0 -1 0 
1 17.200000000000006 10.000000000000004 7.9999999999999787 0 0 -1 1 0 0 0 -1 0 
1 34.40000000000007 19.999999999999982 7.9999999999999787 0 1 0 0 -0 1 1 0 -0 
2 24.399999999999988 10.000000000000004 7.9999999999999787 -0 -0 1 0.70710678118654702 -0.70710678118654802 0 0.70710678118654802 0.70710678118654702 0 10.000000000000004
2 24.399999999999988 10.000000000000004 7.9999999999999787 -0 -0 1 0.70710678118654702 -0.70710678118654802 0 0.70710678118654802 0.70710678118654702 0 10.000000000000004
1 30.400000000000063 5.639932965095787e-15 6.7999999999999776 0.70710678118654802 0 -0.70710678118654702 0.70710678118654702 0 0.70710678118654802 0 -1 0 
1 28.399999999999938 5.639932965095787e-15 6.7999999999999776 0 0 -1 1 0 0 0 -1 0 
1 27.19999999999991 5.639932965095787e-15 7.9999999999999787 -0.70710678118654802 0 -0.70710678118654702 0.70710678118654702 0 -0.70710678118654802 0 -1 -0 
1 1.6919798895287386e-14 0 7.9999999999999787 0 -1 0 0 0 -1 1 0 0 
2 17.200000000000006 10.000000000000004 -1.1279865930191599e-14 -0 -0 -1 -1 0 0 0 1 -0 4.0000000000000018
2 17.200000000000006 10.000000000000004 -1.1279865930191599e-14 -0 -0 -1 -1 0 0 0 1 -0 4.0000000000000018
3 17.200000000000006 10.000000000000004 7.9999999999999787 -0 -0 1 1 0 0 -0 1 0 5.5875000000000021
0.78539816339744795
3 17.200000000000006 10.000000000000004 7.9999999999999787 -0 -0 1 1 0 0 -0 1 0 5.5875000000000021
0.78539816339744795
1 1.6919798895287386e-14 19.999999999999982 7.9999999999999787 -1 0 0 0 0 -1 -0 -1 -0 
1 34.40000000000007 0 7.9999999999999787 1 0 -0 0 0 1 0 -1 0 
1 17.200000000000006 10.000000000000004 7.9999999999999787 0 0 -1 1 0 0 0 -1 0 
1 17.200000000000006 10.000000000000004 7.9999999999999787 0 0 -1 1 0 0 0 -1 0 
Triangulations 0

TShapes 158
Ve
0.0122407514405478
24.1021443518278 5.10745732747116 -1.09222835506864e-14
0 0

0101101
*
Ve
0.0100367630950643
24.1812351618217 5.21965823942729 -31.75
0 0

0101101
*
Ed
 0.00936445419605086 1 1 0
1  1 0 -0.858886255372119 -0.0259330612985632
2  1 1 0 -0.858886255372119 -0.0259330612985632
0

0101000
+158 0 -157 0 *
Ve
0.0586562052228377
12.0900103880038 4.43708294190903 -2.81996648254791e-14
0 0

0101101
*
Ed
 0.0122407514405478 1 1 0
1  2 0 0.518421264511345 1.21638534619857
2  2 1 0 0.518421264511345 1.21638534619857
4 C0 1 0 2 0
0

0101000
+158 0 -155 0 *
Ve
0.0586562052228377
20.4908735674696 18.5528065937392 -31.75
0 0

0101101
*
Ed
 0.0586562052228377 1 1 0
1  3 0 0.073261394326169 0.81483303781112
2  3 1 0 0.073261394326169 0.81483303781112
0

0101000
-155 0 +153 0 *
Ed
 0.0100367630950643 1 1 0
1  4 0 0.890431778334316 1.18788262286707
2  4 1 0 0.890431778334316 1.18788262286707
4 C0 1 0 3 0
0

0101000
-153 0 +157 0 *
Wi

0101100
-156 0 +154 0 -152 0 -151 0 *
Fa
0  1e-07 1 0

0111000
+150 0 *
Ve
1e-07
2.92893218813452 17.0710678118655 7.87106781186545
0 0

0101101
*
Ve
1e-07
2.92893218813452 17.0710678118655 -8.45989944764369e-15
0 0

0101101
*
Ed
 1e-07 1 1 0
1  5 0 0.128932188134524 7.99999999999999
2  5 4 0 0.128932188134524 7.99999999999999
2  6 5 0 0.128932188134524 7.99999999999999
4 CN 4 0 5 0
0

0101000
+148 0 -147 0 *
Ve
1e-07
4 18 6.79999999999998
0 0

0101101
*
Ed
 1e-07 1 1 0
1  6 0 0.785398163397447 0.927295218001612
2  7 4 0 0.785398163397447 0.927295218001612
4 C0 4 0 6 0
0

0101000
+148 0 -145 0 *
Ve
1e-07
6 19.1651513899117 6.79999999999998
0 0

0101101
*
Ed
 1e-07 1 1 0
1  7 0 0.141897054604162 0.373881317329959
2  8 4 0 0.141897054604162 0.373881317329959
4 C0 4 0 7 0
0

0101000
+145 0 -143 0 *
Ve
1e-07
7.2 19.6 7.99999999999998
0 0

0101101
*
Ed
 1e-07 1 1 0
1  8 0 1.15927948072741 1.28700221758657
2  9 4 0 1.15927948072741 1.28700221758657
4 C0 4 0 8 0
0

0101000
+143 0 -141 0 *
Ve
1e-07
10 20 7.99999999999998
0 0

0101101
*
Ed
 1e-07 1 1 0
1  9 0 0.501604054189119 0.785398163397448
2  10 4 0 0.501604054189119 0.785398163397448
4 C0 4 0 9 0
0

0101000
+141 0 -139 0 *
Ve
1e-07
10 20 -1.12798659301916e-14
0 0

0101101
*
Ed
 1e-07 1 1 0
1  10 0 0 7.99999999999999
2  11 4 0 0 7.99999999999999
4 G1 4 0 10 0
0

0101000
+139 0 -137 0 *
Ed
 1e-07 1 1 0
1  11 0 5.49778714378214 6.28318530717959
2  12 4 0 5.49778714378214 6.28318530717959
4 C0 4 0 2 0
0

0101000
+137 0 -147 0 *
Wi

0101100
-146 0 +144 0 +142 0 +140 0 +138 0 +136 0 +135 0 *
Fa
0  1e-07 4 0

0111000
+134 0 *
Ve
1e-07
31.4710678118655 2.92893218813452 7.87106781186545
0 0

0101101
*
Ve
1e-07
31.4710678118655 2.92893218813452 -8.45989944764369e-15
0 0

0101101
*
Ed
 1e-07 1 1 0
1  12 0 0.128932188134524 7.99999999999999
2  13 11 0 0.128932188134524 7.99999999999999
2  14 12 0 0.128932188134524 7.99999999999999
4 CN 11 0 12 0
0

0101000
+132 0 -131 0 *
Ve
1e-07
30.4000000000001 2 6.79999999999998
0 0

0101101
*
Ed
 1e-07 1 1 0
1  13 0 0.785398163397447 0.927295218001609
2  15 11 0 0.785398163397447 0.927295218001609
4 C0 11 0 13 0
0

0101000
+132 0 -129 0 *
Ve
1e-07
28.3999999999999 0.834848610088328 6.79999999999998
0 0

0101101
*
Ed
 1e-07 1 1 0
1  14 0 0.141897054604157 0.373881317329964
2  16 11 0 0.141897054604157 0.373881317329964
4 C0 11 0 14 0
0

0101000
+129 0 -127 0 *
Ve
1e-07
27.1999999999999 0.400000000000005 7.99999999999998
0 0

0101101
*
Ed
 1e-07 1 1 0
1  15 0 1.15927948072741 1.28700221758657
2  17 11 0 1.15927948072741 1.28700221758657
4 C0 11 0 15 0
0

0101000
+127 0 -125 0 *
Ve
1e-07
24.4 0 7.99999999999998
0 0

0101101
*
Ed
 1e-07 1 1 0
1  16 0 0.501604054189127 0.785398163397448
2  18 11 0 0.501604054189127 0.785398163397448
4 C0 11 0 9 0
0

0101000
+125 0 -123 0 *
Ve
1e-07
24.4 0 -1.12798659301916e-14
0 0

0101101
*
Ed
 1e-07 1 1 0
1  17 0 0 7.99999999999999
2  19 11 0 0 7.99999999999999
4 G1 11 0 16 0
0

0101000
+123 0 -121 0 *
Ed
 1e-07 1 1 0
1  18 0 5.49778714378214 6.28318530717959
2  20 11 0 5.49778714378214 6.28318530717959
4 C0 11 0 2 0
0

0101000
+121 0 -131 0 *
Wi

0101100
-130 0 +128 0 +126 0 +124 0 +122 0 +120 0 +119 0 *
Fa
0  1e-07 11 0

0111000
+118 0 *
Ve
1e-07
13.2 10 -8.45989944764369e-15
0 0

0101101
*
Ve
1e-07
21.2 10 -1.12798659301916e-14
0 0

0101101
*
Ed
 1e-07 1 1 0
1  19 0 0 3.14159265358979
2  21 17 0 0 3.14159265358979
4 C0 17 0 2 0
0

0101000
+116 0 -115 0 *
Ve
1e-07
21.2 10 6.41249999999998
0 0

0101101
*
Ed
 1e-07 1 1 0
1  20 0 -2.81996648254791e-15 6.41249999999999
2  22 17 0 -2.81996648254791e-15 6.41249999999999
2  23 18 0 -2.81996648254791e-15 6.41249999999999
4 CN 17 0 18 0
0

0101000
+115 0 -113 0 *
Ve
1e-07
13.2 10 6.41249999999998
0 0

0101101
*
Ed
 1e-07 1 1 0
1  21 0 0 3.14159265358979
2  24 17 0 0 3.14159265358979
2  25 19 0 0 3.14159265358979
4 C0 17 0 19 0
0

0101000
+113 0 -111 0 *
Ed
 1e-07 1 1 0
1  22 0 -6.41249999999999 0
2  26 17 0 -6.41249999999999 0
2  27 18 0 -6.41249999999999 0
4 CN 17 0 18 0
0

0101000
+111 0 -116 0 *
Wi

0101100
+114 0 +112 0 +110 0 +109 0 *
Fa
0  1e-07 17 0

0111000
+108 0 *
Ve
1e-07
11.6125 10 7.99999999999998
0 0

0101101
*
Ve
1e-07
22.7875 10 7.99999999999998
0 0

0101101
*
Ed
 1e-07 1 1 0
1  23 0 3.14159265358979 6.28318530717959
2  28 19 0 3.14159265358979 6.28318530717959
4 C0 19 0 9 0
0

0101000
+106 0 -105 0 *
Ed
 1e-07 1 1 0
1  24 0 0 2.24506403026729
2  29 19 0 0 2.24506403026729
2  30 20 0 0 2.24506403026729
4 CN 19 0 20 0
0

0101000
+106 0 -111 0 *
Ed
 1e-07 1 1 0
1  25 0 -2.24506403026729 0
2  31 19 0 -2.24506403026729 0
2  32 20 0 -2.24506403026729 0
4 CN 19 0 20 0
0

0101000
+113 0 -105 0 *
Wi

0101100
-104 0 +103 0 -110 0 +102 0 *
Fa
0  1e-07 19 0

0111000
+101 0 *
Ve
1e-07
1.69197988952874e-14 0 -1.12798659301916e-14
0 0

0101101
*
Ed
 1e-07 1 1 0
1  26 0 0 24.4
4 C0 2 0 16 0
0

0101000
+99 0 -121 0 *
Ve
1e-07
1.69197988952874e-14 10 -1.12798659301916e-14
0 0

0101101
*
Ed
 1e-07 1 1 0
1  27 0 9.99999999999998 20
4 C0 2 0 21 0
0

0101000
+97 0 -99 0 *
Ed
 1e-07 1 1 0
1  28 0 0 0.785398163397449
2  33 5 0 0 0.785398163397449
4 C0 2 0 5 0
0

0101000
+147 0 -97 0 *
Ve
1e-07
34.4000000000001 20 -1.12798659301916e-14
0 0

0101101
*
Ed
 1e-07 1 1 0
1  29 0 0 24.4000000000001
4 C0 2 0 10 0
0

0101000
+94 0 -137 0 *
Ve
1e-07
34.4000000000001 10 -1.12798659301916e-14
0 0

0101101
*
Ed
 1e-07 1 1 0
1  30 0 10 20
4 C0 2 0 22 0
0

0101000
+92 0 -94 0 *
Ed
 1e-07 1 1 0
1  31 0 0 0.785398163397449
2  34 12 0 0 0.785398163397449
4 C0 2 0 12 0
0

0101000
+131 0 -92 0 *
Wi

0101100
-119 0 -98 0 -96 0 -95 0 -135 0 -93 0 -91 0 -90 0 *
Ed
 1e-07 1 1 0
1  32 0 3.14159265358979 6.28318530717959
2  35 18 0 3.14159265358979 6.28318530717959
4 C0 2 0 18 0
0

0101000
+115 0 -116 0 *
Wi

0101100
+88 0 +114 0 *
Ed
 1e-07 1 1 0
1  33 0 -0.203497350600848 0.518421264511345
0

0101000
+155 0 -158 0 *
Wi

0101100
-86 0 -154 0 *
Fa
0  1e-07 2 0

0111000
+89 0 +87 0 +85 0 *
Ed
 1e-07 1 1 0
1  34 0 3.14159265358979 6.28318530717959
2  36 20 0 3.14159265358979 6.28318530717959
2  37 18 0 3.14159265358979 6.28318530717959
4 C0 20 0 18 0
0

0101000
+111 0 -113 0 *
Ed
 1e-07 1 1 0
1  35 0 0 3.14159265358979
2  38 20 0 0 3.14159265358979
4 C0 20 0 9 0
0

0101000
+105 0 -106 0 *
Wi

0101100
-83 0 -103 0 -82 0 -102 0 *
Fa
0  1e-07 20 0

0111000
+81 0 *
Ve
1e-07
27.1999999999999 20 7.99999999999998
0 0

0101101
*
Ed
 1e-07 1 1 0
1  36 0 -4.59999999999998 15
4 C0 9 0 15 0
0

0101000
+125 0 -79 0 *
Ed
 1e-07 1 1 0
1  37 0 7.20000000000016 24.4000000000001
4 C0 9 0 10 0
0

0101000
+79 0 -139 0 *
Ve
1e-07
7.2 5.63993296509579e-15 7.99999999999998
0 0

0101101
*
Ed
 1e-07 1 1 0
1  38 0 -14.6 4.99999999999998
4 C0 9 0 8 0
0

0101000
+141 0 -76 0 *
Ed
 1e-07 1 1 0
1  39 0 7.19999999999999 24.4
4 C0 9 0 16 0
0

0101000
+76 0 -123 0 *
Wi

0101100
+78 0 +77 0 -138 0 +75 0 +74 0 -122 0 *
Wi

0101100
-104 0 -82 0 *
Fa
0  1e-07 9 0

0111000
-73 0 -72 0 *
Wi

0101100
+83 0 -112 0 +88 0 -109 0 *
Fa
0  1e-07 18 0

0111000
+70 0 *
Ve
1e-07
30.4000000000001 20 6.79999999999998
0 0

0101101
*
Ve
1e-07
31.6000000000001 20 7.99999999999998
0 0

0101101
*
Ed
 1e-07 1 1 0
1  40 0 -1.83847763108494 -0.14142135623721
4 C0 13 0 10 0
0

0101000
+68 0 -67 0 *
Ed
 1e-07 1 1 0
1  41 0 2 20
4 C0 13 0 14 0
0

0101000
+129 0 -68 0 *
Ve
1e-07
31.6000000000001 3.06025937084103 7.99999999999998
0 0

0101101
*
Ed
 1e-07 1 1 0
1  42 0 0.766994007861861 0.785398163397447
2  39 12 0 0.766994007861861 0.785398163397447
4 C0 13 0 12 0
0

0101000
+64 0 -132 0 *
Ed
 1e-07 1 1 0
1  43 0 -15 1.93974062915896
4 C0 13 0 23 0
0

0101000
+67 0 -64 0 *
Wi

0101100
-66 0 -65 0 -128 0 -63 0 -62 0 *
Fa
0  1e-07 13 0

0111000
-61 0 *
Ve
1e-07
28.3999999999999 20 6.79999999999998
0 0

0101101
*
Ed
 1e-07 1 1 0
1  44 0 -2.54558441227168 -0.848528137423947
4 C0 15 0 10 0
0

0101000
+79 0 -59 0 *
Ed
 1e-07 1 1 0
1  45 0 0.834848610088322 20
4 C0 15 0 14 0
0

0101000
+127 0 -59 0 *
Wi

0101100
-58 0 -78 0 -124 0 +57 0 *
Fa
0  1e-07 15 0

0111000
-56 0 *
Ed
 1e-07 1 1 0
1  46 0 -2.99999999999994 -0.999999999999812
4 C0 14 0 10 0
0

0101000
+59 0 -68 0 *
Wi

0101100
-54 0 -57 0 -126 0 +65 0 *
Fa
0  1e-07 14 0

0111000
-53 0 *
Ve
1e-07
6 5.63993296509579e-15 6.79999999999998
0 0

0101101
*
Ed
 1e-07 1 1 0
1  47 0 0 19.1651513899117
4 C0 8 0 7 0
0

0101000
+51 0 -143 0 *
Ed
 1e-07 1 1 0
1  48 0 -3.39411254969543 -1.69705627484771
4 C0 8 0 16 0
0

0101000
+76 0 -51 0 *
Wi

0101100
-140 0 -50 0 -49 0 -75 0 *
Fa
0  1e-07 8 0

0111000
-48 0 *
Ve
1e-07
2.8 16.939740629159 7.99999999999998
0 0

0101101
*
Ed
 1e-07 1 1 0
1  49 0 0.766994007861866 0.785398163397447
2  40 5 0 0.766994007861866 0.785398163397447
4 C0 6 0 5 0
0

0101000
+46 0 -148 0 *
Ve
1e-07
2.8 5.63993296509579e-15 7.99999999999998
0 0

0101101
*
Ed
 1e-07 1 1 0
1  50 0 -4.99999999999998 11.939740629159
4 C0 6 0 24 0
0

0101000
+44 0 -46 0 *
Ve
1e-07
4 5.63993296509579e-15 6.79999999999998
0 0

0101101
*
Ed
 1e-07 1 1 0
1  51 0 -2.68700576850887 -0.989949493661158
4 C0 6 0 16 0
0

0101000
+42 0 -44 0 *
Ed
 1e-07 1 1 0
1  52 0 0 18
4 C0 6 0 7 0
0

0101000
+42 0 -145 0 *
Wi

0101100
-45 0 -43 0 -41 0 +40 0 -144 0 *
Fa
0  1e-07 6 0

0111000
-39 0 *
Ed
 1e-07 1 1 0
1  53 0 -3.99999999999999 -1.99999999999999
4 C0 7 0 16 0
0

0101000
+51 0 -42 0 *
Wi

0101100
-142 0 -40 0 -37 0 +50 0 *
Fa
0  1e-07 7 0

0111000
-36 0 *
Ve
1e-07
34.4000000000001 10 7.99999999999998
0 0

0101101
*
Ed
 1e-07 1 1 0
1  54 0 -7.99999999999999 0
2  41 12 0 -7.99999999999999 0
4 G1 12 0 22 0
0

0101000
+92 0 -34 0 *
Ed
 1e-07 1 1 0
1  55 0 5.49778714378214 6.264781151644
2  42 12 0 5.49778714378214 6.264781151644
4 C0 12 0 23 0
0

0101000
+34 0 -64 0 *
Wi

0101100
+130 0 +90 0 +33 0 +32 0 +63 0 *
Fa
0  1e-07 12 0

0111000
+31 0 *
Ve
1e-07
1.69197988952874e-14 10 7.99999999999998
0 0

0101101
*
Ed
 1e-07 1 1 0
1  56 0 5.49778714378214 6.264781151644
2  43 5 0 5.49778714378214 6.264781151644
4 C0 24 0 5 0
0

0101000
+29 0 -46 0 *
Ve
1e-07
1.69197988952874e-14 0 7.99999999999998
0 0

0101101
*
Ed
 1e-07 1 1 0
1  57 0 9.99999999999998 20
4 C0 24 0 21 0
0

0101000
+29 0 -27 0 *
Ed
 1e-07 1 1 0
1  58 0 0 2.79999999999998
4 C0 24 0 16 0
0

0101000
+27 0 -44 0 *
Wi

0101100
+43 0 -28 0 +26 0 +25 0 *
Fa
0  1e-07 24 0

0111000
-24 0 *
Ve
1e-07
34.4000000000001 20 7.99999999999998
0 0

0101101
*
Ed
 1e-07 1 1 0
1  59 0 10 20
4 C0 23 0 22 0
0

0101000
+34 0 -22 0 *
Ed
 1e-07 1 1 0
1  60 0 0 2.79999999999998
4 C0 23 0 10 0
0

0101000
+22 0 -67 0 *
Wi

0101100
+62 0 -32 0 +21 0 +20 0 *
Fa
0  1e-07 23 0

0111000
-19 0 *
Ed
 1e-07 1 1 0
1  61 0 0 7.99999999999999
4 C0 16 0 21 0
0

0101000
+27 0 -99 0 *
Wi

0101100
+49 0 +37 0 +41 0 -25 0 +17 0 +98 0 -120 0 -74 0 *
Fa
0  1e-07 16 0

0111000
+16 0 *
Ed
 1e-07 1 1 0
1  62 0 -7.99999999999999 0
2  44 5 0 -7.99999999999999 0
4 G1 5 0 21 0
0

0101000
+97 0 -29 0 *
Wi

0101100
+146 0 +95 0 +14 0 +28 0 +45 0 *
Fa
0  1e-07 5 0

0111000
+13 0 *
Wi

0101100
-14 0 +96 0 -17 0 -26 0 *
Fa
0  1e-07 21 0

0111000
+11 0 *
Ed
 1e-07 1 1 0
1  63 0 0 7.99999999999999
4 C0 22 0 10 0
0

0101000
+22 0 -94 0 *
Wi

0101100
-33 0 +91 0 -9 0 -21 0 *
Fa
0  1e-07 22 0

0111000
+8 0 *
Wi

0101100
+66 0 -20 0 +9 0 +93 0 -136 0 -77 0 +58 0 +54 0 *
Fa
0  1e-07 10 0

0111000
+6 0 *
Ed
 1e-07 1 1 0
1  64 0 0.593849107228114 0.890431778334316
0

0101000
+153 0 -157 0 *
Wi

0101100
+4 0 +151 0 *
Fa
0  1e-07 3 0

0111000
-3 0 *
Sh

0101000
+149 0 +133 0 +117 0 -107 0 -100 0 +84 0 -80 0 -71 0 -69 0 -60 0 
-55 0 -52 0 -47 0 -38 0 -35 0 +30 0 -23 0 -18 0 +15 0 +12 0 
+10 0 +7 0 +5 0 -2 0 *

+1 0 