
CASCADE Topology V3, (c) Open Cascade
Locations 0
Curve2ds 287
1 3.1415926535897936 3.4924985135435329e-14 0 -1 
1 3.1415926535897936 3.4924985135435329e-14 0 -1 
1 6.2831853071795862 3.2935135908656238e-14 -1 8.8123380433140472e-16 
1 6.2831853071795862 -4.6740902972141223 -1 -4.9324071785692433e-16 
7 0 0  3 69 67  1.3408929393424347 0  1.3404976295012678 -0.0024191234029820805  1.3396927967749075 -0.0072310614353846168  1.3384434138750281 -0.014366046811060169  1.3371523973617656 -0.021414145052966838  1.335820265368824 -0.028371286080354316  1.3344475465970969 -0.035233341151253997  1.3330347874689927 -0.041996093387209409  1.3315825315587844 -0.048655331043981634  1.3300913953322675 -0.055206526663700205  1.3285617863071071 -0.061646051326047939  1.3269951363206325 -0.067965866523259283  1.3253923613455665 -0.074160663103460214  1.3237542543775958 -0.080225632287862295  1.3220816599190068 -0.086155773225124868  1.3203754270813932 -0.091946086377359779  1.3186364223127818 -0.097591528947852585  1.3168655248962158 -0.1030870375596205  1.3150636316239666 -0.10842752103074446  1.3132316418813854 -0.1136079065450445  1.3113705117984027 -0.11862300307192795  1.3094810516006945 -0.12346804321922832  1.307563819474816 -0.12813875823786419  1.3056199772366432 -0.13262937480423495  1.3036505581100586 -0.13693450959905884  1.3016566474514848 -0.14104871030797317  1.2996393339220211 -0.14496658902298337  1.2975997222943221 -0.14868279679021398  1.295538929126441 -0.15219204167097444  1.2934580851869788 -0.15548909211021189  1.2913583278627252 -0.15856879609905103  1.2892408267408935 -0.16142605244430616  1.2871066863678111 -0.16405595848191495  1.28495739057473 -0.16645317740223381  1.282794266403015 -0.16861277977075209  1.2806186213487925 -0.17053000401549334  1.2784317676903993 -0.17220021648261702  1.2762350804133293 -0.17361890078022352  1.2740297375523135 -0.17478178938695066  1.271817859851577 -0.17568431180852151  1.2696010138903993 -0.17632254349320134  1.2673806517970934 -0.17669276995469471  1.2651587590509703 -0.17679144014003226  1.2629370760660559 -0.17661535530950151  1.2607176944450667 -0.17616172389467838  1.2585020753797325 -0.1754277784596934  1.256294615751133 -0.17441264901529571  1.2540971439851885 -0.1731153506385725  1.2519116252316433 -0.17153504526026889  1.2497399868474826 -0.16967113713652623  1.2475841630270139 -0.16752324516694042  1.2454460835045531 -0.16509121333241328  1.243327666749469 -0.16237509232999628  1.2412308510634862 -0.15937519868827174  1.2391574695357954 -0.15609189294527429  1.2371097116386869 -0.15252640400382175  1.23508839439214 -0.14867774929129499  1.2330994869225171 -0.14455436300484323  1.2311478148691088 -0.14016483946631705  1.2292349428868794 -0.13551211885518363  1.2273632838440864 -0.13060082780160659  1.2255349961539883 -0.12543529800059861  1.2237522776861329 -0.12002008250297333  1.2220172854252018 -0.11435980274163031  1.2203321557700502 -0.10845917430119249  1.2186989967430193 -0.10232298627835087  1.2171198921441133 -0.095956086813914251  1.2161045548799305 -0.091560955370738509  1.2156065786261963 -0.089326572532142781 
 -0.056728710626617697 4 -0.055869184708032579 1 -0.055009658789447462 1 -0.054150132870862344 1 -0.053290606952277234 1 -0.052431081033692116 1 -0.051571555115106998 1 -0.050712029196521881 1 -0.049852503277936763 1 -0.048992977359351646 1 -0.048133451440766528 1 -0.047273925522181418 1 -0.0464143996035963 1 -0.045554873685011182 1 -0.044695347766426065 1 -0.043835821847840947 1 -0.04297629592925583 1 -0.042116770010670712 1 -0.041257244092085602 1 -0.040397718173500477 1 -0.039538192254915366 1 -0.038678666336330249 1 -0.037819140417745131 1 -0.036959614499160014 1 -0.036100088580574896 1 -0.035240562661989785 1 -0.034381036743404661 1 -0.03352151082481955 1 -0.032661984906234433 1 -0.031802458987649315 1 -0.030942933069064198 1 -0.030083407150479084 1 -0.029223881231893966 1 -0.028364355313308848 1 -0.027504829394723734 1 -0.026645303476138617 1 -0.025785777557553499 1 -0.024926251638968382 1 -0.024066725720383264 1 -0.023207199801798147 1 -0.022347673883213036 1 -0.021488147964627918 1 -0.020628622046042801 1 -0.019769096127457683 1 -0.018909570208872566 1 -0.018050044290287448 1 -0.01719051837170233 1 -0.01633099245311722 1 -0.015471466534532102 1 -0.014611940615946985 1 -0.013752414697361867 1 -0.01289288877877675 1 -0.012033362860191632 1 -0.011173836941606514 1 -0.010314311023021404 1 -0.0094547851044362863 1 -0.0085952591858511687 1 -0.0077357332672660511 1 -0.0068762073486809336 1 -0.006016681430095816 1 -0.0051571555115106985 1 -0.0042976295929255878 1 -0.0034381036743404703 1 -0.0025785777557553527 1 -0.0017190518371702351 1 -0.00085952591858511757 1 -0 4
7 0 0  3 69 67  0.42914708160155191 0.21845623232568503  0.43172067968949696 0.218359635127958  0.43687574958754816 0.2181669058328933  0.44463214257680994 0.21787944360028835  0.45241247501757653 0.21759384946886459  0.46021695305150423 0.21731035989153322  0.46804583149785928 0.2170292110919505  0.47589939487793337 0.2167506401490685  0.48377806411619895 0.21647488094991732  0.49168201107393944 0.21620217929391106  0.49961261383420019 0.21593273652285688  0.50756608773667655 0.21566695520825166  0.5155418782324509 0.21540515530989682  0.52354014760164125 0.21514762741692287  0.53156092647304143 0.21489466998843249  0.53960434693096693 0.21464657937431741  0.54767058375385858 0.2144036524913332  0.55575987906055513 0.21416618609799792  0.56387252289240963 0.21393447701891027  0.57200892454498919 0.213708821972589  0.58016936308303635 0.21348951803578975  0.58835492871158379 0.21327686095839735  0.59656794237821986 0.21307116009817051  0.60480808444267387 0.21287272686746167  0.61307577818450976 0.21268187213559575  0.62137135697702628 0.21249890691688073  0.6296952913443723 0.21232414218871914  0.63804813106531122 0.21215788893115295  0.64643052584493566 0.21200045815057203  0.65484321548283597 0.21185216074533195  0.66328706242859736 0.2117133080195831  0.67176294429649697 0.21158420976232645  0.68027216315326378 0.21146518141736739  0.68881457875864127 0.21135651468388128  0.69739082500018335 0.21125845742154881  0.70600180587816974 0.21117126517396717  0.71464858077345461 0.21109519191187232  0.72333213773778171 0.21103049021353004  0.73205442902699769 0.2109774197999455  0.74081381871365048 0.2109362097031065  0.74961104007612134 0.21090704480537756  0.75844748117927219 0.21089012283118255  0.76732258149410149 0.21088561226595931  0.77623694128183596 0.21089366078949373  0.78518991142104888 0.210914397556799  0.79418361788672731 0.2109479138629009  0.80320821720377611 0.21099441432531821  0.81226442562192092 0.21105380616926805  0.82135261097894308 0.21112603106132208  0.83047346941449618 0.21121102142667084  0.83962785081951807 0.21130871221468028  0.8488167979751261 0.2114190375193922  0.85804157417233273 0.21154193233197041  0.86730351205704004 0.21167732891041838  0.87660457399513492 0.21182516954825384  0.8859452251824278 0.2119853591300995  0.89533231842872696 0.21215794214064554  0.90474922900592158 0.21234243418884788  0.91418387257963074 0.21253823997551402  0.92363909749776563 0.21274509857330731  0.93311388242553917 0.21296265946022222  0.94260837598203784 0.21319059612107183  0.95212254583377487 0.21342857560806233  0.96165653752444169 0.21367626669701095  0.97121057135221789 0.21393333770189479  0.98078496037191598 0.21419945706044319  0.99038008540171374 0.21447429317721525  0.9967909598696113 0.21466310736953845  1 0.21475885672947528 
 -0.056728710626617697 4 -0.055869184708032579 1 -0.055009658789447462 1 -0.054150132870862344 1 -0.053290606952277234 1 -0.052431081033692116 1 -0.051571555115106998 1 -0.050712029196521881 1 -0.049852503277936763 1 -0.048992977359351646 1 -0.048133451440766528 1 -0.047273925522181418 1 -0.0464143996035963 1 -0.045554873685011182 1 -0.044695347766426065 1 -0.043835821847840947 1 -0.04297629592925583 1 -0.042116770010670712 1 -0.041257244092085602 1 -0.040397718173500477 1 -0.039538192254915366 1 -0.038678666336330249 1 -0.037819140417745131 1 -0.036959614499160014 1 -0.036100088580574896 1 -0.035240562661989785 1 -0.034381036743404661 1 -0.03352151082481955 1 -0.032661984906234433 1 -0.031802458987649315 1 -0.030942933069064198 1 -0.030083407150479084 1 -0.029223881231893966 1 -0.028364355313308848 1 -0.027504829394723734 1 -0.026645303476138617 1 -0.025785777557553499 1 -0.024926251638968382 1 -0.024066725720383264 1 -0.023207199801798147 1 -0.022347673883213036 1 -0.021488147964627918 1 -0.020628622046042801 1 -0.019769096127457683 1 -0.018909570208872566 1 -0.018050044290287448 1 -0.01719051837170233 1 -0.01633099245311722 1 -0.015471466534532102 1 -0.014611940615946985 1 -0.013752414697361867 1 -0.01289288877877675 1 -0.012033362860191632 1 -0.011173836941606514 1 -0.010314311023021404 1 -0.0094547851044362863 1 -0.0085952591858511687 1 -0.0077357332672660511 1 -0.0068762073486809336 1 -0.006016681430095816 1 -0.0051571555115106985 1 -0.0042976295929255878 1 -0.0034381036743404703 1 -0.0025785777557553527 1 -0.0017190518371702351 1 -0.00085952591858511757 1 -0 4
7 0 0  3 25 23  1.2156065786261965 -0.089326572532140353  1.2153209327466352 -0.088045458804701687  1.2147534458241702 -0.08547533561151488  1.2139134817763919 -0.081597034602726909  1.2130846359860714 -0.077696191306404483  1.2122667600401706 -0.073773369379587159  1.2114597053334177 -0.069829125702305594  1.2106633230567438 -0.065864009403504203  1.2098774642265062 -0.061878562090278137  1.2091019797022733 -0.05787331775995154  1.2083367202072357 -0.053848802802518907  1.2075815363474276 -0.049805535984229675  1.2068362786308124 -0.045744028441562043  1.2061007974859577 -0.041664783677806141  1.2053749432803489 -0.037568297564330888  1.2046585663383829 -0.033455058345725035  1.2039515169589712 -0.029325546649637321  1.2032536454328682 -0.025180235498903188  1.2025648020595245 -0.021019590333976688  1.2018848371639719 -0.016844069016183238  1.201213601112169 -0.012654121920502999  1.2005509443303792 -0.008450191712832112  1.1998967173080852 -0.0042327143219992808  1.199466086209843 -0.0014123150875865523  1.1992521258197855 0 
 -0.010859497646036101 4 -0.010365884116670823 1 -0.0098722705873055469 1 -0.0093786570579402692 1 -0.0088850435285749915 1 -0.0083914299992097138 1 -0.0078978164698444361 1 -0.0074042029404791602 1 -0.0069105894111138825 1 -0.0064169758817486048 1 -0.005923362352383328 1 -0.0054297488230180511 1 -0.0049361352936527735 1 -0.0044425217642874958 1 -0.0039489082349222189 1 -0.0034552947055569421 1 -0.0029616811761916644 1 -0.0024680676468263867 1 -0.001974454117461109 1 -0.0014808405880958331 1 -0.00098722705873055538 1 -0.00049361352936527769 1 -0 4
7 0 0  3 25 23  0 0.21475885672947528  0.0013617647776316718 0.21481375598130112  0.0040861116831246097 0.21492372443701829  0.0081751775788428387 0.21508915916299126  0.012266882268749457 0.21525504811756202  0.016361319814835643 0.21542136348692936  0.020458584630154937 0.21558807745729372  0.024558771431394948 0.21575516221485452  0.028661975091224545 0.21592258994581176  0.032768290527032978 0.21609033283636547  0.036877812590273513 0.21625836307271487  0.040990635966572798 0.21642665284105994  0.045106855084389511 0.21659517432760075  0.049226564033167518 0.21676389971853641  0.053349856490958067 0.21693280120006747  0.057476825661612697 0.21710185095839324  0.06160756422154727 0.21727102117971353  0.065742164275808729 0.21744028405022853  0.069880717323872396 0.21760961175613722  0.074023314232457102 0.21777897648364003  0.078170045224346077 0.21794835041893662  0.082320999847803195 0.21811770574822686  0.086476267056930109 0.21828701465770997  0.089249378961881842 0.21839983777496086  0.090636683075297333 0.21845623232568517 
 -0.010859497646036101 4 -0.010365884116670823 1 -0.0098722705873055469 1 -0.0093786570579402692 1 -0.0088850435285749915 1 -0.0083914299992097138 1 -0.0078978164698444361 1 -0.0074042029404791602 1 -0.0069105894111138825 1 -0.0064169758817486048 1 -0.005923362352383328 1 -0.0054297488230180511 1 -0.0049361352936527735 1 -0.0044425217642874958 1 -0.0039489082349222189 1 -0.0034552947055569421 1 -0.0029616811761916644 1 -0.0024680676468263867 1 -0.001974454117461109 1 -0.0014808405880958331 1 -0.00098722705873055538 1 -0.00049361352936527769 1 -0 4
1 6.2831853071795862 2.7723649480610768e-14 -1 1.9471762421076278e-15 
1 6.2831853071795862 -4.6740902972141374 -1 2.5477900945455865e-15 
7 0 0  3 25 23  0.50203737362997591 0  0.49980423464348156 -0.0047304943158185796  0.49534793910627456 -0.014142019888707504  0.48868646788856229 -0.02812716293342702  0.4820410749409042 -0.041996425180339331  0.47540458154103893 -0.055765998853135608  0.46876962969798097 -0.069451988176236726  0.46212866090275151 -0.083070371923254838  0.45547392846070744 -0.096636970495578664  0.44879750042727762 -0.11016741022162146  0.44209126468905946 -0.12367708655280735  0.43534693313115852 -0.13718112541846353  0.42855604575184991 -0.15069434265394316  0.42170997454317832 -0.16423120125709742  0.41479992724479642 -0.1778057663104175  0.40781695100714704 -0.19143165741386278  0.40075193603942505 -0.20512199863130828  0.39359561927774767 -0.21888936570292858  0.38633858827857603 -0.23274573164332502  0.37897128495625992 -0.24670240731402623  0.37148401101466522 -0.26076999119044075  0.3638669286441486 -0.27495827763716441  0.35611008100282859 -0.28927631632683493  0.35083892137216133 -0.29891337787133415  0.34817667991430568 -0.30375619392109499 
 -0.071517211020968904 4 -0.068266428701833956 1 -0.065015646382699008 1 -0.061764864063564053 1 -0.058514081744429104 1 -0.055263299425294156 1 -0.052012517106159201 1 -0.048761734787024252 1 -0.045510952467889304 1 -0.042260170148754356 1 -0.039009387829619407 1 -0.035758605510484452 1 -0.032507823191349504 1 -0.029257040872214556 1 -0.0260062585530796 1 -0.022755476233944652 1 -0.019504693914809704 1 -0.016253911595674755 1 -0.013003129276539807 1 -0.0097523469574048519 1 -0.0065015646382699105 1 -0.0032507823191349483 1 -0 4
7 0 0  3 25 23  0.65380994606447895 0.21845623232568478  0.66000551931764084 0.21826734094602956  0.6722260813845895 0.21788949931497698  0.69008834079832027 0.21732192418931354  0.70752643210481692 0.21675290032070696  0.72458041006544471 0.21618179164529785  0.74128795172804796 0.21560796209922806  0.75768422996656126 0.21503077561863884  0.77380229024262137 0.21444959613967132  0.78967324143673168 0.21386378759846611  0.80532645413810133 0.21327271393116592  0.82078972159867047 0.21267573907391035  0.83608940104822782 0.212072226962842  0.85125053527726791 0.21146154153410118  0.8662969583385155 0.21084304672382984  0.88125138748611664 0.21021610646816891  0.89613550346556681 0.20958008470325967  0.91097002062051924 0.20893434536524338  0.92577474893231182 0.20827825239026151  0.94056864657395156 0.20761116971445501  0.95536987375053206 0.20693246127396495  0.97019581230321394 0.20624149100493336  0.98506318765751666 0.20553762284350113  0.99501292044508483 0.20505935476503981  1 0.20481785905578931 
 -0.071517211020968904 4 -0.068266428701833956 1 -0.065015646382699008 1 -0.061764864063564053 1 -0.058514081744429104 1 -0.055263299425294156 1 -0.052012517106159201 1 -0.048761734787024252 1 -0.045510952467889304 1 -0.042260170148754356 1 -0.039009387829619407 1 -0.035758605510484452 1 -0.032507823191349504 1 -0.029257040872214556 1 -0.0260062585530796 1 -0.022755476233944652 1 -0.019504693914809704 1 -0.016253911595674755 1 -0.013003129276539807 1 -0.0097523469574048519 1 -0.0065015646382699105 1 -0.0032507823191349483 1 -0 4
7 0 0  3 69 67  0.34817667991430579 -0.30375619392109421  0.34685124205511692 -0.30627407045553673  0.34418350550149324 -0.31124028902510348  0.3401354032357583 -0.31844728455339805  0.33604485079603541 -0.32537832997709354  0.33191602777557611 -0.33199941884419237  0.32775319144992643 -0.33827640640605022  0.32356071941743952 -0.34417502589740079  0.31934298506116687 -0.34966111004743566  0.31510480158957793 -0.35470023909214077  0.31084975607080828 -0.3592594871152785  0.30658641203351406 -0.36330135683487869  0.30230186071701065 -0.36681026474598621  0.29799622751068161 -0.36975342374702524  0.29367327719490255 -0.3720953460391046  0.28933602428705796 -0.3738016542296636  0.28498984389016735 -0.37483899477802768  0.28063609270846501 -0.37517524548876691  0.27628849137578915 -0.37478415655893971  0.27192557931544681 -0.3736289682320742  0.26765814026042684 -0.37173157795767364  0.26358265328659197 -0.36919523950522837  0.25967146081826548 -0.36607247620349687  0.25592988789584886 -0.36242919951928165  0.25235416280735656 -0.35832729565397137  0.24894271894477621 -0.35382909005485075  0.2456931684153148 -0.34899590738624853  0.24260320496861182 -0.34388844424674309  0.239670115075757 -0.3385658744239311  0.23689192393053338 -0.33308830310423487  0.23426339019051634 -0.32750720114374676  0.23179096720848166 -0.32190069640360042  0.22943704577745999 -0.31624160015067054  0.22709609545854142 -0.3102795186780079  0.22479456646206797 -0.3040836092117794  0.22252537925022933 -0.29764130091817048  0.22029782266840683 -0.29098616218269396  0.21811069805025296 -0.28412203317636947  0.21596447748712677 -0.27705724979130086  0.21385916803321395 -0.26979888199626978  0.21179488421528622 -0.26235426376299548  0.2097716948249265 -0.25473056892116236  0.20778966431866044 -0.24693491143702478  0.20584884154373634 -0.23897430236957312  0.20394926459054163 -0.23085565660176649  0.20209095384732922 -0.22258574530782224  0.2002739361510705 -0.21417131780381904  0.19849815638092722 -0.20561860278702718  0.19676380821216102 -0.19693512580664793  0.19507010081023918 -0.18812288604660149  0.1934198626260136 -0.17920378365050083  0.1918022378683944 -0.17012401314942605  0.19021067973305336 -0.16084361365041497  0.18864822386477895 -0.1513757285064842  0.18711532413323245 -0.14171931814682354  0.18561311107772538 -0.13187718529918924  0.18414251786467853 -0.12185114064649982  0.18270451354767966 -0.11164329352272556  0.18130003963437555 -0.10125570126734573  0.17993002616090475 -0.090690458256717316  0.17859538647423839 -0.079949667032299068  0.17729701772765113 -0.069035440952357321  0.17603579987519072 -0.057949898374176301  0.17481259502361421 -0.04669515905049406  0.17362824692890297 -0.035273340141469677  0.17248357963719785 -0.023686551695272944  0.17137939949020223 -0.011936894925229282  0.17067078957766385 -0.0039965984789818911  0.17032349319992129 0 
 -0.083258349404462001 4 -0.081996859261970159 1 -0.080735369119478304 1 -0.079473878976986462 1 -0.078212388834494606 1 -0.076950898692002764 1 -0.075689408549510909 1 -0.074427918407019067 1 -0.073166428264527211 1 -0.071904938122035369 1 -0.070643447979543514 1 -0.069381957837051672 1 -0.068120467694559816 1 -0.066858977552067975 1 -0.065597487409576119 1 -0.064335997267084277 1 -0.063074507124592422 1 -0.06181301698210058 1 -0.060551526839608724 1 -0.059290036697116882 1 -0.058028546554625027 1 -0.056767056412133185 1 -0.055505566269641329 1 -0.054244076127149488 1 -0.052982585984657639 1 -0.05172109584216579 1 -0.050459605699673941 1 -0.049198115557182093 1 -0.047936625414690244 1 -0.046675135272198395 1 -0.045413645129706547 1 -0.044152154987214698 1 -0.042890664844722849 1 -0.041629174702231 1 -0.040367684559739152 1 -0.039106194417247303 1 -0.037844704274755454 1 -0.036583214132263606 1 -0.035321723989771757 1 -0.034060233847279908 1 -0.03279874370478806 1 -0.031537253562296211 1 -0.030275763419804362 1 -0.029014273277312513 1 -0.027752783134820665 1 -0.026491292992328816 1 -0.025229802849836967 1 -0.023968312707345119 1 -0.022706822564853277 1 -0.021445332422361428 1 -0.020183842279869579 1 -0.018922352137377724 1 -0.017660861994885882 1 -0.016399371852394026 1 -0.015137881709902185 1 -0.013876391567410329 1 -0.012614901424918487 1 -0.011353411282426631 1 -0.01009192113993479 1 -0.008830430997442934 1 -0.0075689408549510923 1 -0.0063074507124592366 1 -0.0050459605699673948 1 -0.0037844704274755392 1 -0.0025229802849836974 1 -0.0012614901424918556 1 -0 4
7 0 0  3 69 67  0 0.20481785905578931  0.004006645676330186 0.20469229721975324  0.012096478157907656 0.20444396775285315  0.024456140376029063 0.20408180608348614  0.037036049547128046 0.20373192683554445  0.049831387409662843 0.20339627998705742  0.062837244262919367 0.20307681519072757  0.07604848632587409 0.20277548331297812  0.089460143008891158 0.2024942306906784  0.10306591346976537 0.20223502056519002  0.11686368522584781 0.20199975308946067  0.13083489820879876 0.20179056386560126  0.14503240357939703 0.20160854832934832  0.15946798462236245 0.20145555321633585  0.17414182309947335 0.20133357855973233  0.18905729257559781 0.20124461944271474  0.20420988420640609 0.2011904829920094  0.21961007319591269 0.20117293393409066  0.23522367048019763 0.20119333387455463  0.25114595194882328 0.20125367653998938  0.2669853537781407 0.20135234689708051  0.28237273149643893 0.20148366542176016  0.29739477546444887 0.201645042140425  0.31201582370975806 0.20183305920004016  0.32623285529328572 0.20204452071482984  0.34003399805595624 0.20227617080941604  0.35340978909684612 0.20252477159957077  0.36634988778542893 0.20278707322606479  0.37884519174742037 0.20305985573852733  0.39088284419438468 0.20333979152615592  0.40246422141020233 0.2036239537110115  0.41353805297892265 0.20390792014413775  0.42424997569305323 0.20419284902778023  0.435076949564278 0.20449207098644312  0.44590198494809524 0.204801744191876  0.45675924382908167 0.20512242234653005  0.46760626982960435 0.20545210485863544  0.47844898102080813 0.20579054745901434  0.48928561871928566 0.20613723815415569  0.50011647039092377 0.20649173668753157  0.51094126570533993 0.20685358357901418  0.52175987600868079 0.20722232450589093  0.53257212788462971 0.20759750373939104  0.54337785774113956 0.20797866601755743  0.55417688885933447 0.20836535561723943  0.56496907805447527 0.20875711819324683  0.57575416172639604 0.20915349434973948  0.58653233484126399 0.20955404351551757  0.59730209869528306 0.20995825487146996  0.60806830031268588 0.21036587976548948  0.61881213602361129 0.21077569112536773  0.62960390560263779 0.21119014641071679  0.64049285986783533 0.21161101529741183  0.65146571924891605 0.21203747943857934  0.66252598204133184 0.2124694139459509  0.67367266784255708 0.21290650811958578  0.68490600711223282 0.2133485010476294  0.69622591053182692 0.21379511847755078  0.70763237313171312 0.21424608973144224  0.7191253602428711 0.2147011431735778  0.73070483265345798 0.21516000742487978  0.74237073491971406 0.21562241103749971  0.75412299411515993 0.21608808258201831  0.76596151631519305 0.21655675062407675  0.77788618463657977 0.21702814373064019  0.78989685645469143 0.21750199046831931  0.80199336558839518 0.21797801940381917  0.81011479431537159 0.21829664587048636  0.81418974888221485 0.21845623232568465 
 -0.083258349404462001 4 -0.081996859261970159 1 -0.080735369119478304 1 -0.079473878976986462 1 -0.078212388834494606 1 -0.076950898692002764 1 -0.075689408549510909 1 -0.074427918407019067 1 -0.073166428264527211 1 -0.071904938122035369 1 -0.070643447979543514 1 -0.069381957837051672 1 -0.068120467694559816 1 -0.066858977552067975 1 -0.065597487409576119 1 -0.064335997267084277 1 -0.063074507124592422 1 -0.06181301698210058 1 -0.060551526839608724 1 -0.059290036697116882 1 -0.058028546554625027 1 -0.056767056412133185 1 -0.055505566269641329 1 -0.054244076127149488 1 -0.052982585984657639 1 -0.05172109584216579 1 -0.050459605699673941 1 -0.049198115557182093 1 -0.047936625414690244 1 -0.046675135272198395 1 -0.045413645129706547 1 -0.044152154987214698 1 -0.042890664844722849 1 -0.041629174702231 1 -0.040367684559739152 1 -0.039106194417247303 1 -0.037844704274755454 1 -0.036583214132263606 1 -0.035321723989771757 1 -0.034060233847279908 1 -0.03279874370478806 1 -0.031537253562296211 1 -0.030275763419804362 1 -0.029014273277312513 1 -0.027752783134820665 1 -0.026491292992328816 1 -0.025229802849836967 1 -0.023968312707345119 1 -0.022706822564853277 1 -0.021445332422361428 1 -0.020183842279869579 1 -0.018922352137377724 1 -0.017660861994885882 1 -0.016399371852394026 1 -0.015137881709902185 1 -0.013876391567410329 1 -0.012614901424918487 1 -0.011353411282426631 1 -0.01009192113993479 1 -0.008830430997442934 1 -0.0075689408549510923 1 -0.0063074507124592366 1 -0.0050459605699673948 1 -0.0037844704274755392 1 -0.0025229802849836974 1 -0.0012614901424918556 1 -0 4
1 6.2831853071795862 4.103736850821791e-14 -1 -6.5456921111218743e-16 
1 6.2831853071795862 -4.6740902972141241 -1 0 
1 0 -8.1551120000501429e-18 0 -1 
1 6.2831853071795862 3.2985113304939884e-16 0 -1 
1 6.2831853071795862 -1.0000000000000004 -1 7.0678992921411473e-17 
1 6.2831853071795862 1.17081652777778 -1 0 
1 3.1415926535897936 -1.3020296338685027e-14 0 -1 
1 3.1415926535897936 -1.3020296338685027e-14 0 -1 
1 6.2831853071795862 2.8025456415529458e-17 -1 -1.8797964282924446e-17 
1 6.2831853071795862 1.586124166666659 -1 0 
1 0 -9.008563657182808e-17 0 -1 
1 6.2831853071795862 -1.2681298516477454e-16 0 -1 
1 6.2831853071795862 -0.99999999999999489 -1 -5.6543194337129179e-16 
1 6.2831853071795862 0 0 -1 
1 0 0 0 -1 
1 6.2831853071795862 1.17081652777778 -1 0 
1 6.2831853071795862 -1 -1 -7.0678992921411498e-17 
1 3.1415926535897931 0 0 1 
1 3.1415926535897931 0 0 1 
1 6.2831853071795862 -1.17081652777778 -1 0 
1 3.1415926535897931 8.8817841970012523e-16 0 1 
1 3.1415926535897931 8.8817841970012523e-16 0 1 
1 6.2831853071795862 -4.6740902972141241 -1 0 
1 6.2831853071795862 4.4795053487386871e-14 -1 -2.9363980652626975e-15 
7 0 0  3 25 23  3.3125867006980236 -4.6740902965630928  3.3110184413245713 -4.6640171838075783  3.3079522008906612 -4.6430725787811662  3.3035730696490049 -4.6093188506499478  3.2994276399138855 -4.5733126123249672  3.295515112087736 -4.5350472006525031  3.2918383362521411 -4.4945428162143504  3.2883979669315972 -4.4517966252276757  3.2851979447239614 -4.4068640963967036  3.2822294410473289 -4.3595831602677428  3.2795311169205479 -4.3106211935140699  3.2771106266987333 -4.260422306623445  3.2749516138445087 -4.2090049612956495  3.2730440967576651 -4.1564984346843641  3.2713763488501546 -4.1029975091740027  3.26993721019829 -4.0486087054476787  3.2687151562472989 -3.9934120716579282  3.2677017602534062 -3.9376600909855837  3.2668842964637492 -3.8814535439133655  3.2662507382578325 -3.8249061051441644  3.2657890855966416 -3.7681262553375161  3.2654875721735772 -3.7112223596416252  3.2653346008382833 -3.6543016198288703  3.2653241129811752 -3.6164140615504152  3.2653398445253834 -3.5975029360509474 
 0.056835149532695722 4 0.059068919741692372 1 0.061302689950689021 1 0.06353646015968567 1 0.06577023036868232 1 0.068004000577678969 1 0.070237770786675618 1 0.072471540995672268 1 0.074705311204668917 1 0.076939081413665567 1 0.079172851622662216 1 0.081406621831658865 1 0.083640392040655515 1 0.085874162249652164 1 0.088107932458648813 1 0.090341702667645463 1 0.092575472876642112 1 0.094809243085638761 1 0.097043013294635411 1 0.09927678350363206 1 0.10151055371262871 1 0.10374432392162536 1 0.10597809413062199 4
7 0 0  3 25 23  0.49113697038455578 0.21845625696420728  0.49922276079970579 0.21859113217796228  0.51544539241662091 0.21887156759823997  0.5398964845134101 0.21932350355592989  0.56440830763403449 0.21980559030721966  0.58899586898794332 0.22031795540768681  0.61365302894894624 0.2208603371254145  0.63838665080366186 0.22143277128921535  0.66317265792913405 0.22203449277247933  0.68809776058921712 0.22266764270955339  0.71282354721351571 0.22332319743944642  0.73717627667123664 0.22399529748660324  0.76119736200208388 0.22468375744346522  0.78487041588393425 0.22538686672087621  0.80819513716498881 0.2261033413880737  0.83116479842394042 0.22683171606231581  0.85378241415091849 0.22757082451038915  0.87598157473517035 0.22831731421900092  0.89776014473625976 0.22906989543737818  0.9191095857642515 0.22982706841445558  0.94002315427720662 0.23058738966867656  0.96049367957187193 0.23134940064074402  0.98051412860957299 0.23211164681281574  0.9935562973952875 0.23261899732358279  1 0.23287222662880541 
 0.056835149532695722 4 0.059068919741692372 1 0.061302689950689021 1 0.06353646015968567 1 0.06577023036868232 1 0.068004000577678969 1 0.070237770786675618 1 0.072471540995672268 1 0.074705311204668917 1 0.076939081413665567 1 0.079172851622662216 1 0.081406621831658865 1 0.083640392040655515 1 0.085874162249652164 1 0.088107932458648813 1 0.090341702667645463 1 0.092575472876642112 1 0.094809243085638761 1 0.097043013294635411 1 0.09927678350363206 1 0.10151055371262871 1 0.10374432392162536 1 0.10597809413062199 4
7 0 0  3 25 23  3.2653398445253834 -3.5975029360509474  3.2653734345184255 -3.556407434150072  3.2655918011937772 -3.4737792275838424  3.2664236625677421 -3.3494227943086212  3.267810992009089 -3.2255617249078097  3.2698035272776633 -3.1030634981671485  3.2724469148622668 -2.9828721384176764  3.2757983470950318 -2.8655659727805669  3.2798693119023987 -2.7530034001122843  3.2846695325494486 -2.6461753058449666  3.2902224079510201 -2.5454504943383629  3.2966062132245675 -2.4505821027639629  3.3036756496288535 -2.3642410660670192  3.3112569399595904 -2.287576819256055  3.3193401387320067 -2.2195338784868355  3.3279071795211617 -2.1594546789823772  3.336791248722883 -2.1074959122468617  3.3459003138743109 -2.0629599587852581  3.3551745110075628 -2.0250389261497297  3.3645236796242202 -1.9930428669600508  3.3740198677911004 -1.965875867920241  3.3836000411758005 -1.9430538627773426  3.3932110471721133 -1.9240539681161619  3.3996006912161163 -1.9136236319069662  3.4027817287753974 -1.9088869486816455 
 0 4 0.0048539032162369551 1 0.0097078064324739102 1 0.014561709648710865 1 0.01941561286494782 1 0.024269516081184776 1 0.029123419297421731 1 0.033977322513658689 1 0.038831225729895641 1 0.043685128946132593 1 0.048539032162369551 1 0.05339293537860651 1 0.058246838594843461 1 0.063100741811080413 1 0.067954645027317379 1 0.07280854824355433 1 0.077662451459791282 1 0.082516354676028233 1 0.087370257892265185 1 0.092224161108502151 1 0.097078064324739102 1 0.10193196754097605 1 0.10678587075721301 4
7 0 0  3 25 23  0 0.23287222662880541  0.012735389087673434 0.23342250235126705  0.038845511279828764 0.23452875866453429  0.079873891939171576 0.23619353823927994  0.1227073741311405 0.23785190005045398  0.16729927607434047 0.23949235801844374  0.2135620281516899 0.24110221227665568  0.2615553388040604 0.24267329131761251  0.31077452901846647 0.24418026847724131  0.36095689648318141 0.24561060079735442  0.41206425607633002 0.24695953503038265  0.46443247682049732 0.24823005402243981  0.51666674323053685 0.24938617265626084  0.56772062021216108 0.2504127739772985  0.6178169312811651 0.25132387811370721  0.66701966731506757 0.25212831196911634  0.71461188488790073 0.2528243124098199  0.76042224081860799 0.25342071837189911  0.80443818652611943 0.25392825279090547  0.84652053368871938 0.25435666693718939  0.88722135784024225 0.25472079344605281  0.92644179600205578 0.25502648256663213  0.96414268791906865 0.25528065038778414  0.98822785334733354 0.25542016749027319  1 0.25548356253356125 
 0 4 0.0048539032162369551 1 0.0097078064324739102 1 0.014561709648710865 1 0.01941561286494782 1 0.024269516081184776 1 0.029123419297421731 1 0.033977322513658689 1 0.038831225729895641 1 0.043685128946132593 1 0.048539032162369551 1 0.05339293537860651 1 0.058246838594843461 1 0.063100741811080413 1 0.067954645027317379 1 0.07280854824355433 1 0.077662451459791282 1 0.082516354676028233 1 0.087370257892265185 1 0.092224161108502151 1 0.097078064324739102 1 0.10193196754097605 1 0.10678587075721301 4
7 0 0  3 25 23  3.4027817287753974 -1.9088869486816453  3.4050798099041666 -1.9016059462526926  3.4096741578658682 -1.8868100990827483  3.4165600807735883 -1.8639112906485353  3.4234402481846438 -1.8403039797764467  3.4303145047380164 -1.8159845407617916  3.4371826958192533 -1.7909492406234742  3.4440446676800001 -1.7651942228806043  3.4509002674302356 -1.7387155099900418  3.4577493430642354 -1.7115090007154645  3.4645917434771216 -1.6835704687848534  3.4714273184835704 -1.6548955611313061  3.4782559188355222 -1.6254797961727265  3.4850773962397903 -1.5953185620062997  3.4918916033752838 -1.5644071145500489  3.4986983939099394 -1.5327405756181793  3.505497622517268 -1.5003139309426856  3.5122891448928115 -1.4671220280955362  3.5190728177693495 -1.4331595744719778  3.5258484989352277 -1.3984211347296061  3.5326160472394013 -1.3629011299332288  3.5393753226444931 -1.3265938300009696  3.546126186099015 -1.2894933708083545  3.5506210620882492 -1.2642269095476146  3.5528670521781507 -1.2514594711951232 
 0.71635164170667531 4 0.72074624057796843 1 0.72514083944926155 1 0.72953543832055467 1 0.73393003719184779 1 0.73832463606314092 1 0.74271923493443404 1 0.74711383380572716 1 0.75150843267702028 1 0.7559030315483134 1 0.76029763041960652 1 0.76469222929089964 1 0.76908682816219276 1 0.77348142703348588 1 0.777876025904779 1 0.78227062477607212 1 0.78666522364736524 1 0.79105982251865836 1 0.79545442138995148 1 0.7998490202612446 1 0.80424361913253772 1 0.80863821800383084 1 0.81303281687512396 4
7 0 0  3 25 23  3.5528670521781507 -1.251459471195127  3.5591510972433644 -1.2231261726709413  3.5715957236795908 -1.1611233827003191  3.5897075738874817 -1.0516984939407663  3.6070763350324495 -0.92539111306684296  3.6235255618822411 -0.78191327322640913  3.6388840206283195 -0.62113226499458385  3.6530100727242809 -0.44281137090399564  3.6657121339597354 -0.2475321077219588  3.6767528873458515 -0.038029092372596655  3.686129342197384 0.18595799062176449  3.6937950841435314 0.42373227114593837  3.6997313657645394 0.676070987592432  3.7037865159807239 0.93262129790493276  3.7061643104876172 1.193537883537567  3.7070092884360024 1.457706494959401  3.706465401616136 1.7251605213936863  3.7047041643557765 1.9910126466088147  3.7019099885919138 2.2546890071425927  3.6982552452807318 2.5149241766582255  3.6938787875635253 2.7720846439458415  3.688887208404843 3.026801610653056  3.6834065580792585 3.2779918234564138  3.6794989262692304 3.442663269922817  3.6775005362620758 3.5241721061471436 
 0 4 0.010534352968045909 1 0.021068705936091819 1 0.031603058904137726 1 0.042137411872183637 1 0.052671764840229549 1 0.063206117808275453 1 0.073740470776321371 1 0.084274823744367275 1 0.094809176712413179 1 0.1053435296804591 1 0.115877882648505 1 0.12641223561655091 1 0.13694658858459682 1 0.14748094155264274 1 0.15801529452068863 1 0.16854964748873455 1 0.17908400045678047 1 0.18961835342482636 1 0.20015270639287228 1 0.21068705936091819 1 0.22122141232896408 1 0.23175576529701 4
7 0 0  3 25 23  0 0.2642868153972403  0.01280024340056609 0.26466637317057956  0.038953933864841195 0.26549807581025958  0.079812913674541144 0.26696658061552475  0.12226668722177488 0.26865916187440386  0.16629029637943113 0.27057916905081697  0.2118468970546579 0.27272912014335815  0.25895593423291641 0.27511463515587209  0.30743492482483065 0.27772975753652196  0.35666262734075493 0.280534317686643  0.40678083621425737 0.28353370928664379  0.45768893724877752 0.28671839698540907  0.50955983062986687 0.29009727077178027  0.56037312782824045 0.29353137503729143  0.61033947198315142 0.29702523030086297  0.65936296372109204 0.30056372648149143  0.70754327642060011 0.30414511733396593  0.75409785463214762 0.30770480949473866  0.79904469483737861 0.31123566455091722  0.84227173583779869 0.31472040221386532  0.88393564920944401 0.31816398512359273  0.92421144608206163 0.32157490387358634  0.96299591319810585 0.32493834248819331  0.98783955552902347 0.32714328381955438  1 0.32823469375463582 
 0 4 0.010534352968045909 1 0.021068705936091819 1 0.031603058904137726 1 0.042137411872183637 1 0.052671764840229549 1 0.063206117808275453 1 0.073740470776321371 1 0.084274823744367275 1 0.094809176712413179 1 0.1053435296804591 1 0.115877882648505 1 0.12641223561655091 1 0.13694658858459682 1 0.14748094155264274 1 0.15801529452068863 1 0.16854964748873455 1 0.17908400045678047 1 0.18961835342482636 1 0.20015270639287228 1 0.21068705936091819 1 0.22122141232896408 1 0.23175576529701 4
7 0 0  3 25 23  3.6775005362620758 3.5241721061471436  3.6770400674917543 3.54294546696006  3.6761094705780675 3.5804292981215373  3.6746841979658722 3.6364413968472693  3.6732291511116015 3.6922148291603398  3.6717439255873914 3.7477247228691937  3.6702281116563897 3.80294630568577  3.6686812932609185 3.8578549218240084  3.6671030478453166 3.9124260318740771  3.6654929459509011 3.9666352172930979  3.6638505508675214 4.020458183799307  3.6621754182652446 4.0738707652063981  3.660467095826434 4.1268489272920936  3.6587251228725206 4.1793687718161028  3.6569490299867531 4.2314065406622694  3.6551383386321015 4.282938620121703  3.6532925607650761 4.3339415453063728  3.6514111984416613 4.3843920047524305  3.6494937434284322 4.434266845020912  3.6475396767687718 4.4835430760422899  3.6455484684898654 4.5321978744492082  3.6435195767562174 4.5802085952120954  3.6414524490593312 4.6275527531162428  3.6400484935381234 4.6586563294740388  3.639339954057998 4.6740896015447211 
 0 4 0.0024227024823773595 1 0.004845404964754719 1 0.007268107447132079 1 0.0096908099295094381 1 0.012113512411886797 1 0.014536214894264158 1 0.016958917376641517 1 0.019381619859018876 1 0.021804322341396235 1 0.024227024823773594 1 0.026649727306150953 1 0.029072429788528316 1 0.031495132270905675 1 0.033917834753283034 1 0.036340537235660393 1 0.038763239718037752 1 0.041185942200415111 1 0.04360864468279247 1 0.046031347165169829 1 0.048454049647547189 1 0.050876752129924548 1 0.053299454612301907 4
7 0 0  3 25 23  0 0.32823469375463582  0.0022489972832795803 0.32848607747562858  0.0067757929148514482 0.32898797348554421  0.013652728024342489 0.32973788711370916  0.020616734578534843 0.33048455426466467  0.027668172755841224 0.33122765884791106  0.034807423266966953 0.33196688477294717  0.042034890661127436 0.33270191594927401  0.049351003162899289 0.33343243628639013  0.056756213502663931 0.33415812969379627  0.064250999549616494 0.33487868008099136  0.071835865071610563 0.33559377135747559  0.079511340540313946 0.33630308743274884  0.087277984009186863 0.33700631221631056  0.095136382062455491 0.33770312961766047  0.10308715084220486 0.33839322354629864  0.11113093715453516 0.33907627791172462  0.11926841967133073 0.33975197662343826  0.12750031018721308 0.34042000359093899  0.13582735510227487 0.34108004272372722  0.14425033651208713 0.34173177793130188  0.15277007522926514 0.34237489312316338  0.16138742707551718 0.34300907220881138  0.16719801221044103 0.34342569013476737  0.17011987516532329 0.34363240438320974 
 0 4 0.0024227024823773595 1 0.004845404964754719 1 0.007268107447132079 1 0.0096908099295094381 1 0.012113512411886797 1 0.014536214894264158 1 0.016958917376641517 1 0.019381619859018876 1 0.021804322341396235 1 0.024227024823773594 1 0.026649727306150953 1 0.029072429788528316 1 0.031495132270905675 1 0.033917834753283034 1 0.036340537235660393 1 0.038763239718037752 1 0.041185942200415111 1 0.04360864468279247 1 0.046031347165169829 1 0.048454049647547189 1 0.050876752129924548 1 0.053299454612301907 4
1 6.2831853071795862 4.6740902972140947 -1 0 
1 8.92473704175144 -0.99999999999999489 -1 -3.1226931864006569e-15 
1 6.2831853071795862 -1.5861241666666821 -1 0 
1 3.1415926535897931 0 0 1 
1 3.1415926535897931 0 0 1 
1 0 0 0 -1 
1 6.2831853071795862 0 0 -1 
1 6.2831853071795862 -1.1635137298071641e-13 0 -1 
1 0 -1.1635137298071641e-13 0 -1 
1 6.2831853071795862 4.6740902972140912 -1 1.5741833942139622e-13 
1 6.2816025802054813 -1.000000000000008 -1 9.8386462138368772e-15 
7 0 0  3 25 23  6.2606166593206858 4.674095415976308  6.2551324906601726 4.6607954584227391  6.2441489448630811 4.6344128427878646  6.2276311327435989 4.5954284906900522  6.2110740391780803 4.5569731012618622  6.1944805962372271 4.518980051497496  6.1778535341819731 4.4813789793496577  6.1611953365160304 4.4440953803641863  6.1445082510916977 4.4070509772115676  6.1277942020476868 4.3701637399757978  6.1110550444670766 4.3333485915657342  6.0942915494760808 4.2965157802848584  6.0775078419034454 4.2595793049337187  6.0607037356949203 4.2224434308549581  6.0438783805183398 4.1850108456543111  6.0270306739491195 4.147183525907697  6.0101591398599643 4.1088628152218512  5.9932619499177315 4.069949720988963  5.9763369071538026 4.0303451585555274  5.9593814385235184 3.9899502212612146  5.9423925894943581 3.9486664349470351  5.9253670012452169 3.9063960857128066  5.9083009547566707 3.8630423093581268  5.8968937607424241 3.8333541715737272  5.891182018943975 3.8182977751419678 
 0.14756851479405322 4 0.15402491733483259 1 0.16048131987561193 1 0.16693772241639129 1 0.17339412495717063 1 0.17985052749795 1 0.18630693003872933 1 0.1927633325795087 1 0.19921973512028807 1 0.2056761376610674 1 0.21213254020184677 1 0.21858894274262614 1 0.22504534528340547 1 0.23150174782418481 1 0.2379581503649642 1 0.24441455290574354 1 0.25087095544652288 1 0.25732735798730222 1 0.26378376052808161 1 0.27024016306886095 1 0.27669656560964029 1 0.28315296815041968 1 0.28960937069119902 4
7 0 0  3 25 23  0.53566650171731633 0.34363319797186226  0.54337809776772572 0.34345529558308052  0.55871107471930526 0.34310243563208698  0.58145640907109086 0.34258101217488601  0.60396484971299447 0.34206648716084259  0.62625110353323299 0.34155789261881592  0.64832852252425588 0.34105426037340791  0.67020905112224138 0.34055462301126349  0.69190343446820057 0.34005801027510935  0.71342143156390736 0.33956346252130315  0.73477160227903515 0.33906998049559595  0.75596267535447415 0.33857671277253643  0.77699801443564387 0.33808214663792602  0.79788540466493096 0.33758488131008679  0.8186323893401074 0.33708362758882299  0.8392458148141444 0.33657706637577178  0.85973202599590715 0.33606388658375819  0.88009687880026721 0.33554277497901802  0.90034579449253649 0.33501241890296257  0.92048379582592577 0.33447150554288618  0.94051554547712324 0.3339187221273775  0.96044536909763489 0.33335275587396129  0.98027731677027707 0.3327722940031278  0.99343581785441415 0.33237478049075481  1 0.33217317020493381 
 0.14756851479405322 4 0.15402491733483259 1 0.16048131987561193 1 0.16693772241639129 1 0.17339412495717063 1 0.17985052749795 1 0.18630693003872933 1 0.1927633325795087 1 0.19921973512028807 1 0.2056761376610674 1 0.21213254020184677 1 0.21858894274262614 1 0.22504534528340547 1 0.23150174782418481 1 0.2379581503649642 1 0.24441455290574354 1 0.25087095544652288 1 0.25732735798730222 1 0.26378376052808161 1 0.27024016306886095 1 0.27669656560964029 1 0.28315296815041968 1 0.28960937069119902 4
7 0 0  3 25 23  5.891182018943975 3.8182977751419678  5.8840729759288752 3.7995575921185067  5.8697896345243938 3.7630277646374131  5.8481961874422641 3.7108384624533626  5.8264620102835387 3.6610235163344447  5.8046134998171963 3.613299015402204  5.7826759545340751 3.5673473816560377  5.7606732950243078 3.5228135439583239  5.7386278908291857 3.4793074762699949  5.7165605037410998 3.4364056533076215  5.6944897216266304 3.3936517325946824  5.6724333834466893 3.3505625352093307  5.6504026224559309 3.3066145815045922  5.6284235194157581 3.2613039364970393  5.6064557685936567 3.2139329441085565  5.5844359402146253 3.1636262880655224  5.5623986528213649 3.1097448903103619  5.5403487084636067 3.0515474783013334  5.5182947733750805 2.9882839007501962  5.4962401561050243 2.9191739526143143  5.474185123368227 2.8434171011582614  5.4521259403880782 2.7601936764016739  5.4300554131970902 2.6686698061369065  5.4153255343693747 2.6015541882560744  5.4079546625867589 2.5663306603739406 
 0 4 0.0154624810708565 1 0.030924962141712999 1 0.046387443212569497 1 0.061849924283425999 1 0.077312405354282493 1 0.092774886425138994 1 0.1082373674959955 1 0.123699848566852 1 0.1391623296377085 1 0.15462481070856499 1 0.1700872917794215 1 0.18554977285027799 1 0.2010122539211345 1 0.21647473499199099 1 0.23193721606284751 1 0.24739969713370399 1 0.26286217820456048 1 0.278324659275417 1 0.29378714034627351 1 0.30924962141712997 1 0.32471210248798649 1 0.340174583558843 4
7 0 0  3 25 23  0 0.33217317020493381  0.012254448472018111 0.33192227391887968  0.037030922105974404 0.33143493077771147  0.074990203311591244 0.33074187617355799  0.11373576001845599 0.33008139348455434  0.15325977275738298 0.32944809454355145  0.19355472502726689 0.32883659108942664  0.2346134186200324 0.32824149521165241  0.27642900888435334 0.32765741769129347  0.31899475395723159 0.32707897419245108  0.36230486250158378 0.32650076215549034  0.40635119860159125 0.32591744703267889  0.45113541380119843 0.32532344045241685  0.49662345520112472 0.32471410132666512  0.54291507021498453 0.32408125325701581  0.59016494493806304 0.32340992605769481  0.63831678790532298 0.3226908116649303  0.6873700621440415 0.32191310779307797  0.73730926140000708 0.32106641253204121  0.78812279129920748 0.32014021669140674  0.83979785772935889 0.31912403982648463  0.8923218126090916 0.31800739379000237  0.94568180514605726 0.31677979249929672  0.98180390371618131 0.31588043037699826  1 0.31540876125377493 
 0 4 0.0154624810708565 1 0.030924962141712999 1 0.046387443212569497 1 0.061849924283425999 1 0.077312405354282493 1 0.092774886425138994 1 0.1082373674959955 1 0.123699848566852 1 0.1391623296377085 1 0.15462481070856499 1 0.1700872917794215 1 0.18554977285027799 1 0.2010122539211345 1 0.21647473499199099 1 0.23193721606284751 1 0.24739969713370399 1 0.26286217820456048 1 0.278324659275417 1 0.29378714034627351 1 0.30924962141712997 1 0.32471210248798649 1 0.340174583558843 4
7 0 0  3 25 23  5.4079546625867598 2.566330660373942  5.3951704349115008 2.3729098278952376  5.3694235757914832 2.0044643659675252  5.3302884549878344 1.5030677624296256  5.2906580700856676 1.0488127589461678  5.2505548281693049 0.63831475969128315  5.210002984435504 0.26858250592236649  5.1690288708981846 -0.062966069335048183  5.1276607731102244 -0.3585729612221924  5.0859288751646066 -0.62017532289320287  5.043865159943361 -0.84944060950241662  5.0015032949587575 -1.0477941220247269  4.9588784962301817 -1.2164421868722404  4.9160273733313575 -1.3563910731014799  4.8729877564255322 -1.4684623877075107  4.8297985072344805 -1.5533053510498516  4.7864993161617191 -1.611406325883171  4.7431304878644962 -1.6430958140929934  4.6997327190436744 -1.6485532877456799  4.6563468679587583 -1.6278093292706037  4.6130137320557374 -1.5807475803136228  4.5697737876866302 -1.5070974350948028  4.5266670790126984 -1.4064513051910936  4.4980440749989317 -1.3209370657264339  4.4837678192226669 -1.2734814220669373 
 0.086538496042323998 4 0.11430455060116509 1 0.14207060516000619 1 0.16983665971884732 1 0.19760271427768841 1 0.22536876883652951 1 0.25313482339537063 1 0.2809008779542117 1 0.30866693251305283 1 0.33643298707189395 1 0.36419904163073502 1 0.39196509618957615 1 0.41973115074841727 1 0.44749720530725834 1 0.47526325986609946 1 0.50302931442494048 1 0.53079536898378166 1 0.55856142354262284 1 0.58632747810146379 1 0.61409353266030497 1 0.64185958721914604 1 0.66962564177798722 1 0.69739169633682829 4
7 0 0  3 25 23  4.4837678192226669 -1.2734814220669324  4.481410513660391 -1.2776978116158886  4.4766447477137206 -1.2871533755338431  4.4694290157797019 -1.3050007415818989  4.4622325806355239 -1.3270973322555142  4.4551418278547423 -1.3540649664070883  4.4482389898077521 -1.3865829816780013  4.4416202865256098 -1.4252518859893013  4.4352939932820661 -1.4713192863202778  4.4293718323427633 -1.5255295800236643  4.4239104655481789 -1.5893303173753117  4.4191605830623697 -1.6616551570371634  4.4152447913274511 -1.7406565850367448  4.4121042029026185 -1.8276122379711466  4.4098365304036768 -1.9190208796281822  4.4083759770856652 -2.0131225922642129  4.4076364731407427 -2.1084203966401605  4.4075231894637179 -2.2062506188320699  4.4080070984917885 -2.3080431236106316  4.4090690253340616 -2.4129693063933764  4.4106873475935577 -2.5207919553124305  4.4128410114884176 -2.6311038733640544  4.4155085418380349 -2.7435346292899316  4.4176146794069613 -2.8196419368201893  4.4187460298440513 -2.8579200527887987 
 0 4 0.0037742078695281542 1 0.0075484157390563085 1 0.011322623608584463 1 0.015096831478112617 1 0.01887103934764077 1 0.022645247217168925 1 0.026419455086697081 1 0.030193662956225234 1 0.033967870825753387 1 0.037742078695281539 1 0.041516286564809698 1 0.045290494434337851 1 0.049064702303866004 1 0.052838910173394163 1 0.056613118042922315 1 0.060387325912450468 1 0.064161533781978627 1 0.067935741651506773 1 0.071709949521034932 1 0.075484157390563078 1 0.079258365260091238 1 0.083032573129619397 4
7 0 0  3 25 23  0 0.26399193146142408  0.011455623538742606 0.26393550822548112  0.035162371426435635 0.26380919544223858  0.073014577745136783 0.26357085165706473  0.11306684753945255 0.26327512025770344  0.15521877053613417 0.26291361888701231  0.19939611140962624 0.26247747992855192  0.24540442175182164 0.26195964615632961  0.29372057522105943 0.26134292919293223  0.34413821075134882 0.26061695920531686  0.39700313101960705 0.25976257022026655  0.45066829720746915 0.25879404447732834  0.50370419684472789 0.25773619157396871  0.55691933523252191 0.25657190265662194  0.60829230750552954 0.25534774277712313  0.65733546692790401 0.25408771229032784  0.70378279691393575 0.25281178445293145  0.74868936658167284 0.25150154908191641  0.79288436623591851 0.25013816334808314  0.83614075793730624 0.24873296735694059  0.87851282633942751 0.24728921370669554  0.9199771374010236 0.24581232209005324  0.9605289233092793 0.24430713132902812  0.98694686851629487 0.24328813486560782  1 0.24277557773286626 
 0 4 0.0037742078695281542 1 0.0075484157390563085 1 0.011322623608584463 1 0.015096831478112617 1 0.01887103934764077 1 0.022645247217168925 1 0.026419455086697081 1 0.030193662956225234 1 0.033967870825753387 1 0.037742078695281539 1 0.041516286564809698 1 0.045290494434337851 1 0.049064702303866004 1 0.052838910173394163 1 0.056613118042922315 1 0.060387325912450468 1 0.064161533781978627 1 0.067935741651506773 1 0.071709949521034932 1 0.075484157390563078 1 0.079258365260091238 1 0.083032573129619397 4
7 0 0  3 25 23  4.4187460298440513 -2.8579200527887987  4.4198038273914868 -2.8937215959513352  4.4218656739218858 -2.9643840939049109  4.4247909989972083 -3.0675946410649053  4.4275426601231986 -3.1680608903500258  4.4301145087784404 -3.26582056572594  4.4325004560164878 -3.3609105240126476  4.4346944887306545 -3.4533665482600675  4.4366906787634734 -3.5432233860552707  4.4384831935948892 -3.630514327702302  4.4400663082023373 -3.7152723838276658  4.4414344109763277 -3.7975255309434277  4.4425820325668113 -3.8773140929932883  4.4435037892903679 -3.9546255199747673  4.4441946457277162 -4.0296374529812029  4.4446489863969818 -4.1018102589507812  4.444871536961343 -4.1748867397334219  4.4448179595097503 -4.2483394547634941  4.4444480852263126 -4.3218095011363147  4.4437193419863483 -4.3948887610657028  4.4425882872632796 -4.4671773995628863  4.441011612711506 -4.5382637397754966  4.4389413801501556 -4.6077383249650481  4.437222343843553 -4.6523461241261801  4.4362740649974768 -4.6740901480939874 
 0 4 0.0044842728644101243 1 0.0089685457288202486 1 0.013452818593230373 1 0.017937091457640497 1 0.022421364322050621 1 0.026905637186460746 1 0.03138991005087087 1 0.035874182915280994 1 0.040358455779691119 1 0.044842728644101243 1 0.049327001508511367 1 0.053811274372921492 1 0.058295547237331616 1 0.06277982010174174 1 0.067264092966151864 1 0.071748365830561989 1 0.076232638694972113 1 0.080716911559382237 1 0.085201184423792362 1 0.089685457288202486 1 0.09416973015261261 1 0.098654003017022734 4
7 0 0  3 25 23  0 0.24277557773286626  0.0081406184314007975 0.24229617788658617  0.024424529954259779 0.2413498978789228  0.048858622298657013 0.23996759809709367  0.07330113137403807 0.23862197971468169  0.097752281782993555 0.23731260391972475  0.12221232649229095 0.23603903183233682  0.14668154511046735 0.234800824826041  0.17116027952670532 0.23359754332864721  0.1956488183780947 0.23242875129740975  0.22014784866715217 0.23129399951751803  0.24465678763924137 0.23019288793297615  0.26918002083816389 0.22912483302459608  0.29370362463207755 0.22808993596714169  0.31828222712723386 0.22708574262276293  0.34271480400936544 0.22611933541011381  0.36831028486811312 0.2251406555871199  0.39500995180616477 0.22415692140591864  0.42279677451875031 0.2231730299309633  0.45164028077009494 0.2221945043962332  0.48151112320910922 0.2212266845452906  0.51237140019468752 0.22027501791383705  0.54419386434034778 0.21934470435943682  0.56583614028013063 0.2187473046502636  0.57672456316894583 0.21845608580085685 
 0 4 0.0044842728644101243 1 0.0089685457288202486 1 0.013452818593230373 1 0.017937091457640497 1 0.022421364322050621 1 0.026905637186460746 1 0.03138991005087087 1 0.035874182915280994 1 0.040358455779691119 1 0.044842728644101243 1 0.049327001508511367 1 0.053811274372921492 1 0.058295547237331616 1 0.06277982010174174 1 0.067264092966151864 1 0.071748365830561989 1 0.076232638694972113 1 0.080716911559382237 1 0.085201184423792362 1 0.089685457288202486 1 0.09416973015261261 1 0.098654003017022734 4
1 6.2831853071795862 -4.6740902972141241 -1 0 
1 6.2831853071795862 3.7757502774112182e-14 -1 -5.9486184676854571e-16 
1 6.2831853071795862 -5.2869896089823367 -1 0 
1 3.1415926535897931 2.3092638912203256e-14 0 1 
1 3.1415926535897931 2.3092638912203256e-14 0 1 
7 0 0  3 25 23  2.7947479943281528 4.4539566791298606  2.800120274999649 4.4688440484860923  2.8108436057767539 4.4982066984799163  2.8268708161973448 4.5410663589473526  2.842846256524973 4.5827922535968293  2.85877555846346 4.6234398413791533  2.8746641053218629 4.6630675441667755  2.8905169988021457 4.7017370209349387  2.9063390707456676 4.7395128539039666  2.9221348828488711 4.7764623990389632  2.93790872855952 4.8126555972697211  2.9536646373075799 4.8481648051757649  2.9694063662820307 4.8830646105803837  2.9851374388197036 4.9174317095180715  3.0008610080198115 4.9513445704637604  3.0165803721740589 4.984883903202582  3.0322970571692474 5.0181301345470954  3.0480179787919526 5.0511720625203118  3.0637287182227175 5.0840737983700999  3.0793773643568758 5.1168368600638896  3.0949844026395255 5.149560630618609  3.1105521890462748 5.1823279785350298  3.126087541916021 5.215232794176301  3.1364261931642008 5.2373272676333773  3.1415918828928873 5.2484302942817749 
 0 4 0.011797983205650026 1 0.023595966411300053 1 0.035393949616950082 1 0.047191932822600105 1 0.058989916028250128 1 0.070787899233900164 1 0.082585882439550187 1 0.09438386564520021 1 0.10618184885085023 1 0.11797983205650026 1 0.12977781526215029 1 0.14157579846780033 1 0.15337378167345034 1 0.16517176487910037 1 0.17696974808475038 1 0.18876773129040042 1 0.20056571449605046 1 0.21236369770170047 1 0.2241616809073505 1 0.23595966411300051 1 0.24775764731865055 1 0.25955563052430058 4
7 0 0  3 25 23  1 0.36517102067195484  0.99037210505591533 0.36537026530654915  0.97105413315349065 0.36576299176719279  0.94188149689794798 0.3663357332148327  0.9125042850649675 0.36689306660144971  0.88291277733639106 0.36743593210936809  0.85309664642335614 0.36796526992083678  0.8230448237355642 0.368482020218381  0.79274544867928176 0.36898712318349786  0.76218578295665418 0.36948151900152088  0.73135212184966258 0.36996614784346504  0.70022968319507395 0.3704419499337831  0.66880250728015689 0.37090986529749842  0.63705323961019777 0.37137083470390753  0.60496325800130002 0.37182579614464972  0.5725114048190737 0.37227569797771864  0.53967779325120147 0.37272144987334588  0.50642851850874848 0.37316410588645815  0.47277144054824943 0.37360418122096412  0.43879551536378025 0.37404168944585486  0.40443308682599921 0.37447843348410731  0.36965029685548639 0.37491577752458954  0.33439964519698934 0.37535520335500344  0.31055287933483677 0.37565050851955234  0.29853450455406122 0.37579899294998514 
 0 4 0.011797983205650026 1 0.023595966411300053 1 0.035393949616950082 1 0.047191932822600105 1 0.058989916028250128 1 0.070787899233900164 1 0.082585882439550187 1 0.09438386564520021 1 0.10618184885085023 1 0.11797983205650026 1 0.12977781526215029 1 0.14157579846780033 1 0.15337378167345034 1 0.16517176487910037 1 0.17696974808475038 1 0.18876773129040042 1 0.20056571449605046 1 0.21236369770170047 1 0.2241616809073505 1 0.23595966411300051 1 0.24775764731865055 1 0.25955563052430058 4
7 0 0  3 25 23  2.2993019151357181 3.6175824700561132  2.3069457763537931 3.6307983433252495  2.3222134055558192 3.6563363980984001  2.3450631800111235 3.6923235710180728  2.3678706427689771 3.7263511897669646  2.3906425359449113 3.7587824478655092  2.413383944633428 3.7899801751381696  2.4360980874522782 3.8203054929324138  2.4587864545731866 3.8501161324794966  2.4814487278140014 3.8797644689449018  2.5040832357846234 3.909597251223178  2.5266855038293663 3.9399490614167085  2.5492539125028539 3.9711594047626977  2.5718124720512976 4.0036070739776379  2.5943496675499831 4.0375649540219412  2.6168602323549512 4.0733177536737477  2.6393356250186613 4.1111332194019408  2.6617666629763628 4.1512683328743227  2.6841429072922152 4.1939662221050078  2.7064529241925448 4.2394555914977134  2.7286843255314817 4.2879497670309874  2.7508238522043649 4.3396452140404431  2.7728575396134576 4.3947230483292392  2.7874662072653451 4.433800779315435  2.7947479943281528 4.453956679129857 
 0 4 0.015965714885634499 1 0.031931429771268997 1 0.047897144656903493 1 0.063862859542537995 1 0.079828574428172497 1 0.095794289313806985 1 0.11176000419944149 1 0.12772571908507599 1 0.14369143397071049 1 0.15965714885634499 1 0.1756228637419795 1 0.19158857862761397 1 0.20755429351324847 1 0.22352000839888297 1 0.23948572328451748 1 0.25545143817015198 1 0.27141715305578645 1 0.28738286794142098 1 0.30334858282705546 1 0.31931429771268999 1 0.33528001259832446 1 0.35124572748395899 4
7 0 0  3 25 23  1 0.35397720129933075  0.9828385150551997 0.3541540756940188  0.94869266703477484 0.35449595097701236  0.89801009321403857 0.35497789059632368  0.84786855549809592 0.35543370414224484  0.79827287325802376 0.35586813878420015  0.74922784918004748 0.35628594192324708  0.70073828706864227 0.35669186009627213  0.65280893743105795 0.35709064306521937  0.6054447297954122 0.35748702855596937  0.55864994082136166 0.35788579921359664  0.51243134001268542 0.35829157004247081  0.46678649413740686 0.35870958169058159  0.42165951537589741 0.35914583762398611  0.37706459969409023 0.35960279269835543  0.33300051007733916 0.36008370277469554  0.28947026377141544 0.36059160908527765  0.24647587987772207 0.36112961037197111  0.20401980462969843 0.36170078996699367  0.16210454379383113 0.36230823533156764  0.12073277035078156 0.36295503282055053  0.079907308434132365 0.36364426908525471  0.039631124233131795 0.36437903069753336  0.013148643097282479 0.36490127973293091  0 0.36517102067195484 
 0 4 0.015965714885634499 1 0.031931429771268997 1 0.047897144656903493 1 0.063862859542537995 1 0.079828574428172497 1 0.095794289313806985 1 0.11176000419944149 1 0.12772571908507599 1 0.14369143397071049 1 0.15965714885634499 1 0.1756228637419795 1 0.19158857862761397 1 0.20755429351324847 1 0.22352000839888297 1 0.23948572328451748 1 0.25545143817015198 1 0.27141715305578645 1 0.28738286794142098 1 0.30334858282705546 1 0.31931429771268999 1 0.33528001259832446 1 0.35124572748395899 4
7 0 0  3 25 23  1.3754841048013444 -0.86188493094048135  1.3898682214112126 -0.9023775141261996  1.418697509372209 -0.97405877034133304  1.4620842720574354 -1.0541162684487835  1.5055737775647395 -1.1072191510367122  1.5491250785180788 -1.1336586962535971  1.5926969519426988 -1.1335891316174924  1.6362480377245674 -1.1070091378698419  1.6797370994032048 -1.0537673766545546  1.7231232509516325 -0.97355884182671559  1.7663661872451757 -0.86592087237453719  1.8094264040687895 -0.73022632495772322  1.8522654076520275 -0.5656743612910331  1.8948459102761845 -0.37127842087549118  1.9371320098281861 -0.14585108604409913  1.9790893513526886 0.11201463086301984  2.020685268949638 0.40396808924399163  2.0618889075294766 0.73192882430568817  2.1026713216083412 1.0981195319178352  2.1430055591159403 1.5051080933251866  2.182866699919753 1.9558499558805109  2.2222319634692873 2.4537705217530861  2.2610804616364519 3.0027487751611583  2.2866229428008902 3.4059374751083795  2.299301915135719 3.6175824700560897 
 0.43036038578654584 4 0.4583985249931497 1 0.48643666419975362 1 0.51447480340635754 1 0.54251294261296135 1 0.57055108181956526 1 0.59858922102616918 1 0.62662736023277299 1 0.65466549943937691 1 0.68270363864598083 1 0.71074177785258463 1 0.73877991705918866 1 0.76681805626579247 1 0.79485619547239639 1 0.82289433467900031 1 0.85093247388560411 1 0.87897061309220803 1 0.90700875229881195 1 0.93504689150541576 1 0.96308503071201979 1 0.99112316991862359 1 1.0191613091252274 1 1.0471994483318314 4
7 0 0  3 47 45  1.328432501026569 -2.6713455715205452  1.3276377039754645 -2.6553267161202161  1.3260552243802013 -2.6228715755505068  1.3237153134744468 -2.5730486012342482  1.3214217946704858 -2.5221969037988017  1.31918683631375 -2.4704297228470069  1.3170223347082448 -2.4178613139887792  1.3149398794343397 -2.3646070303581714  1.3129507684268917 -2.3107831215124262  1.311066016374606 -2.2565068119019855  1.3092963536822977 -2.2018954626591078  1.3076522826039656 -2.1470690442678815  1.3061439259995262 -2.092140210424152  1.304781659422847 -2.0372505881083596  1.3035738273941884 -1.9824345367580365  1.3025353488914564 -1.9281267526870765  1.3016522602206715 -1.8730770034538085  1.3009439682100596 -1.8172424448561788  1.3004351235415583 -1.7609636416754137  1.300148321338165 -1.7044797130859624  1.3001062625854205 -1.6480481106847507  1.300330676818523 -1.5919467462746724  1.3008447838473585 -1.5363417310876188  1.3016641694359785 -1.4818618924355629  1.3028019872266718 -1.4287471839925769  1.3042741956308486 -1.3771218621867225  1.30609385017404 -1.3271510547031473  1.3082831092343117 -1.278920748416839  1.3107577949990219 -1.2342164766785375  1.3135116541443168 -1.1926129831539687  1.3165242967710244 -1.1540739938005808  1.3197924126170488 -1.1183400243541668  1.3232460969005697 -1.0858044076082272  1.3268517720022135 -1.056284464382417  1.33058135215285 -1.0295741971943968  1.3344078601778713 -1.005467348797674  1.3382954835286907 -0.98381025828811042  1.3422433250093568 -0.96426983257876497  1.3462884843874969 -0.94643678365744588  1.3503988799967195 -0.93026783542995228  1.3545604139194947 -0.91562903995429501  1.3587541550327364 -0.90241543468771424  1.3629624290778586 -0.89051909610753988  1.367167163736656 -0.87983791979308956  1.3713503244150125 -0.87027285837975121  1.3741126071761511 -0.86457785813068322  1.3754841048013444 -0.86188493094048435 
 0 4 0.0021869580697839296 1 0.0043739161395678593 1 0.0065608742093517889 1 0.0087478322791357185 1 0.010934790348919648 1 0.013121748418703578 1 0.015308706488487507 1 0.017495664558271437 1 0.019682622628055368 1 0.021869580697839296 1 0.024056538767623224 1 0.026243496837407156 1 0.028430454907191087 1 0.030617412976975015 1 0.032804371046758943 1 0.034991329116542874 1 0.037178287186326806 1 0.039365245256110737 1 0.041552203325894661 1 0.043739161395678593 1 0.045926119465462524 1 0.048113077535246448 1 0.05030003560503038 1 0.052486993674814311 1 0.054673951744598243 1 0.056860909814382174 1 0.059047867884166098 1 0.06123482595395003 1 0.063421784023733954 1 0.065608742093517886 1 0.067795700163301817 1 0.069982658233085748 1 0.07216961630286968 1 0.074356574372653611 1 0.076543532442437542 1 0.078730490512221474 1 0.080917448582005391 1 0.083104406651789323 1 0.085291364721573254 1 0.087478322791357185 1 0.089665280861141117 1 0.091852238930925048 1 0.094039197000708979 1 0.096226155070492897 4
7 0 0  3 47 45  1 0.26980779030947932  0.99512188913983624 0.27002218400937411  0.98518127849141213 0.27045661179458802  0.96972780657661706 0.27112361225826032  0.95374250410735717 0.27180440914027404  0.93723569556186437 0.27249744006293031  0.9202175153256168 0.2732011426863809  0.9026979350827159 0.27391395452955963  0.88468682308089652 0.27463431363842461  0.86619409056745444 0.27536065609205312  0.84722949470150399 0.27609142531001996  0.82780376876096573 0.27682503731679348  0.80792482546326638 0.27756001037676897  0.78761236871880691 0.27829448118973926  0.76684380084739689 0.27902801047398257  0.74575649128649879 0.27975484443843718  0.72381825107863351 0.28049158430536636  0.70093151105784834 0.28123880252604716  0.67715319234919868 0.28199198295518357  0.65249951790121696 0.28274794657374824  0.62699404810528336 0.28350325445421476  0.60067309424770576 0.28425417017678212  0.57351783802452005 0.28499840719924796  0.54574678229766227 0.28572748289621436  0.5174133194137126 0.28643831456655666  0.48851039968616183 0.28712927830063717  0.45906280865695881 0.28779815073024001  0.42902852520289325 0.2884436475299762  0.39953715319284899 0.289041950331414  0.37042767930501364 0.28959876077050123  0.34177030808657888 0.29011456833310184  0.31347276687486963 0.29059281090755174  0.28598560189496575 0.29102835029510826  0.2593627981455236 0.29142350964812469  0.2336259965736163 0.29178098537499647  0.20879065391995846 0.29210354715035802  0.18492607593329247 0.29239329832784566  0.16189094218486449 0.2926549342788447  0.13937510143019105 0.29289390396389708  0.11748378231380678 0.29311058906273074  0.096213163619140382 0.29330668845254504  0.07558770810299123 0.29348354806849664  0.05562362684297309 0.29364260841644518  0.03633896146558873 0.29378528466148018  0.017751122687619629 0.29391299876106447  0.0058356670499388769 0.29398911348298418  0 0.29402515061636597 
 0 4 0.0021869580697839296 1 0.0043739161395678593 1 0.0065608742093517889 1 0.0087478322791357185 1 0.010934790348919648 1 0.013121748418703578 1 0.015308706488487507 1 0.017495664558271437 1 0.019682622628055368 1 0.021869580697839296 1 0.024056538767623224 1 0.026243496837407156 1 0.028430454907191087 1 0.030617412976975015 1 0.032804371046758943 1 0.034991329116542874 1 0.037178287186326806 1 0.039365245256110737 1 0.041552203325894661 1 0.043739161395678593 1 0.045926119465462524 1 0.048113077535246448 1 0.05030003560503038 1 0.052486993674814311 1 0.054673951744598243 1 0.056860909814382174 1 0.059047867884166098 1 0.06123482595395003 1 0.063421784023733954 1 0.065608742093517886 1 0.067795700163301817 1 0.069982658233085748 1 0.07216961630286968 1 0.074356574372653611 1 0.076543532442437542 1 0.078730490512221474 1 0.080917448582005391 1 0.083104406651789323 1 0.085291364721573254 1 0.087478322791357185 1 0.089665280861141117 1 0.091852238930925048 1 0.094039197000708979 1 0.096226155070492897 4
7 0 0  3 47 45  1.2156065786261963 -4.4171351141898381  1.2172231003729712 -4.4333404203061999  1.2206558849407951 -4.4635706836355808  1.2263205177952188 -4.502425882000618  1.2324197101953158 -4.5348439013243347  1.2388625180131565 -4.5608701729208772  1.2455521920776458 -4.5805875292538873  1.2524210593176501 -4.5941993850232814  1.2593952698636623 -4.6018975638402084  1.2663974539947194 -4.6039104792948775  1.2734128751386724 -4.6004497552094863  1.2803880153555762 -4.5916363769859618  1.2872752863293744 -4.5776234117035628  1.294027198063108 -4.5585664962703119  1.3005950270272557 -4.5346445098274586  1.3069422805393218 -4.5059992659853378  1.3130361577414911 -4.4727559022986165  1.3188417208335983 -4.4350612314051849  1.3243263712515378 -4.3930607215241153  1.3294589020824623 -4.3469132949702445  1.3342092733960951 -4.296749053862805  1.3385029031170286 -4.2434055996766133  1.3423451894102156 -4.1869759667350923  1.345729658230441 -4.1276467164869972  1.3486518925325566 -4.0656561658608403  1.3511171453176156 -4.0009136938175098  1.3530890849023447 -3.9347566323009913  1.3545870941505196 -3.8675826496758634  1.3556365665004046 -3.7995101101898965  1.3562608632164728 -3.7307174948869903  1.3564837367543094 -3.6613812143606803  1.356327243817393 -3.5915900984070079  1.3558190043438254 -3.5220339737551751  1.3549881908362891 -3.4527941725069469  1.3538624139707127 -3.3839936351615569  1.3524689334130557 -3.315748205808231  1.3508334373020312 -3.2481496766508084  1.3489837498699124 -3.1813865944650872  1.3469361720074171 -3.1152778975015196  1.3447036772720331 -3.0496831176951771  1.3423061143038735 -2.9847140031343229  1.3397608610744538 -2.9204154744495985  1.3370853501885323 -2.8568514543197159  1.334296397372901 -2.7940822328584431  1.3314104499676849 -2.7321706066541571  1.3294323871032698 -2.6915109942226145  1.328432501026569 -2.6713455715205452 
 0 4 0.0027094154606116137 1 0.0054188309212232274 1 0.0081282463818348402 1 0.010837661842446455 1 0.013547077303058069 1 0.01625649276366968 1 0.018965908224281295 1 0.02167532368489291 1 0.024384739145504524 1 0.027094154606116139 1 0.02980357006672775 1 0.032512985527339361 1 0.035222400987950979 1 0.03793181644856259 1 0.040641231909174208 1 0.043350647369785819 1 0.04606006283039743 1 0.048769478291009048 1 0.051478893751620659 1 0.054188309212232277 1 0.056897724672843888 1 0.0596071401334555 1 0.062316555594067118 1 0.065025971054678722 1 0.067735386515290347 1 0.070444801975901958 1 0.073154217436513569 1 0.07586363289712518 1 0.078573048357736791 1 0.081282463818348416 1 0.083991879278960027 1 0.086701294739571638 1 0.089410710200183249 1 0.09212012566079486 1 0.094829541121406485 1 0.097538956582018096 1 0.10024837204262971 1 0.10295778750324132 1 0.10566720296385293 1 0.10837661842446455 1 0.11108603388507617 1 0.11379544934568778 1 0.11650486480629939 1 0.119214280266911 4
7 0 0  3 47 45  1 0.24644258775870115  0.98958256925012655 0.24622571131351689  0.9688556191215506 0.24582113835869723  0.93810698526964242 0.24530113739728565  0.90770352102493557 0.24486718296953391  0.87769998101786073 0.24451892024293914  0.84817622992715447 0.24425517628690205  0.81909330081536214 0.24407297147651322  0.79046022138099559 0.2439697642182829  0.7623170072622476 0.24394284745476563  0.7344765961565477 0.24398939081778753  0.7069267629634689 0.24410745304988929  0.67964395846146819 0.24429492640571951  0.65261858345366774 0.24454976615157259  0.62586043252030588 0.24486984199505296  0.59934225388286866 0.24525333029459845  0.57303183614821473 0.24569832447270004  0.54691830272769226 0.24620282211434991  0.52099249474628118 0.24676487515030793  0.49525343033967562 0.24738241396576538  0.46969757893344449 0.24805380078241604  0.44462671523731151 0.24876763821112652  0.41995078346697301 0.24952283157405644  0.39564802467954163 0.25031691015610463  0.37171726533672483 0.25114666529249186  0.34805331994330641 0.25201321615440869  0.32505459343939563 0.25289849826166155  0.30274355926836277 0.25379741435250663  0.28106225523821732 0.2547084680876871  0.25998403088053484 0.25562927232788785  0.23948926459505115 0.25655740221153828  0.21954190553756409 0.25749147456615412  0.20027708928681914 0.25842234577668549  0.18165472419164333 0.25934900268325178  0.16365459519796693 0.26026981281100187  0.14625878733599271 0.26118322034041547  0.12944795244479806 0.26208798214562018  0.11322894015721714 0.26298152767081784  0.097522809264728463 0.26386633677577792  0.082268570617866618 0.26474430640267455  0.06746749027247094 0.2656138930215981  0.053106569738459855 0.26647447497447257  0.039178697712704977 0.26732518358797147  0.025676987586329796 0.26816521637793655  0.012595942540253861 0.26899375311878465  0.0041528831797116817 0.26953790328057392  0 0.26980779030947932 
 0 4 0.0027094154606116137 1 0.0054188309212232274 1 0.0081282463818348402 1 0.010837661842446455 1 0.013547077303058069 1 0.01625649276366968 1 0.018965908224281295 1 0.02167532368489291 1 0.024384739145504524 1 0.027094154606116139 1 0.02980357006672775 1 0.032512985527339361 1 0.035222400987950979 1 0.03793181644856259 1 0.040641231909174208 1 0.043350647369785819 1 0.04606006283039743 1 0.048769478291009048 1 0.051478893751620659 1 0.054188309212232277 1 0.056897724672843888 1 0.0596071401334555 1 0.062316555594067118 1 0.065025971054678722 1 0.067735386515290347 1 0.070444801975901958 1 0.073154217436513569 1 0.07586363289712518 1 0.078573048357736791 1 0.081282463818348416 1 0.083991879278960027 1 0.086701294739571638 1 0.089410710200183249 1 0.09212012566079486 1 0.094829541121406485 1 0.097538956582018096 1 0.10024837204262971 1 0.10295778750324132 1 0.10566720296385293 1 0.10837661842446455 1 0.11108603388507617 1 0.11379544934568778 1 0.11650486480629939 1 0.119214280266911 4
7 0 0  3 25 23  1.0198035096047944 -1.7132668938632669  1.0271334057501715 -1.7459036299575623  1.0410041559875012 -1.8117920825818645  1.0596074360742225 -1.9133663352479902  1.0761718931062692 -2.0187103063594751  1.0908624546656498 -2.1283918476059793  1.1038527729317644 -2.2428055975954826  1.115276841009023 -2.3617890312057113  1.1252882195757559 -2.485267839638492  1.1340426460579052 -2.6129874923470973  1.1417050951675281 -2.7446644978743162  1.1484068654082535 -2.8794143540435195  1.1542992223707349 -3.0164657126854846  1.1595420559727148 -3.1550376836813232  1.1642990513134159 -3.2942683581301431  1.1687413560316802 -3.4332847099648496  1.1730471341915076 -3.5712771873548443  1.1773959882780018 -3.7072091941088368  1.1819759967262182 -3.8400552527051919  1.1869819399656298 -3.968743135155278  1.1926151710941921 -4.092163523051914  1.1990823929011203 -4.2091529386957571  1.2065941617013671 -4.3184936129700491  1.2124394006986814 -4.3853976003022517  1.2156065786261963 -4.4171351141898381 
 0 4 0.011558547226861227 1 0.023117094453722453 1 0.03467564168058368 1 0.046234188907444906 1 0.057792736134306133 1 0.06935128336116736 1 0.080909830588028586 1 0.092468377814889813 1 0.10402692504175104 1 0.11558547226861227 1 0.12714401949547349 1 0.13870256672233472 1 0.15026111394919595 1 0.16181966117605717 1 0.1733782084029184 1 0.18493675562977963 1 0.19649530285664085 1 0.20805385008350208 1 0.21961239731036331 1 0.23117094453722453 1 0.24272949176408576 1 0.25428803899094699 4
7 0 0  3 25 23  1 0.28263047128900903  0.98471062647145435 0.28219327786984866  0.95417096868715856 0.28130958450285792  0.90846307423000572 0.27994699446173243  0.86284424831559914 0.27853798853888384  0.81729093553846544 0.27707402504581702  0.77174123476567114 0.27554350097013924  0.72625921826186024 0.27394950128883938  0.68081944096549862 0.27229674478892191  0.63538263945553886 0.2705885574725706  0.58986586074479552 0.26882666668380029  0.54437056775127801 0.26702233250497792  0.49891441231038181 0.26518779245477125  0.45349193851603781 0.26333355840534656  0.40810548020340415 0.26147094872714144  0.36274932582318364 0.25960978144400998  0.31738496014126438 0.25775951659051116  0.27202298369959971 0.25593663264491529  0.22666288093392831 0.25415600416434214  0.18130747180174178 0.2524329354753429  0.13595951839233464 0.25078261574789285  0.090622711065637421 0.24922026500883993  0.045301204566611047 0.24776109501411753  0.015098235737752418 0.24686724483566849  0 0.24644258775870115 
 0 4 0.011558547226861227 1 0.023117094453722453 1 0.03467564168058368 1 0.046234188907444906 1 0.057792736134306133 1 0.06935128336116736 1 0.080909830588028586 1 0.092468377814889813 1 0.10402692504175104 1 0.11558547226861227 1 0.12714401949547349 1 0.13870256672233472 1 0.15026111394919595 1 0.16181966117605717 1 0.1733782084029184 1 0.18493675562977963 1 0.19649530285664085 1 0.20805385008350208 1 0.21961239731036331 1 0.23117094453722453 1 0.24272949176408576 1 0.25428803899094699 4
7 0 0  3 25 23  0.65461609985026237 -3.2190025729093805  0.65959292028030359 -3.1802045485177373  0.66963862279133102 -3.0999653333105375  0.68493749717567065 -2.9733827279414418  0.70041672657899323 -2.8422749500800863  0.71604069982571061 -2.7083654830584107  0.73178306074135824 -2.5733900736145765  0.7476277438998935 -2.4390956809675517  0.76356831569716543 -2.3072357103568706  0.77960758204754388 -2.1795670486071588  0.79575774612706029 -2.0578424657545424  0.81203828429679381 -1.9438187616361511  0.82848281404841939 -1.8392055289079339  0.84510149663558531 -1.7459151420697081  0.86194269415291369 -1.6656202345474032  0.87905338280703349 -1.6000116469749068  0.8965259374173723 -1.5506178307647047  0.91432938676872433 -1.5194129222051915  0.93199475608714855 -1.5076669983514099  0.94973257232815045 -1.5147027052871873  0.96760749671445545 -1.5404416244213723  0.98519193514220615 -1.5829779408281874  1.0025974260224375 -1.6405377947702873  1.0140838900528339 -1.6877477431204289  1.0198035096047944 -1.7132668938632669 
 0 4 0.0080059110343529988 1 0.016011822068705998 1 0.024017733103058998 1 0.032023644137411995 1 0.040029555171764993 1 0.048035466206117997 1 0.056041377240470994 1 0.064047288274823991 1 0.072053199309176988 1 0.080059110343529985 1 0.088065021377882982 1 0.096070932412235993 1 0.10407684344658899 1 0.11208275448094199 1 0.12008866551529498 1 0.12809457654964798 1 0.13610048758400098 1 0.14410639861835398 1 0.15211230965270697 1 0.16011822068705997 1 0.16812413172141297 1 0.17613004275576599 4
7 0 0  3 25 23  1 0.26247808850233212  0.98410895551304289 0.26299737339670348  0.952391099157608 0.26407161789694622  0.9049725666975319 0.26576670488169402  0.85767427827035414 0.26752220821651335  0.81047069373825187 0.26931482396177825  0.7633408085745198 0.27112124838331864  0.71626774300704121 0.27291817698045284  0.66923690294254179 0.27468230811308947  0.62223547450395666 0.27639032946528658  0.57525020695339268 0.27801896856391783  0.52827245787635047 0.27954480424044198  0.48127766598874661 0.28094497026516074  0.43433522193997193 0.28219314036561383  0.38743020023542901 0.28326760303500531  0.34057635390050961 0.28414589588497896  0.29368942370249751 0.28480740589813031  0.24705167337814818 0.28522487345481073  0.20203058477937963 0.28538197583843622  0.15817796880002385 0.28528801199922837  0.11546549801502849 0.28494351253188099  0.074960987864950257 0.28437420157498755  0.036382561890818919 0.28360385230068647  0.011928061430247381 0.28297201363755831  0 0.28263047128900903 
 0 4 0.0080059110343529988 1 0.016011822068705998 1 0.024017733103058998 1 0.032023644137411995 1 0.040029555171764993 1 0.048035466206117997 1 0.056041377240470994 1 0.064047288274823991 1 0.072053199309176988 1 0.080059110343529985 1 0.088065021377882982 1 0.096070932412235993 1 0.10407684344658899 1 0.11208275448094199 1 0.12008866551529498 1 0.12809457654964798 1 0.13610048758400098 1 0.14410639861835398 1 0.15211230965270697 1 0.16011822068705997 1 0.16812413172141297 1 0.17613004275576599 4
7 0 0  3 25 23  0.34817667991430573 -4.8397333267223974  0.35375081905265904 -4.822416976723245  0.36483639584043964 -4.7868552694452751  0.38127245770643498 -4.7307817294906291  0.39751180881581627 -4.6720331853482948  0.41355077179978961 -4.6106658496979076  0.42938613037056245 -4.5467359248380372  0.44501517912875421 -4.4802995230579894  0.46043569401994278 -4.4114125075172694  0.47564589134672708 -4.3401305253674947  0.49064450357571487 -4.2665083956766461  0.50543039272290669 -4.1906019310598843  0.52000389150633253 -4.1124607152175008  0.5343616921906349 -4.0321546685946368  0.54851581459077592 -3.9496745506223738  0.56242270868108346 -3.8653029716474419  0.57574637717513788 -3.7812680043179951  0.58856176021983808 -3.6974753947624417  0.60085355968696275 -3.6143400207162841  0.6126314764890407 -3.5321356612225192  0.623899152567579 -3.4511688769632087  0.6346623258509585 -3.3717319491265956  0.64492648519448825 -3.294115787700068  0.65144040717294482 -3.2437747142895539  0.65461609985026237 -3.2190025729093805 
 0 4 0.0066714755308524545 1 0.013342951061704909 1 0.020014426592557363 1 0.026685902123409818 1 0.03335737765426227 1 0.040028853185114725 1 0.046700328715967181 1 0.053371804246819636 1 0.060043279777672091 1 0.06671475530852454 1 0.073386230839376995 1 0.080057706370229451 1 0.086729181901081906 1 0.093400657431934361 1 0.10007213296278682 1 0.10674360849363927 1 0.11341508402449173 1 0.12008655955534418 1 0.12675803508619662 1 0.13342951061704908 1 0.14010098614790154 1 0.14677246167875399 4
7 0 0  3 25 23  1 0.2407866409265742  0.98955793989447283 0.24101839882521375  0.9684606708416601 0.24149433230016595  0.93612310770421814 0.24224474843918439  0.90304409423754517 0.24303094340055087  0.86916536175385162 0.24385218007237008  0.83442165782679978 0.24470772137117314  0.79873857354802569 0.24559683010743666  0.76203086517244856 0.24651876948743054  0.7242001085994334 0.24747280124030552  0.68513135833647287 0.24845819260789506  0.64469011854732938 0.24947419025842288  0.60271301185051307 0.25052011764186671  0.55901472197313928 0.25159501165480014  0.51332354283780912 0.25269897862565532  0.46546728133923249 0.25382813370883939  0.41637645909794135 0.25495254508442039  0.36561897396318316 0.2560737071922069  0.31299075937807042 0.2571861673058361  0.25811477084812534 0.25828633418674574  0.20050425707646474 0.25937011781133962  0.139402778112584 0.26043356180836241  0.073807034071783947 0.26147267398222196  0.025566181169071282 0.26214653918229985  0 0.26247808850233212 
 0 4 0.0066714755308524545 1 0.013342951061704909 1 0.020014426592557363 1 0.026685902123409818 1 0.03335737765426227 1 0.040028853185114725 1 0.046700328715967181 1 0.053371804246819636 1 0.060043279777672091 1 0.06671475530852454 1 0.073386230839376995 1 0.080057706370229451 1 0.086729181901081906 1 0.093400657431934361 1 0.10007213296278682 1 0.10674360849363927 1 0.11341508402449173 1 0.12008655955534418 1 0.12675803508619662 1 0.13342951061704908 1 0.14010098614790154 1 0.14677246167875399 4
7 0 0  3 25 23  0.16003293501843419 -3.6995225676802832  0.16037105496789764 -3.7384594081363458  0.16120821169009716 -3.816641955232301  0.1630287439809967 -3.9338354375992317  0.16549482253373612 -4.0499422645824001  0.16869173829495485 -4.1639539500489891  0.17270171579916926 -4.2747632662791251  0.17762456140235292 -4.3815239681945162  0.18349401647955618 -4.4822134640380771  0.19035822954664944 -4.5757332935760813  0.19825867986519188 -4.6611836690202129  0.20733279167869581 -4.738240510572779  0.2172626112309731 -4.8034675753161391  0.22789693542650935 -4.856643549598787  0.23918764208433854 -4.8982215105016476  0.2510673564151204 -4.9284448958777443  0.26320504851072135 -4.9473605033647488  0.27551005375991666 -4.9559919734393478  0.28785451246534766 -4.9552287485715398  0.30013229486529491 -4.9460834170229369  0.31240617096252948 -4.9292651877419962  0.32456332310232244 -4.9055291681428885  0.3365308273365622 -4.8756605135362738  0.34433247508279125 -4.8522086717199633  0.34817667991430573 -4.8397333267223974 
 0 4 0.0046188285711540912 1 0.0092376571423081824 1 0.013856485713462274 1 0.018475314284616365 1 0.023094142855770456 1 0.027712971426924547 1 0.032331799998078642 1 0.03695062856923273 1 0.041569457140386817 1 0.046188285711540912 1 0.050807114282695007 1 0.055425942853849094 1 0.060044771425003182 1 0.064663599996157284 1 0.069282428567311372 1 0.073901257138465459 1 0.078520085709619547 1 0.083138914280773635 1 0.087757742851927736 1 0.092376571423081824 1 0.096995399994235912 1 0.10161422856539 4
7 0 0  3 25 23  1 0.25604693129059031  0.9872838359798296 0.25552579461780822  0.9612004430682386 0.2544791952170421  0.92017938735801019 0.25291018190072762  0.8773226397761561 0.2513560016176985  0.83267981309280947 0.24983031007336806  0.78633926847710822 0.24834784584729391  0.73825080556541611 0.24691930756549219  0.68891767085339728 0.2455713309490819  0.63849426480662586 0.24431954674078826  0.58707774239848265 0.24317618801486027  0.53424881484991016 0.24214501587842346  0.48197982791395216 0.24127206211835064  0.43072334059461714 0.24056040318806476  0.38037942208822911 0.24000383595637634  0.33095931060816569 0.23959939099404101  0.28344641351303373 0.23934659365779182  0.23774664115471325 0.23923101489789889  0.19395229750447798 0.23924082642242689  0.15207877808043896 0.23936335250133989  0.11162740036382625 0.2395888389947359  0.072736917518800404 0.23990657262351728  0.035419384930910611 0.24030600739275806  0.011622052614387868 0.24061970397724347  0 0.2407866409265742 
 0 4 0.0046188285711540912 1 0.0092376571423081824 1 0.013856485713462274 1 0.018475314284616365 1 0.023094142855770456 1 0.027712971426924547 1 0.032331799998078642 1 0.03695062856923273 1 0.041569457140386817 1 0.046188285711540912 1 0.050807114282695007 1 0.055425942853849094 1 0.060044771425003182 1 0.064663599996157284 1 0.069282428567311372 1 0.073901257138465459 1 0.078520085709619547 1 0.083138914280773635 1 0.087757742851927736 1 0.092376571423081824 1 0.096995399994235912 1 0.10161422856539 4
7 0 0  3 25 23  0.34552112473467489 -1.7387892932983176  0.34227761869875917 -1.748588902411135  0.33555003192497979 -1.7690191777148174  0.32485204379030413 -1.8023962374111706  0.31366278268573639 -1.8387225758845085  0.30209681756242107 -1.8782887773178518  0.29026823312821065 -1.9214406918279405  0.27829061606959676 -1.9685894533104475  0.26627708742766126 -2.0202120907265306  0.2543407000132798 -2.0768522313778917  0.24259372218964853 -2.1391202853238953  0.23115155511181823 -2.2076863468981753  0.22011993673487593 -2.2832937672163647  0.20947408636493001 -2.367968888514802  0.19940548456155061 -2.4624804758626335  0.19003979451804134 -2.56821108173936  0.18162852036568899 -2.6853586983065574  0.1745051350997851 -2.8109279434509191  0.16863661881074105 -2.9462060833996189  0.16411426465253776 -3.0913200558094651  0.16108636909704552 -3.2400340605539211  0.15942534082404361 -3.3926139639664856  0.15905952641281065 -3.5462430763188468  0.15959178276653507 -3.6486155134739615  0.16003293501843419 -3.6995225676802832 
 0 4 0.0049493865484888638 1 0.0098987730969777275 1 0.014848159645466591 1 0.019797546193955455 1 0.024746932742444321 1 0.029696319290933183 1 0.034645705839422045 1 0.03959509238791091 1 0.044544478936399776 1 0.049493865484888641 1 0.0544432520333775 1 0.059392638581866365 1 0.064342025130355224 1 0.069291411678844089 1 0.074240798227332955 1 0.07919018477582182 1 0.084139571324310686 1 0.089088957872799551 1 0.094038344421288417 1 0.098987730969777282 1 0.10393711751826613 1 0.108886504066755 4
7 0 0  3 25 23  1 0.28228888599604801  0.98448243231554733 0.28215778497712973  0.95339631614134623 0.28188668317119048  0.90664756553805337 0.28144719391804351  0.85981693885116517 0.28096873089009916  0.81292696669332232 0.28044515682399934  0.76599584133825938 0.27987033457821542  0.71903796196443992 0.27923812655669561  0.67206575996580442 0.27854239685965354  0.62509146611702981 0.27777700325676336  0.578124691923805 0.27693582714359249  0.53118446653434692 0.27601266174267336  0.48425506232375731 0.27500162934278666  0.43671449878418356 0.27386859480973624  0.38880283133143589 0.27260354824828242  0.3404381291093922 0.27118806626880243  0.29212206029074439 0.26962016813526291  0.24527020997369442 0.26793942295357115  0.19937136146286807 0.26612916300970108  0.15448546378610822 0.2641868888720672  0.11227983410810806 0.2621965811021173  0.072242718801459854 0.26015450437553206  0.034734510061339277 0.25809831536872274  0.01131445846855646 0.25672821321912753  0 0.25604693129059031 
 0 4 0.0049493865484888638 1 0.0098987730969777275 1 0.014848159645466591 1 0.019797546193955455 1 0.024746932742444321 1 0.029696319290933183 1 0.034645705839422045 1 0.03959509238791091 1 0.044544478936399776 1 0.049493865484888641 1 0.0544432520333775 1 0.059392638581866365 1 0.064342025130355224 1 0.069291411678844089 1 0.074240798227332955 1 0.07919018477582182 1 0.084139571324310686 1 0.089088957872799551 1 0.094038344421288417 1 0.098987730969777282 1 0.10393711751826613 1 0.108886504066755 4
7 0 0  3 25 23  0.57005273604601669 3.0489132782847452  0.57165878071860288 2.9500974947074279  0.57462270850313402 2.7512643919036504  0.57815688044775426 2.4500639342501427  0.58061773829479768 2.146594389102118  0.58182394528188697 1.8414397788248065  0.58158816367753685 1.5357440831114413  0.57968196683258111 1.2288662272716755  0.57598024554126881 0.92975133426574619  0.57038980265964112 0.63901495362404892  0.56281641794468906 0.35752859452585589  0.55309578718289831 0.08463839277563634  0.54134924731422362 -0.17332258444641577  0.52777783530716205 -0.41299373644285459  0.51244180198738609 -0.63482339267723065  0.49543081438447856 -0.83862637494821823  0.4769666163959777 -1.0229161729029546  0.45779161326337564 -1.1834439080358845  0.43813893694699274 -1.3223011914304201  0.41838104090231581 -1.4404010680439703  0.39886295727205917 -1.5393458196376368  0.37993890378238065 -1.6209271325973522  0.36195681434689847 -1.687212726794773  0.35082014663707817 -1.7227809846955524  0.34552112473467489 -1.7387892932983176 
 0 4 0.012112419535571635 1 0.02422483907114327 1 0.036337258606714905 1 0.04844967814228654 1 0.060562097677858175 1 0.07267451721342981 1 0.084786936749001451 1 0.096899356284573079 1 0.10901177582014471 1 0.12112419535571635 1 0.13323661489128799 1 0.14534903442685962 1 0.15746145396243125 1 0.1695738734980029 1 0.18168629303357453 1 0.19379871256914616 1 0.20591113210471779 1 0.21802355164028941 1 0.23013597117586107 1 0.2422483907114327 1 0.25436081024700435 1 0.26647322978257598 4
7 0 0  3 25 23  1 0.34636627768833889  0.98932320132984719 0.34504373589753601  0.96744819035601637 0.34238212875655327  0.93299790190990117 0.33834977701203445  0.89684707072978298 0.33428764368044783  0.85889526489046442 0.33020403390465375  0.81910013612020804 0.32611414023908841  0.77712614316942508 0.32200745989500645  0.73397604996687882 0.31800237529876835  0.68957361660163818 0.31411064560385971  0.64383791033987436 0.31034463739340146  0.59635461885265673 0.3066934171156469  0.54791015569348578 0.30324056309409886  0.4989691983376095 0.30003291593634507  0.44928193915411968 0.29706433474363136  0.39866669828245799 0.29433567039781722  0.34722645024618498 0.29187278816464668  0.29623996893933169 0.28973997494822151  0.2454764820278805 0.28789442957661299  0.19508592451665266 0.28631926842834421  0.14514418590358369 0.28499066328292733  0.095795920421639938 0.28388664676546532  0.04722504484055598 0.28298475271770818  0.015585745157697572 0.2825033504187231  0 0.28228888599604801 
 0 4 0.012112419535571635 1 0.02422483907114327 1 0.036337258606714905 1 0.04844967814228654 1 0.060562097677858175 1 0.07267451721342981 1 0.084786936749001451 1 0.096899356284573079 1 0.10901177582014471 1 0.12112419535571635 1 0.13323661489128799 1 0.14534903442685962 1 0.15746145396243125 1 0.1695738734980029 1 0.18168629303357453 1 0.19379871256914616 1 0.20591113210471779 1 0.21802355164028941 1 0.23013597117586107 1 0.2422483907114327 1 0.25436081024700435 1 0.26647322978257598 4
7 0 0  3 25 23  0.49274548200238771 5.2869844096125451  0.49442777032278873 5.2625815506274831  0.49775658914701443 5.2126122773719796  0.50264182378980149 5.1341054075003258  0.50741478199786727 5.0520560881373866  0.51208365037076242 4.9662200135774537  0.51659162971676131 4.8776447350210743  0.52094000089141013 4.7864326082830306  0.52513164367463772 4.6926305453168355  0.52916883019469252 4.5963031685266706  0.53305378183546892 4.4975142924110569  0.53678867102058481 4.3963271906798749  0.54037507970114962 4.2928214303840893  0.54381618586129776 4.1870246867849259  0.5471085809837003 4.0791681006408647  0.55024273664210821 3.9697599569233679  0.55322497014322547 3.8588070252882241  0.5560574674779255 3.7464463678181121  0.55874342793329312 3.6327829072073072  0.56128569624395042 3.5179328060019923  0.56368714012629029 3.4020116889119376  0.56595055942445749 3.2851377130365571  0.56807872414145588 3.1674304324321003  0.569409152088168 3.0884845870839488  0.57005273604601669 3.0489132782847452 
 0.17800392285092653 4 0.18285823438541704 1 0.18771254591990758 1 0.19256685745439808 1 0.19742116898888862 1 0.20227548052337913 1 0.20712979205786966 1 0.21198410359236017 1 0.2168384151268507 1 0.22169272666134121 1 0.22654703819583175 1 0.23140134973032225 1 0.23625566126481279 1 0.2411099727993033 1 0.2459642843337938 1 0.25081859586828437 1 0.25567290740277487 1 0.26052721893726538 1 0.26538153047175589 1 0.2702358420062464 1 0.27509015354073696 1 0.27994446507522747 1 0.28479877660971797 4
7 0 0  3 25 23  0.34539328198397123 0.37632004881517461  0.33944328671250107 0.37599344691065256  0.32756898976200804 0.37532467065139818  0.30982977618178531 0.37427395698106353  0.29217193583961898 0.37317582692850176  0.27455564399277388 0.37202703648777352  0.25719271717444603 0.37084143986797902  0.24008286790950567 0.36962052315269578  0.22321824106949453 0.36836498478686291  0.20659375842408406 0.36707573086077699  0.19020448811077914 0.36575362452194227  0.17404562340507571 0.3643994930436722  0.15811494744916188 0.36301435013884087  0.14240270703123664 0.36159849963626695  0.12692934158543859 0.36015489846143223  0.11174893613591688 0.35869040848970379  0.096842104054193162 0.35720523673323762  0.082208748353823344 0.35570128040942156  0.067844186263901721 0.35417998384651372  0.053745502579283899 0.35264291272406345  0.039909799972489633 0.35109160020558244  0.026334632279855458 0.34952758816744273  0.013017815784494464 0.34795241615061195  0.004310977050260398 0.34689588826674983  0 0.34636627768833889 
 0.17800392285092653 4 0.18285823438541704 1 0.18771254591990758 1 0.19256685745439808 1 0.19742116898888862 1 0.20227548052337913 1 0.20712979205786966 1 0.21198410359236017 1 0.2168384151268507 1 0.22169272666134121 1 0.22654703819583175 1 0.23140134973032225 1 0.23625566126481279 1 0.2411099727993033 1 0.2459642843337938 1 0.25081859586828437 1 0.25567290740277487 1 0.26052721893726538 1 0.26538153047175589 1 0.2702358420062464 1 0.27509015354073696 1 0.27994446507522747 1 0.28479877660971797 4
1 6.2831853071795862 5.2869896089823625 -1 0 
1 6.2831853071795862 -3.2228200467753484e-14 -1 2.0414593180053031e-17 
7 0 0  3 25 23  -4.5435277806760155e-06 5.1958758512624552  0.00055069017996522984 5.1972653716544279  0.0016602441400427684 5.2000450169062242  0.0033218242493737028 5.2042162810946548  0.0049806430747755719 5.2083893249523987  0.0066366901232086922 5.212564130258075  0.0082899548760156233 5.2167406777566434  0.0099404267855882737 5.2209189470154218  0.011588095276768764 5.2250989164650399  0.013232949746978862 5.2292805633908488  0.014874979566682805 5.2334638639379021  0.016514174079762061 5.2376487931121272  0.018150522603893059 5.2418353247829019  0.019784014430952311 5.2460234316850718  0.02141463882736485 5.2502130854213389  0.023042385034524979 5.2544042564646967  0.024667242269127674 5.2585969141608144  0.02628919972356885 5.2627910267304534  0.027908246566315416 5.2669865612727724  0.029524371942214852 5.271183483765248  0.031137564973061343 5.2753817590765477  0.032747814757216435 5.2795813509316671  0.03435511037273118 5.2837822220550823  0.035424664035813888 5.2865836297853548  0.035958944856607999 5.2879845340021934 
 0.2929612214493475 4 0.29430853377138 1 0.2956558460934125 1 0.297003158415445 1 0.29835047073747756 1 0.29969778305951006 1 0.30104509538154256 1 0.30239240770357506 1 0.30373972002560756 1 0.30508703234764006 1 0.30643434466967256 1 0.30778165699170512 1 0.30912896931373762 1 0.31047628163577012 1 0.31182359395780263 1 0.31317090627983513 1 0.31451821860186763 1 0.31586553092390013 1 0.31721284324593263 1 0.31856015556796519 1 0.31990746788999769 1 0.32125478021203019 1 0.32260209253406269 4
7 0 0  3 25 23  0.50360722618428866 0.37516110476081865  0.50280993384178907 0.37518023938076178  0.50121536880862094 0.3752185160003359  0.49882358041647412 0.37527595194086555  0.49643185138250839 0.37533340776466961  0.4940401819126789 0.37539088234385204  0.49164857221654523 0.37544837455051921  0.48925702250782099 0.37550588325677542  0.48686553300430752 0.37556340733472654  0.48447410392799178 0.37562094565647713  0.48208273550509756 0.37567849709413259  0.47969142796615699 0.37573606051979813  0.47730018154607035 0.37579363480557909  0.4749089964841785 0.3758512188235803  0.47251787302432674 0.37590881144590704  0.47012681141493212 0.37596641154466459  0.46773581190905705 0.37602401799195789  0.46534487476447711 0.37608162965989245  0.4629540002437505 0.37613924542057325  0.46056318861430423 0.37619686414610526  0.4581724401484582 0.37625448470859402  0.45578175512368041 0.37631210598014447  0.45339113382200036 0.3763697268328618  0.45179742896236957 0.37640813970352133  0.45100058724911074 0.37642734569308067 
 0.2929612214493475 4 0.29430853377138 1 0.2956558460934125 1 0.297003158415445 1 0.29835047073747756 1 0.29969778305951006 1 0.30104509538154256 1 0.30239240770357506 1 0.30373972002560756 1 0.30508703234764006 1 0.30643434466967256 1 0.30778165699170512 1 0.30912896931373762 1 0.31047628163577012 1 0.31182359395780263 1 0.31317090627983513 1 0.31451821860186763 1 0.31586553092390013 1 0.31721284324593263 1 0.31856015556796519 1 0.31990746788999769 1 0.32125478021203019 1 0.32260209253406269 4
1 0 7.5495165674510645e-14 0 -1 
1 6.2831853071795862 7.5495165674510645e-14 0 -1 
1 6.2831853071795862 0 0 -1 
1 0 0 0 -1 
7 0 0  3 25 23  6.2831853071795862 -0.12893218813451846  6.2810353518067954 -0.14413466735615169  6.2767354410612164 -0.17463768360617007  6.270285574942843 -0.22068446465340325  6.2638357088244749 -0.26702159036985362  6.2573858427061024 -0.31364713214482121  6.2509359765877326 -0.36055915058292398  6.2444861104693592 -0.40775569404597828  6.2380362443509902 -0.45523479914650866  6.2315863782326177 -0.50299449071897073  6.2251365121142488 -0.55103278193148109  6.2186866459958736 -0.59934767436056535  6.2122367798775056 -0.64793715807642693  6.205786913759133 -0.69679921172595405  6.1993370476407632 -0.74593180261702885  6.1928871815223916 -0.7953328868028936  6.18643731540402 -0.84500040916768748  6.1799874492856492 -0.89493230351012065  6.1735375831672776 -0.94512649263625226  6.1670877170489069 -0.99558088842033943  6.1606378509305362 -1.0462933919871962  6.1541879848121654 -1.0972618934431282  6.1477381186937938 -1.1484842732936495  6.1434382079482122 -1.1828003561434608  6.1412882525754222 -1.1999999999999957 
 0.78539816339744739 4 0.79184802951581845 1 0.79829789563418962 1 0.80474776175256069 1 0.81119762787093186 1 0.81764749398930292 1 0.82409736010767409 1 0.83054722622604515 1 0.83699709234441633 1 0.84344695846278739 1 0.84989682458115845 1 0.85634669069952962 1 0.86279655681790079 1 0.86924642293627186 1 0.87569628905464292 1 0.88214615517301409 1 0.88859602129138515 1 0.89504588740975632 1 0.90149575352812739 1 0.90794561964649856 1 0.91439548576486962 1 0.92084535188324068 1 0.92729521800161185 4
1 6.2831853071795862 -1.200000000000002 -1 0 
7 0 0  3 25 23  5.9093039898496258 -1.2000000000000011  5.907368796866912 -1.1822636637173427  5.9034984109014834 -1.1467460500728497  5.8976928319533375 -1.0933366069402199  5.891887253005196 -1.0397959399732049  5.886081674057051 -0.98612585409377029  5.8802760951089086 -0.93232815813907244  5.8744705161607635 -0.87840466536704853  5.8686649372126212 -0.82435719324348766  5.8628593582644761 -0.77018756342146444  5.8570537793163338 -0.71589760166902461  5.8512482003681896 -0.66148913781057983  5.8454426214200454 -0.60696400566445252  5.8396370424719022 -0.55232404298126758  5.8338314635237607 -0.49757109138196148  5.8280258845756139 -0.44270699629575105  5.8222203056274724 -0.38773360689778957  5.8164147266793265 -0.33265277604740096  5.8106091477311859 -0.27746636022351634  5.804803568783039 -0.22217621947002764  5.7989979898348967 -0.16678421730346124  5.7931924108867552 -0.11129222076081342  5.7873868319386084 -0.05570209992367129  5.7835164459731798 -0.018577852905455501  5.781581252990466 -1.7763568394002505e-15 
 1.1592794807274078 4 1.1650850596755515 1 1.170890638623695 1 1.1766962175718387 1 1.1825017965199824 1 1.1883073754681261 1 1.1941129544162696 1 1.1999185333644133 1 1.2057241123125571 1 1.2115296912607008 1 1.2173352702088442 1 1.223140849156988 1 1.2289464281051317 1 1.2347520070532751 1 1.2405575860014189 1 1.2463631649495626 1 1.2521687438977063 1 1.2579743228458498 1 1.2637799017939935 1 1.2695854807421372 1 1.2753910596902807 1 1.2811966386384244 1 1.2870022175865681 4
1 6.2831853071795862 0 -1 0 
1 5.4977871437821371 0 0 -1 
1 0 -6.4999999999999858 1 0 
1 6.2831853071795862 0 0 -1 
1 0 0 0 -1 
7 0 0  3 25 23  6.2831853071795862 -0.12893218813449359  6.2810353518067972 -0.14413466735612643  6.2767354410612182 -0.17463768360614468  6.2702855749428457 -0.22068446465337965  6.2638357088244758 -0.26702159036982748  6.2573858427061042 -0.31364713214479739  6.2509359765877326 -0.36055915058289695  6.244486110469361 -0.40775569404594858  6.2380362443509894 -0.45523479914648507  6.2315863782326213 -0.50299449071894453  6.2251365121142488 -0.55103278193145322  6.2186866459958781 -0.59934767436054159  6.2122367798775056 -0.64793715807639918  6.2057869137591348 -0.69679921172592874  6.1993370476407668 -0.74593180261700054  6.1928871815223916 -0.79533288680286396  6.1864373154040226 -0.84500040916765951  6.1799874492856492 -0.89493230351009223  6.1735375831672803 -0.94512649263622128  6.1670877170489078 -0.99558088842031156  6.1606378509305371 -1.0462933919871658  6.1541879848121681 -1.0972618934430984  6.1477381186937947 -1.1484842732936187  6.1434382079482139 -1.1828003561434293  6.141288252575424 -1.1999999999999638 
 0.78539816339744528 4 0.79184802951581634 1 0.7982978956341874 1 0.80474776175255858 1 0.81119762787092964 1 0.8176474939893007 1 0.82409736010767176 1 0.83054722622604282 1 0.83699709234441388 1 0.84344695846278506 1 0.84989682458115612 1 0.85634669069952718 1 0.86279655681789824 1 0.8692464229362693 1 0.87569628905464048 1 0.88214615517301154 1 0.8885960212913826 1 0.89504588740975366 1 0.90149575352812472 1 0.90794561964649578 1 0.91439548576486684 1 0.92084535188323802 1 0.92729521800160908 4
1 6.2831853071795862 -1.2000000000000011 -1 0 
7 0 0  3 25 23  5.9093039898496231 -1.1999999999999744  5.9073687968669084 -1.1822636637173158  5.9034984109014781 -1.1467460500728226  5.8976928319533348 -1.0933366069401924  5.8918872530051933 -1.0397959399731753  5.8860816740570483 -0.98612585409374065  5.8802760951089033 -0.93232815813904391  5.87447051616076 -0.87840466536701711  5.8686649372126158 -0.82435719324345835  5.8628593582644726 -0.77018756342143213  5.8570537793163293 -0.71589760166899163  5.8512482003681843 -0.66148913781054786  5.8454426214200428 -0.60696400566441944  5.8396370424718951 -0.55232404298123394  5.8338314635237554 -0.49757109138192751  5.8280258845756103 -0.44270699629571675  5.8222203056274662 -0.38773360689775355  5.8164147266793238 -0.33265277604736537  5.8106091477311788 -0.27746636022347698  5.8048035687830355 -0.22217621946998992  5.7989979898348922 -0.16678421730342236  5.793192410886749 -0.11129222076077311  5.7873868319386048 -0.055702099923630309  5.7835164459731754 -0.018577852905415051  5.7815812529904616 3.8191672047105385e-14 
 1.1592794807274107 4 1.1650850596755544 1 1.1708906386236981 1 1.1766962175718418 1 1.1825017965199855 1 1.1883073754681293 1 1.194112954416273 1 1.1999185333644167 1 1.2057241123125604 1 1.2115296912607041 1 1.2173352702088478 1 1.2231408491569915 1 1.2289464281051352 1 1.2347520070532789 1 1.2405575860014226 1 1.2463631649495663 1 1.25216874389771 1 1.2579743228458538 1 1.2637799017939975 1 1.2695854807421412 1 1.2753910596902849 1 1.2811966386384286 1 1.2870022175865723 4
1 6.2831853071795862 0 -1 0 
1 5.4977871437821371 0 0 -1 
1 0 -6.4999999999999858 1 0 
1 0 0.99999999999999967 -1 -1.0440307391105435e-16 
1 1.2546296351611056e-16 1.0000000000000011 -1 -1.1946241983779147e-16 
1 2.0873168644908177e-14 0.99999999999999956 -1 1.4935177473523263e-17 
1 -8.6028731881293563e-16 1.0000000000000009 -1 -1.3439522231751564e-16 
1 6.2831853071795862 -1.5861241666666821 -1 0 
7 0 0  1 2 2  5.2908184884646563e-15 -2.7974123455121039e-16  -0 0.99999999999999967 
 0 2 2.2450640302672888 2
7 0 0  1 2 2  -7.4347934765268597 4.7286800126597472e-16  -7.4347934765268624 1.0000000000000002 
 0 2 2.2450640302672888 2
7 0 0  1 2 2  -7.443804939112268 0.99999999999999889  -7.4438049391122645 -2.7974123455121181e-15 
 -0 2 2.2450640302672875 2
7 0 0  1 2 2  -8.6028731881293563e-16 1.0000000000000009  8.3378535195924308e-17 -6.9622733471615529e-16 
 -0 2 2.2450640302672875 2
1 5.3290705182007514e-15 -2.7974123455121019e-16 1 2.6306286339792374e-16 
7 0 0  3 47 45  0 0.13963333014535315  0.0071979875826526174 0.13963333014535315  0.021660178061872259 0.13963333014535315  0.043535471331052109 0.13963333014535315  0.065576627287352016 0.13963333014535315  0.087765773718973081 0.13963333014535317  0.11008432850968033 0.13963333014535315  0.13251327251043718 0.13963333014535306  0.15503331015898655 0.1396333301453532  0.17762629815479913 0.13963333014535309  0.2002717159948908 0.13963333014535315  0.22296163620555462 0.13963333014535317  0.2456465329078005 0.13963333014535315  0.26846468674952023 0.13963333014535312  0.29142355577732471 0.13963333014535315  0.31449475449200393 0.13963333014535312  0.33765814609711181 0.13963333014535315  0.36089049035356852 0.13963333014535315  0.38416897997530969 0.13963333014535315  0.40747066719603509 0.13963333014535315  0.43077340411349319 0.13963333014535315  0.45405477083677775 0.13963333014535317  0.47729744923905676 0.13963333014535315  0.50047072172988016 0.13963333014535317  0.52373113156053341 0.13963333014535317  0.54703514485044769 0.13963333014535315  0.57036934549223894 0.13963333014535315  0.59371058855565295 0.13963333014535315  0.61703706756098087 0.13963333014535315  0.64032578876035862 0.13963333014535315  0.66355360612909475 0.13963333014535315  0.68669769645133327 0.13963333014535315  0.70973478432357429 0.13963333014535312  0.73264597263350728 0.13963333014535317  0.75540041389374846 0.13963333014535315  0.77812233846815138 0.13963333014535315  0.80077606200435236 0.13963333014535315  0.82334638615859879 0.13963333014535315  0.84581439663713431 0.13963333014535315  0.8681539473028832 0.13963333014535312  0.89037216914765438 0.13963333014535317  0.91252751499381723 0.13963333014535315  0.93458505508016732 0.13963333014535315  0.95653270549445824 0.13963333014535315  0.97835204853352442 0.13963333014535317  0.99280194207168437 0.13963333014535315  1 0.13963333014535315 
 -7.4438049391122698 4 -7.2746275541324454 1 -7.1054501691526211 1 -6.9362727841727967 1 -6.7670953991929723 1 -6.5979180142131479 1 -6.4287406292333245 1 -6.2595632442534992 1 -6.0903858592736757 1 -5.9212084742938504 1 -5.752031089314027 1 -5.5828537043342026 1 -5.4136763193543782 1 -5.2444989343745538 1 -5.0753215493947295 1 -4.9061441644149051 1 -4.7369667794350807 1 -4.5677893944552563 1 -4.398612009475432 1 -4.2294346244956076 1 -4.0602572395157832 1 -3.8910798545359593 1 -3.7219024695561349 1 -3.5527250845763105 1 -3.3835476995964866 1 -3.2143703146166622 1 -3.0451929296368379 1 -2.8760155446570135 1 -2.7068381596771891 1 -2.5376607746973647 1 -2.3684833897175404 1 -2.199306004737716 1 -2.0301286197578916 1 -1.8609512347780672 1 -1.6917738497982429 1 -1.5225964648184185 1 -1.3534190798385941 1 -1.1842416948587697 1 -1.0150643098789454 1 -0.84588692489912098 1 -0.67670953991929661 1 -0.50753215493947312 1 -0.33835476995964875 1 -0.16917738497982437 1 -0 4
7 0 0  1 2 2  -7.43479347652685 0.99999999999999989  -7.4347934765268562 -3.8714434947643171e-16 
 0 2 2.2450640302672888 2
7 0 0  1 2 2  2.2214218312056313e-15 1.0000000000000004  3.1713923037002176e-15 -2.8902308890040555e-16 
 0 2 2.2450640302672888 2
1 -6.2172489379008766e-15 4.2278463716072221e-16 1 3.3686213322301461e-17 
7 0 0  3 47 45  0 0.13963333014535315  0.0071892741055128205 0.13963333014535317  0.021633876415095659 0.13963333014535315  0.043482366571166026 0.13963333014535312  0.065496359232161211 0.13963333014535317  0.087658050251095701 0.13963333014535312  0.10994892761290156 0.13963333014535315  0.1323500428856427 0.13963333014535312  0.15484216873633014 0.13963333014535317  0.17740722711940346 0.13963333014535312  0.2000247509469294 0.13963333014535317  0.22268687726480516 0.13963333014535315  0.24534406118965982 0.13963333014535315  0.26813207321769955 0.13963333014535317  0.29106138807010562 0.13963333014535312  0.31410293111459192 0.1396333301453532  0.33723686918111861 0.13963333014535315  0.36043999463170762 0.13963333014535312  0.38368960460563645 0.13963333014535317  0.40696280692297887 0.13963333014535312  0.43023758805216833 0.13963333014535315  0.45349134023291465 0.1396333301453532  0.47670770153779873 0.13963333014535315  0.49985258128440663 0.13963333014535312  0.52308265695822609 0.13963333014535317  0.54635745481687936 0.13963333014535317  0.56966284299517977 0.13963333014535312  0.59297597757378151 0.13963333014535317  0.61627507837862172 0.13963333014535312  0.63953726319362725 0.13963333014535317  0.66273942041890033 0.13963333014535309  0.68585895891307447 0.13963333014535317  0.70887208141031466 0.13963333014535312  0.73176213185271966 0.13963333014535317  0.75449013679621812 0.13963333014535315  0.77721959018952214 0.13963333014535312  0.79991876181152211 0.13963333014535317  0.82257545000996146 0.13963333014535309  0.84517057541669571 0.13963333014535317  0.86768569240639726 0.13963333014535312  0.89010142260593528 0.13963333014535317  0.91239842873706933 0.13963333014535315  0.93455740324396941 0.13963333014535312  0.95656049518879027 0.13963333014535317  0.97838793784438804 0.13963333014535309  0.99281753302230247 0.13963333014535317  1 0.13963333014535315 
 -7.43479347652685 4 -7.2658208975148764 1 -7.0968483185029019 1 -6.9278757394909283 1 -6.7589031604789547 1 -6.5899305814669811 1 -6.4209580024550066 1 -6.251985423443033 1 -6.0830128444310594 1 -5.9140402654190858 1 -5.7450676864071113 1 -5.5760951073951377 1 -5.4071225283831641 1 -5.2381499493711896 1 -5.069177370359216 1 -4.9002047913472424 1 -4.7312322123352679 1 -4.5622596333232943 1 -4.3932870543113207 1 -4.2243144752993462 1 -4.0553418962873735 1 -3.886369317275399 1 -3.7173967382634254 1 -3.5484241592514514 1 -3.3794515802394773 1 -3.2104790012275037 1 -3.0415064222155301 1 -2.8725338432035556 1 -2.703561264191582 1 -2.5345886851796084 1 -2.3656161061676348 1 -2.1966435271556604 1 -2.0276709481436868 1 -1.8586983691317132 1 -1.6897257901197387 1 -1.5207532111077651 1 -1.3517806320957915 1 -1.1828080530838179 1 -1.0138354740718434 1 -0.84486289505986978 1 -0.67589031604789618 1 -0.50691773703592169 1 -0.33794515802394809 1 -0.16897257901197449 1 -0 4
1 0 1.2911635171770867e-15 1 1.1006297868187405e-16 
7 0 0  3 47 45  0 0.13963333014535315  0.0071824669776974423 0.13963333014535317  0.021612062155610959 0.13963333014535315  0.043439504811207792 0.13963333014535317  0.065442596756029786 0.13963333014535312  0.087601571262927252 0.13963333014535317  0.10989857739406414 0.13963333014535315  0.13231430759359764 0.13963333014535317  0.15482942458330295 0.13963333014535315  0.17742454999003437 0.13963333014535317  0.20008123818847653 0.13963333014535312  0.22278040981047528 0.13963333014535315  0.24550986320377968 0.13963333014535312  0.26823786814727907 0.13963333014535315  0.29112791858968468 0.13963333014535317  0.31414104108692542 0.13963333014535309  0.33726057958109973 0.13963333014535317  0.36046273680637253 0.13963333014535312  0.38372492162137917 0.13963333014535317  0.40702402242621966 0.13963333014535312  0.43033715700481917 0.13963333014535317  0.4536425451831223 0.13963333014535315  0.47691734304177308 0.13963333014535309  0.50014741871559609 0.13963333014535315  0.52329229846220238 0.13963333014535315  0.54650865976708674 0.13963333014535315  0.56976241194783228 0.13963333014535315  0.59303719307702185 0.13963333014535312  0.61631039539436538 0.13963333014535315  0.63956000536829161 0.13963333014535312  0.66276313081888305 0.13963333014535315  0.68589706888540836 0.13963333014535312  0.70893861192989427 0.13963333014535315  0.73186792678230006 0.13963333014535317  0.75465593881034043 0.13963333014535315  0.77731312273519459 0.13963333014535315  0.79997524905306872 0.13963333014535312  0.82259277288059507 0.13963333014535315  0.84515783126366806 0.13963333014535312  0.86764995711435533 0.13963333014535315  0.89005107238709769 0.13963333014535312  0.91234194974890381 0.13963333014535315  0.93450364076783532 0.13963333014535312  0.95651763342883389 0.13963333014535315  0.97836612358490505 0.13963333014535315  0.99281072589448771 0.13963333014535317  1 0.13963333014535315 
 -7.4347934765268597 4 -7.2658208975148852 1 -7.0968483185029116 1 -6.9278757394909372 1 -6.7589031604789636 1 -6.5899305814669891 1 -6.4209580024550155 1 -6.251985423443041 1 -6.0830128444310674 1 -5.9140402654190929 1 -5.7450676864071193 1 -5.5760951073951448 1 -5.4071225283831712 1 -5.2381499493711967 1 -5.0691773703592222 1 -4.9002047913472486 1 -4.731232212335275 1 -4.5622596333233005 1 -4.393287054311326 1 -4.2243144752993524 1 -4.0553418962873788 1 -3.8863693172754044 1 -3.7173967382634303 1 -3.5484241592514563 1 -3.3794515802394818 1 -3.2104790012275082 1 -3.0415064222155337 1 -2.8725338432035601 1 -2.7035612641915856 1 -2.534588685179612 1 -2.3656161061676375 1 -2.1966435271556639 1 -2.0276709481436894 1 -1.8586983691317149 1 -1.6897257901197413 1 -1.5207532111077668 1 -1.3517806320957932 1 -1.1828080530838188 1 -1.0138354740718452 1 -0.84486289505987067 1 -0.67589031604789707 1 -0.50691773703592258 1 -0.33794515802394898 1 -0.16897257901197449 1 -0 4
7 0 0  1 2 2  1.4199965041251383e-15 1.2911635171770869e-15  1.2589664438510279e-16 1.0000000000000009 
 0 2 2.2450640302672888 2
7 0 0  1 2 2  -7.4336111947335901 -6.7093524187885199e-16  -7.4336111947335777 1.0000000000000002 
 0 2 2.2450640302672888 2
1 -9.7699626167013776e-15 -9.1618424525421265e-18 1 8.9024483806087427e-17 
7 0 0  3 25 23  0 0.13963333014535315  0.014375071185578214 0.13963333014535312  0.043395239495200896 0.13963333014535315  0.08759043502488735 0.13963333014535317  0.13231103758768711 0.13963333014535312  0.17739791563843593 0.13963333014535312  0.22271805918213419 0.1396333301453532  0.26808054190321223 0.13963333014535312  0.31406709026252533 0.13963333014535317  0.36042942004237166 0.13963333014535315  0.40699868419748786 0.13963333014535315  0.45361314437096006 0.13963333014535317  0.50000000000000278 0.13963333014535315  0.54638685562904299 0.13963333014535315  0.59300131580251747 0.13963333014535317  0.63957057995763056 0.13963333014535312  0.68593290973747778 0.13963333014535315  0.7319194580967906 0.13963333014535315  0.7772819408178675 0.13963333014535317  0.82260208436156423 0.13963333014535312  0.86768896241231375 0.13963333014535315  0.91240956497511527 0.13963333014535315  0.95660476050479859 0.13963333014535317  0.98562492881442088 0.13963333014535312  1 0.13963333014535315 
 -7.4336111947335803 4 -7.0957197767911451 1 -6.7578283588487089 1 -6.4199369409062736 1 -6.0820455229638384 1 -5.7441541050214031 1 -5.4062626870789678 1 -5.0683712691365317 1 -4.7304798511940964 1 -4.3925884332516612 1 -4.054697015309225 1 -3.7168055973667897 1 -3.3789141794243545 1 -3.0410227614819192 1 -2.703131343539483 1 -2.3652399255970478 1 -2.0273485076546125 1 -1.6894570897121772 1 -1.351565671769742 1 -1.0136742538273058 1 -0.67578283588487054 1 -0.33789141794243527 1 -0 4
7 0 0  1 2 2  1.0000000000000002 0.13963333014535315  1.0000000000000002 0.33303884195637634 
 3.5466865856919672 2 8.4591865856919526 2
7 0 0  1 2 2  -1.895626384032826e-16 0.13963333014535315  -1.895626384032827e-16 0.33303884195637634 
 3.5466865856919672 2 8.4591865856919526 2
1 2.2204460492503131e-16 0.33303884195637634 -1 0 
7 0 0  1 2 2  1.4788875057444965e-16 0.13963333014535315  1.4788875057444967e-16 0.33303884195637634 
 3.5466865856919672 2 8.4591865856919526 2
7 0 0  1 2 2  0.99999999999999978 0.13963333014535315  0.99999999999999978 0.33303884195637634 
 3.5466865856919672 2 8.4591865856919526 2
1 -2.2204460492503131e-16 0.33303884195637634 -1 0 
7 0 0  1 2 2  1.4790885519923775e-16 0.13963333014535315  1.4790885519923775e-16 0.33303884195637634 
 3.5466865856919672 2 8.4591865856919526 2
7 0 0  1 2 2  1 0.13963333014535315  1 0.3330388419563764 
 3.5466865856919672 2 8.4591865856919526 2
1 6.2831853071795862 -1.17081652777778 -1 0 
7 0 0  1 2 2  1.0000000000000004 0.13963333014535315  1.0000000000000004 0.33303884195637634 
 3.5466865856919672 2 8.4591865856919526 2
7 0 0  1 2 2  1.4967756918094558e-16 0.13963333014535315  1.4967756918094558e-16 0.33303884195637634 
 3.5466865856919672 2 8.4591865856919526 2
1 4.4408920985006262e-16 0.33303884195637634 -1 0 
1 0 0.33303884195637634 -1 0 
7 0 0  3 25 23  0.018404155535585599 4.2632564145606011e-14  0.018125304694136965 -0.0019351525135372803  0.017567603011240447 -0.0058071371101140745  0.01673105048689686 -0.011620148644822871  0.015894497962551282 -0.017438190752355007  0.015057945438207368 -0.023261259360839087  0.014221392913862227 -0.029089350395262024  0.013384840389517535 -0.034922459776978658  0.012548287865172678 -0.040760583423871427  0.011711735340827889 -0.046603717250301824  0.010875182816483427 -0.052451857167127199  0.010038630292138369 -0.058304999081706305  0.0092020777677937395 -0.064163138897885399  0.0083655252434495144 -0.070026272516027263  0.0075289727191048903 -0.075894395832990735  0.006692420194759797 -0.081767504742141298  0.0058558676704149352 -0.087645595133364534  0.0050193151460706797 -0.093528662893058417  0.0041827626217254043 -0.099416703904122161  0.0033462100973813253 -0.10530971404599097  0.0025096575730359362 -0.11120768919463934  0.0016731050486917779 -0.11711062522246221  0.00083655252434726543 -0.12301851799875087  0.00027885084144950141 -0.12696041492492879  0 -0.12893218813449359 
 0.76699400786186178 4 0.76783056038620645 1 0.76866711291055123 1 0.7695036654348959 1 0.77034021795924057 1 0.77117677048358535 1 0.77201332300793002 1 0.77284987553227469 1 0.77368642805661947 1 0.77452298058096414 1 0.77535953310530881 1 0.77619608562965348 1 0.77703263815399826 1 0.77786919067834293 1 0.77870574320268759 1 0.77954229572703237 1 0.78037884825137704 1 0.78121540077572171 1 0.78205195330006649 1 0.78288850582441116 1 0.78372505834875583 1 0.78456161087310061 1 0.78539816339744528 4
7 0 0  3 25 23  0.018404155535581678 0  0.018125304694133603 -0.0019351525135788273  0.01756760301123728 -0.0058071371101545916  0.01673105048689259 -0.011620148644863881  0.015894497962547993 -0.01743819075239559  0.015057945438203432 -0.023261259360880634  0.014221392913858938 -0.029089350395299099  0.01338484038951385 -0.034922459777015739  0.012548287865169525 -0.040760583423908259  0.011711735340825159 -0.046603717250339405  0.010875182816480138 -0.052451857167165668  0.010038630292135831 -0.05830499908174043  0.0092020777677913872 -0.064163138897921773  0.0083655252434466972 -0.070026272516059196  0.0075289727191020245 -0.075894395833021586  0.0066924201947571975 -0.081767504742176242  0.0058558676704134902 -0.087645595133394566  0.0050193151460681176 -0.093528662893086367  0.0041827626217240642 -0.099416703904152456  0.0033462100973790146 -0.10530971404601987  0.0025096575730345861 -0.11120768919466532  0.0016731050486898432 -0.11711062522248955  0.00083655252434568553 -0.12301851799877532  0.00027885084144879083 -0.12696041492495297  0 -0.12893218813451846 
 0.76699400786186644 4 0.767830560386211 1 0.76866711291055567 1 0.76950366543490023 1 0.77034021795924479 1 0.77117677048358935 1 0.77201332300793402 1 0.77284987553227857 1 0.77368642805662313 1 0.77452298058096769 1 0.77535953310531236 1 0.77619608562965692 1 0.77703263815400148 1 0.77786919067834615 1 0.7787057432026907 1 0.77954229572703526 1 0.78037884825137982 1 0.78121540077572449 1 0.78205195330006905 1 0.78288850582441361 1 0.78372505834875816 1 0.78456161087310283 1 0.78539816339744739 4
1 0 -6.4999999999999858 1 0 
1 0.7853981633974475 0 0 1 
1 6.2831853071795862 0 -1 0 
1 6.2831853071795862 0 -1 0 
1 0 -6.4999999999999858 1 0 
1 0.7853981633974475 0 0 1 
7 0 0  1 2 2  5.5598106730944879e-17 0.23287222662880536  5.5598106730944929e-17 0.26365193750469729 
 5.9149545563716721 2 6.6967592126193285 2
7 0 0  1 2 2  1 0.2328722266288055  1.0000000000000004 0.26365193750469723 
 5.9149545563716721 2 6.6967592126193285 2
7 0 0  1 2 2  0.99999999999999967 0.25548356253356125  0.99999999999999967 0.28625046295557721 
 6.4892824883524742 2 7.2707617590716822 2
7 0 0  3 25 23  1 0.28625046295557727  0.98826251587403113 0.28618729085947203  0.964179197179866 0.28604826379998205  0.92628488737721992 0.28579384457879264  0.88667700919879033 0.28548571865525846  0.84541117265902688 0.28511605109994742  0.80254457676155044 0.28467703245986981  0.75813614193313617 0.28416075823531028  0.71225025538308584 0.28355967863701209  0.66494374169675396 0.28286484030457182  0.61623168898788094 0.28206571728563934  0.56618680100188035 0.28115339557915275  0.51469008852017306 0.28011506344172493  0.46233482146235805 0.27895188814798305  0.41082671255965653 0.27769936732979078  0.35980939157226599 0.27635208492817859  0.30917292938533264 0.27490680101680842  0.2597425050087947 0.27338966742105447  0.21213111543046378 0.27182875854864352  0.16624615939188775 0.27023114147806732  0.12213166825687591 0.268607656113588  0.079608921055222437 0.26696127033754208  0.038785516351479823 0.26530510551675385  0.0127288369953488 0.26420162190794899  0 0.26365193750469729 
 0 4 0.0048420667830262731 1 0.0096841335660525461 1 0.014526200349078819 1 0.019368267132105092 1 0.024210333915131367 1 0.029052400698157638 1 0.03389446748118391 1 0.038736534264210185 1 0.043578601047236459 1 0.048420667830262734 1 0.053262734613289002 1 0.058104801396315277 1 0.062946868179341545 1 0.067788934962367819 1 0.072631001745394094 1 0.077473068528420369 1 0.082315135311446644 1 0.087157202094472919 1 0.091999268877499193 1 0.096841335660525468 1 0.10168340244355173 1 0.106525469226578 4
7 0 0  3 25 23  3.4027817287753974 -1.4427901632501976  3.3996100663959048 -1.4475128691403967  3.3932202356883217 -1.4579360216936266  3.3835599696552836 -1.4770329177615065  3.3738886438883946 -1.5001085156744702  3.3642691003525815 -1.5277227861332687  3.3547633453265724 -1.5604639179357387  3.3454322932632494 -1.5989497590351003  3.3363371144513794 -1.643830864941721  3.3275353621164001 -1.6957669981600156  3.3190762345730853 -1.7554803876865073  3.3110186217674782 -1.8236392617417034  3.3033934857213878 -1.9012114748140909  3.2963391875050592 -1.988115892626112  3.2900828103135882 -2.0816894187558046  3.28455103128716 -2.1823641609880502  3.2797248109450994 -2.2903643248110597  3.275661046733688 -2.4037080744075849  3.2723577653312099 -2.5203345089503899  3.2697509599442309 -2.639716085173883  3.2677898822919613 -2.7610136967673298  3.2664174066888894 -2.884022407795094  3.2655915096060228 -3.0077711423719729  3.2653734385106863 -3.0902236174767514  3.2653398445253834 -3.131295509015986 
 0 4 0.0048420667830262731 1 0.0096841335660525461 1 0.014526200349078819 1 0.019368267132105092 1 0.024210333915131367 1 0.029052400698157638 1 0.03389446748118391 1 0.038736534264210185 1 0.043578601047236459 1 0.048420667830262734 1 0.053262734613289002 1 0.058104801396315277 1 0.062946868179341545 1 0.067788934962367819 1 0.072631001745394094 1 0.077473068528420369 1 0.082315135311446644 1 0.087157202094472919 1 0.091999268877499193 1 0.096841335660525468 1 0.10168340244355173 1 0.106525469226578 4
7 0 0  1 2 2  -3.7984466105072508e-16 0.21666725206827031  -1.4796092141038703e-16 0.24783113533980705 
 5.5033482025340827 2 6.2949108376311216 2
7 0 0  3 47 45  0 0.21666725206827028  0.0028882412150370339 0.21661907564890581  0.0086968323355660244 0.21652421502968747  0.017505521646636268 0.21638669309209313  0.026409486104443151 0.21625423247980063  0.035408212374028934 0.21612712552209282  0.044501193624065398 0.21600566456602355  0.053687940442919371 0.21589014189235436  0.062967943267468421 0.21578085002924091  0.072340810101591019 0.21567808058155533  0.081805751443501287 0.21558212859991224  0.091363500944313975 0.21549327627523593  0.10100914576231339 0.21541185379147285  0.11076734743135781 0.21533793893943098  0.12063860918478597 0.21527183169000702  0.13062276380979737 0.21521383648610373  0.14071969553517835 0.2151642575480944  0.15093000504809803 0.21512339551446433  0.16125163147819632 0.21509156557378262  0.17169321461235856 0.21506902556821048  0.18225804784297547 0.21505605132616332  0.19294871070958525 0.21505293219701915  0.20376798839617824 0.21505995099755332  0.21471792867348355 0.2150773806174468  0.22580272401821672 0.21510551234388206  0.23702164197547912 0.21514454445006562  0.24838035976147432 0.21519495783087272  0.25988076772155233 0.21525695218784202  0.27152268140191693 0.21533063693799911  0.28330660909410471 0.21541614569238451  0.29523301307134853 0.2155136055704949  0.30730251057456148 0.21562314546398428  0.31951581508483745 0.21574489366742705  0.33187376742874614 0.21587897909155121  0.34437725534902103 0.21602552877955672  0.35702747440297172 0.21618467662859767  0.36982491663083955 0.2163565309875389  0.38277308450288133 0.21654129554445398  0.3958519815171872 0.21673852300851371  0.40906332994729233 0.21694805660636388  0.42240676316122927 0.2171697284349747  0.43588256959406818 0.21740337357350481  0.44949094953330188 0.21764882630203461  0.46323220316833064 0.21790592111476462  0.4771066631445563 0.21817449244850015  0.48644535307990799 0.21836108065316687  0.49113702025488004 0.21845623232568487 
 -0.057603810434364897 4 -0.056294632924492966 1 -0.054985455414621034 1 -0.05367627790474911 1 -0.052367100394877179 1 -0.051057922885005248 1 -0.049748745375133317 1 -0.048439567865261393 1 -0.047130390355389462 1 -0.045821212845517531 1 -0.0445120353356456 1 -0.043202857825773669 1 -0.041893680315901738 1 -0.040584502806029814 1 -0.039275325296157883 1 -0.037966147786285959 1 -0.036656970276414028 1 -0.035347792766542097 1 -0.034038615256670166 1 -0.032729437746798234 1 -0.031420260236926303 1 -0.030111082727054376 1 -0.028801905217182448 1 -0.027492727707310517 1 -0.026183550197438586 1 -0.024874372687566655 1 -0.023565195177694731 1 -0.0222560176678228 1 -0.020946840157950869 1 -0.019637662648078938 1 -0.018328485138207014 1 -0.017019307628335083 1 -0.015710130118463152 1 -0.014400952608591221 1 -0.01309177509871929 1 -0.011782597588847366 1 -0.010473420078975434 1 -0.0091642425691035034 1 -0.0078550650592315724 1 -0.0065458875493596483 1 -0.0052367100394877172 1 -0.0039275325296157862 1 -0.0026183550197438551 1 -0.0013091775098719241 1 -0 4
7 0 0  3 47 45  3.4532406746335154 -0.044008913887403793  3.4521824939510846 -0.045173434270081622  3.4500607186631376 -0.047463310859826642  3.4468630360555936 -0.05077443955626694  3.4436515485397492 -0.05395567659249946  3.4404274965249675 -0.057000857833891728  3.4371921376941934 -0.059903854683038819  3.4339467457487483 -0.062658586361658955  3.4306926218007585 -0.065259019812284311  3.4274310478256043 -0.06769920198234905  3.4241634589906877 -0.069973175851832603  3.4208907981838754 -0.072075329954850428  3.4176159226333613 -0.073999130996363335  3.4143317586725175 -0.075743531699306588  3.4110395978291654 -0.077301690065989276  3.4077409688537781 -0.078666901141907539  3.4044374190782039 -0.079832558335545423  3.4011302993559593 -0.08079222198974001  3.397821838902511 -0.081539443699297248  3.3945108932284795 -0.082068491700852078  3.3911981485645883 -0.082372869394379794  3.3878845845665948 -0.082446039063901078  3.3845711931390063 -0.082281400405374308  3.3812592608575023 -0.08187237464529129  3.3779495090388383 -0.08121226321338619  3.374644204959333 -0.080294647037980768  3.3713437564219686 -0.079113025214728891  3.3680498031585957 -0.077660867914167736  3.3647646462501934 -0.075932054128999005  3.361490431054627 -0.073920702885885967  3.3582293640961796 -0.071621230731423471  3.3549836524167391 -0.069028347953289659  3.351755518644429 -0.066137073258601353  3.3485471902783988 -0.062942735444836626  3.3453609159626754 -0.059441008004947657  3.3421988991838907 -0.055627824083100109  3.3390635349074844 -0.051499735802285923  3.3359565166874519 -0.047052613999430608  3.3328852205986461 -0.04229057383538444  3.3298516263204259 -0.037211824761355393  3.3268582552301242 -0.031815441060635302  3.3239074706971272 -0.026100648302052745  3.3210016625843743 -0.020067008553346317  3.3181431938945707 -0.013714375362174342  3.3153344145263342 -0.0070428676689148597  3.3134965677617734 -0.0023829523009552089  3.3125867006615439 0 
 -0.057603810434364897 4 -0.056294632924492966 1 -0.054985455414621034 1 -0.05367627790474911 1 -0.052367100394877179 1 -0.051057922885005248 1 -0.049748745375133317 1 -0.048439567865261393 1 -0.047130390355389462 1 -0.045821212845517531 1 -0.0445120353356456 1 -0.043202857825773669 1 -0.041893680315901738 1 -0.040584502806029814 1 -0.039275325296157883 1 -0.037966147786285959 1 -0.036656970276414028 1 -0.035347792766542097 1 -0.034038615256670166 1 -0.032729437746798234 1 -0.031420260236926303 1 -0.030111082727054376 1 -0.028801905217182448 1 -0.027492727707310517 1 -0.026183550197438586 1 -0.024874372687566655 1 -0.023565195177694731 1 -0.0222560176678228 1 -0.020946840157950869 1 -0.019637662648078938 1 -0.018328485138207014 1 -0.017019307628335083 1 -0.015710130118463152 1 -0.014400952608591221 1 -0.01309177509871929 1 -0.011782597588847366 1 -0.010473420078975434 1 -0.0091642425691035034 1 -0.0078550650592315724 1 -0.0065458875493596483 1 -0.0052367100394877172 1 -0.0039275325296157862 1 -0.0026183550197438551 1 -0.0013091775098719241 1 0 4
7 0 0  3 25 23  1 0.26365193750469729  0.98605739491939326 0.26310432423426727  0.95744224771440678 0.26200455396150485  0.91240386337878099 0.26035649865927324  0.86530053519422956 0.25872458911768331  0.81626498057380703 0.25712577076157778  0.76512744240299391 0.25556807558023603  0.71292813052125414 0.25409499287156567  0.66003482579150863 0.25272565968721583  0.60633468939386215 0.25146501350444495  0.55197785117761489 0.25032660497188469  0.49935297811337731 0.24936068989347132  0.44807003345920221 0.24855079840210165  0.39817379676343068 0.24789257713547563  0.35011750660876656 0.247384894264713  0.30403925741991017 0.24701719570539551  0.25997790070712012 0.24677790558603815  0.21797678358115707 0.24665580490232122  0.17817245545126653 0.24663926896832855  0.1396387991477214 0.24671781062970879  0.10251535646097333 0.2468836247338636  0.066801161338238713 0.24712839773557163  0.032534870959695858 0.24744395235979996  0.010676872743780571 0.24769603388219141  0 0.24783113533980713 
 0 4 0.0048328454897341366 1 0.0096656909794682732 1 0.014498536469202409 1 0.019331381958936546 1 0.024164227448670684 1 0.028997072938404818 1 0.033829918428138955 1 0.038662763917873093 1 0.04349560940760723 1 0.048328454897341368 1 0.053161300387075505 1 0.057994145876809636 1 0.06282699136654378 1 0.067659836856277911 1 0.072492682346012055 1 0.077325527835746186 1 0.082158373325480316 1 0.086991218815214461 1 0.091824064304948591 1 0.096656909794682735 1 0.10148975528441687 1 0.106322600774151 4
7 0 0  3 25 23  3.2653398445253834 -3.131295509015986  3.265306144134914 -3.1722101728400482  3.2654340713042513 -3.2543676573307811  3.2663315610079384 -3.3774769919702803  3.2680547198877048 -3.4994079710773818  3.2707220252235505 -3.6188994840561191  3.2744821842469287 -3.7353093064983285  3.2793774403132869 -3.8453467889871771  3.2854408922224163 -3.9476568540708312  3.2927453551688335 -4.0418736867754772  3.3013442273473905 -4.1269320837082759  3.3108250560954757 -4.1991100604568192  3.3211419200993753 -4.2596199850603913  3.3321996827461069 -4.3087867955101897  3.3437852751334614 -4.3467756011671872  3.35573711282552 -4.3742828788611856  3.3679171309523799 -4.3921410569626955  3.3801909465310667 -4.4012026791390957  3.392394942819684 -4.4024406975036303  3.4047179187501748 -4.3966259283783877  3.4170444025329982 -4.3842661890347534  3.4293011185842448 -4.3659652669860805  3.4414072974739729 -4.3423402376756046  3.4493293325410077 -4.3234832001277326  3.4532406746335149 -4.3133863090456899 
 0 4 0.0048328454897341366 1 0.0096656909794682732 1 0.014498536469202409 1 0.019331381958936546 1 0.024164227448670684 1 0.028997072938404818 1 0.033829918428138955 1 0.038662763917873093 1 0.04349560940760723 1 0.048328454897341368 1 0.053161300387075505 1 0.057994145876809636 1 0.06282699136654378 1 0.067659836856277911 1 0.072492682346012055 1 0.077325527835746186 1 0.082158373325480316 1 0.086991218815214461 1 0.091824064304948591 1 0.096656909794682735 1 0.10148975528441687 1 0.106322600774151 4
7 0 0  1 2 2  0.99999999999999978 0.2344813129665782  0.99999999999999989 0.26526011221449808 
 5.9558253493511053 2 6.7376068502482731 2
7 0 0  3 25 23  3.7632436125841773 -3.4773362671524524  3.7595310991466779 -3.502110327394603  3.7520779288499351 -3.5510420506599365  3.7408135021374398 -3.622599001439776  3.7294641560711104 -3.6923242007095038  3.718029667359557 -3.7602253933346135  3.7065098298245918 -3.8263095780146488  3.6949044573300895 -3.8905829007021948  3.683213383877312 -3.9530506802089338  3.6714364644682282 -4.0137173970771753  3.6595735757709265 -4.0725866909546289  3.6476246168449578 -4.129661354322951  3.6355895098565196 -4.184943325804193  3.6234682008012089 -4.2384336821446356  3.6112606602282695 -4.2901326290831063  3.5989668839673801 -4.3400394909857614  3.5865868938541592 -4.3881526993033528  3.5741207384623466 -4.4344697795143757  3.5615684938083096 -4.4789873375927352  3.5489302641504321 -4.5217010419073871  3.5362061824204827 -4.562605615585503  3.5233964120085672 -4.6016947829807862  3.5105011434703646 -4.6389613802958118  3.5018474545916458 -4.6625850241913973  3.4975064362090569 -4.6740902972141107 
 0.40437176633447919 4 0.41137009004447966 1 0.4183684137544802 1 0.42536673746448067 1 0.43236506117448115 1 0.43936338488448168 1 0.44636170859448215 1 0.45336003230448263 1 0.46035835601448316 1 0.46735667972448364 1 0.47435500343448411 1 0.48135332714448464 1 0.48835165085448512 1 0.4953499745644856 1 0.50234829827448613 1 0.50934662198448655 1 0.51634494569448708 1 0.52334326940448761 1 0.53034159311448803 1 0.53733991682448856 1 0.54433824053448898 1 0.55133656424448951 1 0.55833488795449004 4
7 0 0  3 25 23  3.4975064362090547 0  3.496843982266896 -0.00071573161255193067  3.4955182618689551 -0.0021430729734133805  3.4935272690770827 -0.0042715853805416074  3.4915338893747201 -0.0063874640982009619  3.4895381482613868 -0.0084905751196251052  3.4875400713763165 -0.010580784491425226  3.4855396845173545 -0.01265795833408215  3.4835370136345807 -0.014721962858383501  3.481532084830675 -0.016772664383115244  3.4795249243594442 -0.018809929352519354  3.4775155586248045 -0.02083362435397847  3.4755040141796361 -0.022843616135758117  3.4734903177246097 -0.024839771624822177  3.4714744961070179 -0.02682195794480282  3.4694565763195611 -0.028790042433966503  3.4674365854991311 -0.030743892663320161  3.4654145509255474 -0.032683376454817697  3.4633905000202372 -0.034608361899355664  3.4613644603452371 -0.036518717375972995  3.4593364596006655 -0.03841431156678364  3.4573065256279238 -0.040295013488139617  3.4552746863913693 -0.042160692461482151  3.4539188754906189 -0.043394376360149214  3.4532406618705518 -0.04400867106850289 
 -0.068540919564709701 4 -0.067709181259935788 1 -0.066877442955161889 1 -0.066045704650387976 1 -0.065213966345614063 1 -0.064382228040840164 1 -0.063550489736066251 1 -0.062718751431292338 1 -0.061887013126518439 1 -0.061055274821744526 1 -0.06022353651697062 1 -0.059391798212196714 1 -0.058560059907422801 1 -0.057728321602648895 1 -0.056896583297874989 1 -0.056064844993101076 1 -0.05523310668832717 1 -0.054401368383553264 1 -0.053569630078779351 1 -0.052737891774005445 1 -0.051906153469231539 1 -0.051074415164457626 1 -0.05024267685968372 4
7 0 0  3 25 23  3.4532406746335149 -4.3133863090456952  3.458048963108078 -4.3031735728965508  3.4676587697371439 -4.2819570876144812  3.4820517320733213 -4.2477365932901883  3.4964215046493812 -4.2110982738804665  3.5107666645817046 -4.1720177300214738  3.5250858026332867 -4.1304689770480474  3.5393775257079394 -4.0864241874665677  3.5536404571402858 -4.0398537005336408  3.567873237545804 -3.9907259557689669  3.5820745254891513 -3.9390074421451562  3.5962429981685773 -3.8846626381436717  3.6103773520624136 -3.8276539490789241  3.6244763035514067 -3.7679416397032246  3.6385385895122582 -3.7054837623514882  3.6525629678834872 -3.6402360801827021  3.666548218200977 -3.5721519855234254  3.6804931421099076 -3.5011824121046131  3.6943965638267575 -3.4272757442587825  3.7082573306482143 -3.3503777101130314  3.7220743131445593 -3.2704313055098559  3.7358464063894186 -3.1873765724665248  3.7495725271802924 -3.1011508877915306  3.7586919264468195 -3.0415085045776364  3.7632436125841777 -3.0111367136855725 
 0.77241010392138776 4 0.78092804831128249 1 0.78944599270117721 1 0.79796393709107205 1 0.80648188148096678 1 0.81499982587086151 1 0.82351777026075623 1 0.83203571465065096 1 0.8405536590405458 1 0.84907160343044052 1 0.85758954782033525 1 0.86610749221022998 1 0.87462543660012471 1 0.88314338099001954 1 0.89166132537991427 1 0.900179269769809 1 0.90869721415970373 1 0.91721515854959845 1 0.92573310293949329 1 0.93425104732938791 1 0.94276899171928275 1 0.95128693610917747 1 0.9598048804990722 4
7 0 0  3 47 45  0.45099065721076109 0.37632012121457353  0.44967395229891671 0.37610681585550554  0.44699446618922911 0.37566850466829893  0.44286519963969523 0.37497770195327795  0.43865397179532872 0.37425532902433639  0.43438926258618599 0.3735031507362489  0.43009985894855518 0.37272293515856153  0.42581485763567961 0.37191643836725446  0.42156385738205115 0.37108546119779517  0.41737626308891629 0.37023163744127241  0.413283918439598 0.36935722430680107  0.4093112750748793 0.36846215237576663  0.40551204556237719 0.36755503532245121  0.40164840044606226 0.36656627641099115  0.39788090356830053 0.36551398744876556  0.39430704313678061 0.3644006907018566  0.39109721501307626 0.36325245709843135  0.38820086938652715 0.36201675245961784  0.38561552208412642 0.36055502480374274  0.38388713533535046 0.35886299142227207  0.38396900100594616 0.35696568168267073  0.3860929970208094 0.35535807169722228  0.38901312619733186 0.35415319392958833  0.39250718119736966 0.35313608910952604  0.3959468957997595 0.35235256352378147  0.39966588500212141 0.35164084140647162  0.40374560093206019 0.35097711969833734  0.40808578971577653 0.35036505190315975  0.41263579991634874 0.3498009264229725  0.41733216618115337 0.34928303550375744  0.4221174991549097 0.34880902111745321  0.42692767515398677 0.34837712248821828  0.43172433748065359 0.34798384010538341  0.43637768582291941 0.34763203214536131  0.44114217579465143 0.34729805999118818  0.44608961406291264 0.34697658520573488  0.45119414549144221 0.346668700790359  0.45645615550140428 0.34637377644766865  0.46186907728576182 0.34609164363678124  0.46742829176487144 0.34582201008952995  0.47312874799930343 0.34556461669037397  0.4789656054646162 0.34531919544055262  0.48493406502630626 0.3450854807215607  0.49102942004370254 0.34486320627708877  0.49724703524537228 0.34465210602178681  0.50147060613457561 0.34451864455677988  0.50360125639159137 0.34445368748087052 
 -0.18062002937396901 4 -0.17692054243464742 1 -0.17322105549532582 1 -0.16952156855600423 1 -0.16582208161668263 1 -0.16212259467736106 1 -0.15842310773803947 1 -0.15472362079871788 1 -0.15102413385939628 1 -0.14732464692007469 1 -0.14362515998075309 1 -0.1399256730414315 1 -0.1362261861021099 1 -0.13252669916278831 1 -0.12882721222346671 1 -0.12512772528414515 1 -0.12142823834482355 1 -0.11772875140550196 1 -0.11402926446618036 1 -0.11032977752685877 1 -0.10663029058753717 1 -0.10293080364821559 1 -0.099231316708893999 1 -0.095531829769572404 1 -0.09183234283025081 1 -0.088132855890929215 1 -0.084433368951607635 1 -0.08073388201228604 1 -0.077034395072964446 1 -0.073334908133642851 1 -0.06963542119432127 1 -0.065935934254999676 1 -0.062236447315678081 1 -0.058536960376356487 1 -0.054837473437034906 1 -0.051137986497713311 1 -0.047438499558391717 1 -0.043739012619070122 1 -0.040039525679748528 1 -0.036340038740426933 1 -0.032640551801105339 1 -0.028941064861783744 1 -0.025241577922462177 1 -0.021542090983140583 1 -0.017842604043818981 4
7 0 0  3 47 45  0.035966203556573234 0  0.036849069037354708 -0.0039160711372816558  0.038643020700223685 -0.011997507228276957  0.041399064280707255 -0.024860642411879932  0.044200658653356116 -0.03845779482847779  0.047028305991124238 -0.05278222260570746  0.049862549028691361 -0.067827192748581511  0.0526840117932822 -0.083586350218049471  0.055473279056042928 -0.10005249595874058  0.058211348033295328 -0.11722241632630855  0.06087794628993367 -0.13507940505329005  0.063457805686476035 -0.1536593166970604  0.065917238279847565 -0.17280520923985784  0.068410337571182145 -0.19406267585246267  0.070833257176330683 -0.21716957420512153  0.073124182856781655 -0.24219548679612285  0.075175577641165517 -0.2686764679792929  0.077021806237650856 -0.2979580724430827  0.078665633366605689 -0.33378038877951444  0.079762181410095265 -0.3770250277280221  0.079710338185949567 -0.42835940377646498  0.078362433970477055 -0.47474745340758201  0.076504768901868622 -0.511383356781831  0.074275381512452096 -0.54375953524285148  0.072073758657046502 -0.56974850487976825  0.069686466648354164 -0.59420592686056772  0.06705878183540967 -0.61788580661749393  0.064253132726114284 -0.64053924424823483  0.06130058455385122 -0.66218470309391442  0.058241025411706622 -0.68277009326442639  0.055111024067814617 -0.70227393432568874  0.051952268700532746 -0.720657543948095  0.0487899820478725 -0.73797028433481759  0.045710824848289026 -0.75398593447933215  0.042546602117175231 -0.76968044575717343  0.039248310517258245 -0.78528566237881436  0.03583201223470811 -0.80073931082531713  0.032296325141080238 -0.8160577751004825  0.028644531936350675 -0.8312362185394413  0.024878656677844942 -0.84627537240068429  0.02100105258243886 -0.86117439953701813  0.017013977125656977 -0.87593285975853741  0.012919706435861565 -0.89055024059435339  0.0087205049490423348 -0.90502615111264295  0.0044186344478372294 -0.9193603058423796  0.0014837781562465032 -0.92882188707383129  -9.4799528227440533e-09 -0.93352903038979518 
 -0.18062002937396901 4 -0.17692054243464742 1 -0.17322105549532582 1 -0.16952156855600423 1 -0.16582208161668263 1 -0.16212259467736106 1 -0.15842310773803947 1 -0.15472362079871788 1 -0.15102413385939628 1 -0.14732464692007469 1 -0.14362515998075309 1 -0.1399256730414315 1 -0.1362261861021099 1 -0.13252669916278831 1 -0.12882721222346671 1 -0.12512772528414515 1 -0.12142823834482355 1 -0.11772875140550196 1 -0.11402926446618036 1 -0.11032977752685877 1 -0.10663029058753717 1 -0.10293080364821559 1 -0.099231316708893999 1 -0.095531829769572404 1 -0.09183234283025081 1 -0.088132855890929215 1 -0.084433368951607635 1 -0.08073388201228604 1 -0.077034395072964446 1 -0.073334908133642851 1 -0.06963542119432127 1 -0.065935934254999676 1 -0.062236447315678081 1 -0.058536960376356487 1 -0.054837473437034906 1 -0.051137986497713311 1 -0.047438499558391717 1 -0.043739012619070122 1 -0.040039525679748528 1 -0.036340038740426933 1 -0.032640551801105339 1 -0.028941064861783744 1 -0.025241577922462177 1 -0.021542090983140583 1 -0.017842604043818981 4
7 0 0  3 25 23  0.50360125639159137 0.34445368748087052  0.50406835403947603 0.34443944713540564  0.50500436386678682 0.34441113693003794  0.50641377598752157 0.3443691802747752  0.50782853919536153 0.34432772946840423  0.50924860746996337 0.34428678170702615  0.51067393496972369 0.34424633418674427  0.51210447605704768 0.34420638410366061  0.51354018529172973 0.34416692865387727  0.51498101743283753 0.34412796503349674  0.51642692743827656 0.34408949043862103  0.51787787046493261 0.34405150206535279  0.51933380186862799 0.34401399710979452  0.52079467720408346 0.34397697276804817  0.52226045222484174 0.34394042623621579  0.52373108288317294 0.34390435471040032  0.52520652532993384 0.34386875538670392  0.52668673591444748 0.34383362546122853  0.52817167118419484 0.34379896213007632  0.52966128788508604 0.34376476258935035  0.53115554295944167 0.3437310240351526  0.53265439355241595 0.34369774366358496  0.53415779698678667 0.3436649186707505  0.53516307289940523 0.34364333705875072  0.53566645551412539 0.34363262121457366 
 -0.017842604043818981 4 -0.017031576587281754 1 -0.016220549130744527 1 -0.015409521674207302 1 -0.014598494217670076 1 -0.013787466761132849 1 -0.012976439304595622 1 -0.012165411848058395 1 -0.01135438439152117 1 -0.010543356934983945 1 -0.0097323294784467176 1 -0.0089213020219094906 1 -0.0081102745653722635 1 -0.0072992471088350382 1 -0.0064882196522978112 1 -0.0056771921957605859 1 -0.0048661647392233588 1 -0.0040551372826861318 1 -0.0032441098261489065 1 -0.0024330823696116794 1 -0.0016220549130744541 1 -0.00081102745653722705 1 -0 4
7 0 0  3 25 23  6.2816025707255285 -0.9335290303899042  6.2812772843182438 -0.93456096722192628  6.2806251389493939 -0.93662257093292978  6.2796422269234755 -0.9397081702504555  6.2786546446189266 -0.942786966689798  6.2776624157163869 -0.94585896445945372  6.2766655638877662 -0.94892416833491278  6.2756641127950541 -0.95198258374935574  6.2746580860906676 -0.95503421678591327  6.2736475074173894 -0.95807907419603366  6.2726324004084066 -0.96111716341003339  6.2716127886873085 -0.96414849254872281  6.2705886958680885 -0.96717307043426315  6.2695601455551468 -0.97019090660065632  6.2685271613432665 -0.97320201130305983  6.2674897668176239 -0.97620639552749178  6.2664479855537216 -0.97920407099898354  6.265401841117396 -0.98219505019021114  6.2643513570647702 -0.98517934632842574  6.2632965569421879 -0.98815697340466935  6.2622374642862573 -0.99112794617310973  6.2611741026234533 -0.99409228018417273  6.2601064954713319 -0.99704999169031394  6.2593919427129103 -0.99901739591316574  6.2590339665874053 -1 
 -0.017842604043818981 4 -0.017031576587281754 1 -0.016220549130744527 1 -0.015409521674207302 1 -0.014598494217670076 1 -0.013787466761132849 1 -0.012976439304595622 1 -0.012165411848058395 1 -0.01135438439152117 1 -0.010543356934983945 1 -0.0097323294784467176 1 -0.0089213020219094906 1 -0.0081102745653722635 1 -0.0072992471088350382 1 -0.0064882196522978112 1 -0.0056771921957605859 1 -0.0048661647392233588 1 -0.0040551372826861318 1 -0.0032441098261489065 1 -0.0024330823696116794 1 -0.0016220549130744541 1 -0.00081102745653722705 1 -0 4
7 0 0  1 2 2  0.99999999999999967 0.33217317020493398  0.99999999999999967 0.36289662212457163 
 8.4371985232053461 2 9.2175742019641511 2
7 0 0  1 2 2  8.639342599132373e-17 0.3321731702049337  8.6420673878322829e-17 0.36289662212457163 
 8.4371985232053461 2 9.2175742019641511 2
7 0 0  3 25 23  1 0.36289662212457169  0.99296402612218126 0.36311260034671755  0.97885816964083106 0.36353805099681097  0.9575933553915118 0.36415827603188772  0.93621833894248496 0.36476211656943275  0.91472849024923741 0.36535113905197875  0.89311883169732376 0.36592690992205246  0.87138395657461098 0.36649099562220561  0.84951799349357926 0.36704496259489666  0.82751455297049037 0.36759037728292915  0.80536666933878931 0.36812880612782245  0.78306674335356652 0.36866181557588273  0.76060644394828791 0.36919097205555917  0.73797672154654448 0.36971784206193931  0.7151673546680124 0.37024399184141343  0.69216817805283282 0.37077098856852375  0.66896396245316969 0.37130039595390107  0.6455528985028085 0.37183379063567218  0.62187688154320708 0.37237270100588732  0.59821338157833392 0.37291950034664828  0.57455315156038589 0.37347274300425143  0.5508987810916065 0.37403143555812113  0.52724971144641475 0.37459446337055535  0.5114874201478653 0.37497198408300592  0.50360722618428866 0.37516110476081865 
 0 4 0.013316419156788523 1 0.026632838313577045 1 0.039949257470365568 1 0.05326567662715409 1 0.066582095783942613 1 0.079898514940731136 1 0.093214934097519658 1 0.10653135325430818 1 0.1198477724110967 1 0.13316419156788523 1 0.14648061072467375 1 0.15979702988146227 1 0.17311344903825079 1 0.18642986819503932 1 0.19974628735182784 1 0.21306270650861636 1 0.22637912566540488 1 0.23969554482219341 1 0.25301196397898196 1 0.26632838313577045 1 0.27964480229255895 1 0.2929612214493475 4
7 0 0  3 25 23  5.891182018943975 4.2840193036137535  5.8973042722909996 4.3001567890419956  5.9095294862965728 4.3319410458374454  5.9278141475497605 4.378264248294288  5.9460505842205995 4.4233527035728768  5.9642429724630022 4.4673266808417509  5.9823950088774023 4.5103071187850494  6.0005098531609447 4.5524154204010907  6.0185901608346173 4.59377300541182  6.0366380912428017 4.6345009402527051  6.0546553237421694 4.6747195633805205  6.072643065789805 4.7145481122563142  6.0906020857205743 4.7541044070029708  6.1085326558580002 4.7935043633813521  6.1264348310664722 4.8328621892766286  6.1443074770989972 4.872288075763243  6.1621519665952702 4.9118952854005542  6.1799584572808133 4.9517722177818779  6.1977571765738348 4.9920852317933768  6.2153280447573227 5.032502803191516  6.2326703992483754 5.0730705146091122  6.249773358960466 5.1138096252632765  6.2666282804153832 5.1547348343440387  6.2776929773173498 5.1821413320390439  6.2831807636518056 5.1958758512624552 
 0 4 0.013316419156788523 1 0.026632838313577045 1 0.039949257470365568 1 0.05326567662715409 1 0.066582095783942613 1 0.079898514940731136 1 0.093214934097519658 1 0.10653135325430818 1 0.1198477724110967 1 0.13316419156788523 1 0.14648061072467375 1 0.15979702988146227 1 0.17311344903825079 1 0.18642986819503932 1 0.19974628735182784 1 0.21306270650861636 1 0.22637912566540488 1 0.23969554482219341 1 0.25301196397898196 1 0.26632838313577045 1 0.27964480229255895 1 0.2929612214493475 4
7 0 0  1 2 2  -5.9510057974302505e-16 0.25781658913900612  -5.9511413227018141e-16 0.28858216778464202 
 6.5485413641307773 2 7.3299870617299305 2
7 0 0  1 2 2  1.0000000000000002 0.25781658913900612  1.0000000000000002 0.28858216778464185 
 6.5485413641307773 2 7.3299870617299305 2
7 0 0  3 25 23  0 0.25781658913900612  0.02108738586102539 0.25775387482357381  0.062650646806098942 0.25757036243166609  0.12311126621364518 0.25713830403038801  0.18162373734840981 0.2565671404640617  0.23817366199022313 0.25587377525576266  0.29256713070217444 0.25507801325107882  0.3453622424343501 0.25418760060435741  0.39664856839199059 0.25321244139369548  0.44633741045480879 0.25216563690461363  0.49439055053641134 0.25105941828013612  0.54075563722405717 0.24990630002585013  0.58539303507248164 0.24871853333958352  0.62822936642548233 0.24750913928764262  0.6693126427817524 0.24628832277017651  0.70972640027125178 0.24503055389373066  0.74923043794679134 0.24374747049991435  0.78786593965189999 0.24244289514877096  0.82559914362919595 0.24112274449874768  0.86241666045146692 0.23979237409624377  0.89829978157427837 0.23845728983744521  0.93323120898790601 0.23712295733144018  0.96719315234701453 0.23579485298592087  0.98917610397853017 0.23491725119614829  1 0.2344813129665782 
 0 4 0.0069024611337632734 1 0.013804922267526547 1 0.02070738340128982 1 0.027609844535053094 1 0.03451230566881637 1 0.04141476680257964 1 0.04831722793634291 1 0.055219689070106187 1 0.062122150203869464 1 0.069024611337632741 1 0.075927072471396004 1 0.082829533605159281 1 0.089731994738922558 1 0.09663445587268582 1 0.1035369170064491 1 0.11043937814021237 1 0.11734183927397565 1 0.12424430040773893 1 0.1311467615415022 1 0.13804922267526548 1 0.14495168380902873 1 0.15185414494279201 4
7 0 0  3 25 23  4.0430024364631922 -1.7346563750655601  4.0385233355794368 -1.7393406458462404  4.0296069734625304 -1.7530507935719648  4.0163581013450713 -1.7853275237335957  4.0032360972155141 -1.8279809776648532  3.9902385011201904 -1.8797515326540963  3.9774112567882471 -1.9391653668646196  3.9646255168526361 -2.0057050648887134  3.9518569995888275 -2.0785889140677227  3.9391294209593588 -2.156804767133587  3.9264587337408785 -2.2394212824094319  3.9138689411405134 -2.3255011520821669  3.9013852580402117 -2.4141447407290566  3.8890462711581875 -2.5044094624344089  3.8768626654990603 -2.5955949343377918  3.8645216641679663 -2.6895850965132286  3.8520936971081667 -2.785475528900935  3.8395703605692701 -2.8829579107121868  3.8269667341306053 -2.9815739593651069  3.8142940831064198 -3.0809162456222121  3.801567262819193 -3.1805751707317742  3.7888029106302081 -3.2801544168816679  3.7760197527881254 -3.3792662830721811  3.7674996631161055 -3.4447813476136626  3.7632436125841773 -3.4773362671524519 
 0 4 0.0069024611337632734 1 0.013804922267526547 1 0.02070738340128982 1 0.027609844535053094 1 0.03451230566881637 1 0.04141476680257964 1 0.04831722793634291 1 0.055219689070106187 1 0.062122150203869464 1 0.069024611337632741 1 0.075927072471396004 1 0.082829533605159281 1 0.089731994738922558 1 0.09663445587268582 1 0.1035369170064491 1 0.11043937814021237 1 0.11734183927397565 1 0.12424430040773893 1 0.1311467615415022 1 0.13804922267526548 1 0.14495168380902873 1 0.15185414494279201 4
7 0 0  3 25 23  1 0.26526011221449808  0.98926643483543353 0.26569216636180926  0.96740298795147039 0.26656501738863292  0.93344180783212438 0.26789399657028057  0.89833777000818471 0.26923615282473007  0.86211328380643004 0.27058496063033383  0.82479044749708152 0.2719338942910115  0.78639107441548839 0.27327642876145292  0.74693701048187733 0.27460603656769805  0.706449758669348 0.27591619929961803  0.6649526583066212 0.2772003647204056  0.62246361108708093 0.27845210683614247  0.57902312291932756 0.27966452850802392  0.53459055345351891 0.28083249093391005  0.48943215830963938 0.28194429310988578  0.4424854837334079 0.28301693887087481  0.39361485472552066 0.28403999666164542  0.34292938375656085 0.28499833818442427  0.29044825046957595 0.28587837592273452  0.23630880402449775 0.28666505597746267  0.18020361903184826 0.28734852925756599  0.12212744268212644 0.28791210387361443  0.062144584658742556 0.28833853598607995  0.020915833057718797 0.28851999890028157  0 0.28858216778464196 
 0 4 0.0068287641053924545 1 0.013657528210784909 1 0.020486292316177365 1 0.027315056421569818 1 0.034143820526962271 1 0.04097258463235473 1 0.047801348737747183 1 0.054630112843139636 1 0.061458876948532089 1 0.068287641053924542 1 0.075116405159317001 1 0.081945169264709461 1 0.088773933370101907 1 0.095602697475494366 1 0.10243146158088681 1 0.10926022568627927 1 0.11608898979167173 1 0.12291775389706418 1 0.12974651800245662 1 0.13657528210784908 1 0.14340404621324154 1 0.150232810318634 4
7 0 0  3 25 23  3.7632436125841773 -3.0111367136855622  3.7674641754528215 -2.9788559137953063  3.775939259511321 -2.9136900453164265  3.7887251776401745 -2.8145581994715712  3.801554716077669 -2.714467507610598  3.8144020139260646 -2.6138616473474174  3.8272436552063005 -2.5131963520191043  3.8400589697952308 -2.412940496064734  3.8528298237600991 -2.3135751053616911  3.865540696673333 -2.2155917788939141  3.8781780528533409 -2.1194952750410652  3.8907322002805809 -2.0257898626598094  3.9031898733776904 -1.9350263686672706  3.915561418104371 -1.847622667032389  3.9277788450433908 -1.7645297565394626  3.9401258649261242 -1.6844081289775068  3.9526199376004354 -1.6079793190208742  3.9652211542156151 -1.5363698540044086  3.9779167721629931 -1.4705959896660932  3.9906715596078519 -1.4118105473523008  4.0035573734042238 -1.3607530214388643  4.0165752600324574 -1.3186468078502427  4.0297158665951951 -1.2867789189119063  4.0385597618874902 -1.2732168272012041  4.0430024364631922 -1.2685710055807786 
 0 4 0.0068287641053924545 1 0.013657528210784909 1 0.020486292316177365 1 0.027315056421569818 1 0.034143820526962271 1 0.04097258463235473 1 0.047801348737747183 1 0.054630112843139636 1 0.061458876948532089 1 0.068287641053924542 1 0.075116405159317001 1 0.081945169264709461 1 0.088773933370101907 1 0.095602697475494366 1 0.10243146158088681 1 0.10926022568627927 1 0.11608898979167173 1 0.12291775389706418 1 0.12974651800245662 1 0.13657528210784908 1 0.14340404621324154 1 0.150232810318634 4
7 0 0  1 2 2  7.2416602229689437e-17 0.23463135853654318  7.2416602229689437e-17 0.26541007277613404 
 5.9596365068282182 2 6.741415848513828 2
7 0 0  1 2 2  1 0.23463135853654318  1.0000000000000002 0.26541007277613404 
 5.9596365068282182 2 6.741415848513828 2
7 0 0  3 25 23  0 0.23463135853654327  0.011834482602792644 0.23535235719759581  0.036358085423119246 0.23681101835894625  0.075606476737965625 0.23902056440060232  0.11721447097385014 0.24122313055670713  0.16108728837953307 0.24339052202684644  0.20709735551146982 0.24549328343860985  0.25521947713303711 0.24750666232280424  0.30546096926582822 0.2494103099214092  0.35788044663714741 0.25118446704257047  0.41185317843763525 0.25278480343634091  0.46471276616321161 0.25413807960320611  0.51741716794196801 0.25528366108178091  0.56840508611404772 0.25620296251694286  0.61687273777284712 0.25691203766525306  0.66265480721782077 0.25744070447892892  0.70657888019847725 0.25782715899725001  0.75027778517801069 0.2580986866313385  0.79332206586454257 0.25826136417524104  0.83582488641497366 0.25832686152291456  0.87775301568940023 0.25830534989905712  0.91911147448807273 0.25820740210549059  0.9598942310838684 0.25804348330480592  0.98669631659086743 0.25789721952786043  1 0.25781658913900612 
 0 4 0.0063595583729976818 1 0.012719116745995364 1 0.019078675118993044 1 0.025438233491990727 1 0.031797791864988406 1 0.038157350237986089 1 0.044516908610983771 1 0.050876466983981454 1 0.057236025356979137 1 0.063595583729976812 1 0.069955142102974502 1 0.076314700475972178 1 0.082674258848969867 1 0.089033817221967543 1 0.095393375594965232 1 0.10175293396796291 1 0.10811249234096058 1 0.11447205071395827 1 0.12083160908695595 1 0.12719116745995362 1 0.13355072583295133 1 0.139910284205949 4
7 0 0  3 25 23  4.2532792047769004 -3.4661308545513125  4.25328507948071 -3.4122848126045366  4.2530944982977203 -3.303333412042575  4.2521024828190281 -3.1382855479268246  4.2503036531343881 -2.9737921406865668  4.2476026537348632 -2.8119652935145596  4.2439079851291215 -2.6549742740405202  4.2391203814059786 -2.504581391024157  4.2331343740528036 -2.3624076276310007  4.2258268620474393 -2.2299499566124941  4.217157781072749 -2.1104255844544837  4.2075500867580757 -2.0093658206690899  4.1968668763252444 -1.9238105345321779  4.1854546343165335 -1.855185614735207  4.1736156242173985 -1.8022327504223696  4.1615293441851424 -1.7627213324177717  4.1490991614903754 -1.7338683583716428  4.135895473361713 -1.713590759532603  4.1220450540654001 -1.7014477643287556  4.1075278877045527 -1.696561867989224  4.0923635687956939 -1.6981709646117287  4.076561883217459 -1.7054829363130308  4.060136314971265 -1.717716299761322  4.048779819938721 -1.7286354781509048  4.0430024364631922 -1.7346563750655637 
 0 4 0.0063595583729976818 1 0.012719116745995364 1 0.019078675118993044 1 0.025438233491990727 1 0.031797791864988406 1 0.038157350237986089 1 0.044516908610983771 1 0.050876466983981454 1 0.057236025356979137 1 0.063595583729976812 1 0.069955142102974502 1 0.076314700475972178 1 0.082674258848969867 1 0.089033817221967543 1 0.095393375594965232 1 0.10175293396796291 1 0.10811249234096058 1 0.11447205071395827 1 0.12083160908695595 1 0.12719116745995362 1 0.13355072583295133 1 0.139910284205949 4
7 0 0  3 47 45  1 0.28858216778464196  0.99496410990987827 0.28861267179731398  0.98472387488437862 0.28867274102470042  0.96886746112891253 0.28875832780073518  0.95252434762902172 0.28883769684030608  0.93570369231765638 0.28890914747285845  0.91841458231608986 0.28897097902462149  0.90066606829568852 0.28902149083382866  0.88246721903472936 0.28905898219391224  0.86382721757883396 0.28908175256550539  0.8447552961974536 0.28908810078523767  0.82526129875410448 0.28907632801854949  0.80535391335034723 0.28904472673964776  0.78504760298095011 0.28899162185885774  0.76433705798991347 0.28891521723326574  0.74329281012763315 0.28881416849679736  0.72170456694843699 0.28868544522925715  0.69929320034541331 0.28852330491663614  0.67615518736555758 0.28832427190025228  0.65228655783398937 0.28808426099143281  0.62771182090451028 0.28779937241572529  0.60244328466528507 0.2874655742717877  0.57651593317120975 0.28707917775161451  0.54988920572510736 0.28663525380074728  0.52281738110375264 0.28613369513949982  0.49540665147613083 0.28557316394600263  0.46763120970609601 0.28495011276455229  0.43950956780814376 0.2842617895618883  0.41101509559114452 0.28350447024881514  0.38225749351398874 0.28267752353743197  0.35406628750738306 0.28180500377405043  0.3262718492109678 0.28088470162667589  0.29892535350570948 0.27992014262021203  0.27202055372903344 0.27891345355070346  0.24556022537873487 0.27786662127273104  0.21982864411371947 0.27679427154136582  0.19479963391436897 0.27569972531442349  0.17050474066729357 0.27458842102468317  0.14694418011298011 0.27346443049577451  0.12418525961628796 0.2723351745129638  0.10200361077257745 0.27119328586647817  0.080386661269548576 0.27004113378533134  0.059354922609386039 0.26888286785430271  0.038919807959908875 0.26772216060151649  0.019095050458385204 0.26656281242595303  0.0062942493496786515 0.26579333034186653  0 0.2654100727761341 
 0 4 0.0033696297960646815 1 0.006739259592129363 1 0.010108889388194044 1 0.013478519184258726 1 0.016848148980323406 1 0.020217778776388088 1 0.02358740857245277 1 0.026957038368517452 1 0.030326668164582134 1 0.033696297960646812 1 0.037065927756711498 1 0.040435557552776176 1 0.043805187348840861 1 0.04717481714490554 1 0.050544446940970225 1 0.053914076737034904 1 0.057283706533099582 1 0.060653336329164267 1 0.064022966125228953 1 0.067392595921293624 1 0.07076222571735831 1 0.074131855513422995 1 0.07750148530948768 1 0.080871115105552352 1 0.084240744901617037 1 0.087610374697681723 1 0.090980004493746394 1 0.09434963428981108 1 0.097719264085875765 1 0.10108889388194045 1 0.10445852367800512 1 0.10782815347406981 1 0.11119778327013449 1 0.11456741306619916 1 0.11793704286226385 1 0.12130667265832853 1 0.12467630245439322 1 0.12804593225045791 1 0.13141556204652258 1 0.13478519184258725 1 0.13815482163865195 1 0.14152445143471662 1 0.14489408123078129 1 0.14826371102684599 4
7 0 0  3 47 45  4.0430024364631922 -1.2685710055807786  4.0451893388284308 -1.2662922131917131  4.0495957951326993 -1.2618293913349639  4.0562886750903111 -1.2555205647717118  4.0630498925103096 -1.249696398486748  4.0698649352192158 -1.2444626684410907  4.0767195250244326 -1.2399295128661056  4.083599651827984 -1.2362120601140882  4.090491569716022 -1.2334302786235123  4.0973817878272181 -1.231708986616475  4.1042571081164798 -1.231177845191191  4.1111044680807014 -1.2319711114113074  4.1179115034264386 -1.23422823020677  4.1246644120802189 -1.2380911820280076  4.1313558783627933 -1.2437138482903911  4.1379554400524805 -1.251226437858352  4.1445200080222442 -1.2608675474918123  4.1511165425512218 -1.2730144995112271  4.1576960550035915 -1.2879130401502188  4.1642410511339856 -1.3058552065130205  4.1707257828017701 -1.3271293461843616  4.1771282551766697 -1.3520419911961741  4.1834216381881442 -1.3808788795659468  4.1895962444912263 -1.4140371465711354  4.1955769203637079 -1.451516283292706  4.2013311221854455 -1.4933980634287682  4.2068551277793356 -1.539951048954483  4.2121354377614271 -1.5913795842982383  4.2171671544576377 -1.6479642953558102  4.2219185943989084 -1.7097492167142472  4.2262593300606479 -1.7749312153546206  4.2302337430905554 -1.8436913661839269  4.2338465453050533 -1.9157666376446842  4.2371124838425205 -1.9909940720739099  4.24004279165338 -2.0692089882383269  4.2426224545579947 -2.149323954942775  4.2448746411463532 -2.2311023266486427  4.2468153913623601 -2.314139504241056  4.2484634342221197 -2.3981291414014736  4.249834000119936 -2.4825066211406721  4.2509573809570087 -2.5678211153528423  4.2518465391284925 -2.653903362403276  4.2525134874020116 -2.7404451758076593  4.2529707670069623 -2.8271726626852467  4.2532310843904728 -2.9138004063383462  4.2532821293389986 -2.9712958811151293  4.2532792047769004 -2.9999320352861876 
 0 4 0.0033696297960646815 1 0.006739259592129363 1 0.010108889388194044 1 0.013478519184258726 1 0.016848148980323406 1 0.020217778776388088 1 0.02358740857245277 1 0.026957038368517452 1 0.030326668164582134 1 0.033696297960646812 1 0.037065927756711498 1 0.040435557552776176 1 0.043805187348840861 1 0.04717481714490554 1 0.050544446940970225 1 0.053914076737034904 1 0.057283706533099582 1 0.060653336329164267 1 0.064022966125228953 1 0.067392595921293624 1 0.07076222571735831 1 0.074131855513422995 1 0.07750148530948768 1 0.080871115105552352 1 0.084240744901617037 1 0.087610374697681723 1 0.090980004493746394 1 0.09434963428981108 1 0.097719264085875765 1 0.10108889388194045 1 0.10445852367800512 1 0.10782815347406981 1 0.11119778327013449 1 0.11456741306619916 1 0.11793704286226385 1 0.12130667265832853 1 0.12467630245439322 1 0.12804593225045791 1 0.13141556204652258 1 0.13478519184258725 1 0.13815482163865195 1 0.14152445143471662 1 0.14489408123078129 1 0.14826371102684599 4
7 0 0  1 2 2  3.2959968916856637e-16 0.2084501118475541  3.2959968916856637e-16 0.24258480446799302 
 5.2946328409278962 2 6.1616540334870464 2
7 0 0  1 2 2  1.0000000000000007 0.20845011184755441  1.0000000000000007 0.2425848044679933 
 5.2946328409278962 2 6.1616540334870464 2
7 0 0  3 47 45  0 0.20845011184755433  0.0039873514100158347 0.2084264569671844  0.01201365230261562 0.20838380698617709  0.024207866992698775 0.20833445022964692  0.036558471367097875 0.20830035213275649  0.049061291560158538 0.20828214764910066  0.061711454758172621 0.20828041089932314  0.074502500270931263 0.20829566356119583  0.087430065161413342 0.20832836214197162  0.10047652591420732 0.20837886185103952  0.11363186244649531 0.20844737018726459  0.12692204600062204 0.20853430091765959  0.14023735449254371 0.20863925672336989  0.15357049151714977 0.20876179807516917  0.16692455786562876 0.20890161137477239  0.18029996429766793 0.20905834920967284  0.19369793853226477 0.20923167349330152  0.20711951487033811 0.20942124264956868  0.22056598197734739 0.20962671973452165  0.23403799964005509 0.20984775276518566  0.24753856799708129 0.21008404528253641  0.26106190763747528 0.21033509377076817  0.27463483752203144 0.21060116741725024  0.28815310681425954 0.21087943797216543  0.30158093382214468 0.21116833075074279  0.31492676618090176 0.21146733221886047  0.32818717973790551 0.21177564457805409  0.34136191314315462 0.21209254593657978  0.35444988798574428 0.21241729504015586  0.36745014754704497 0.2127491521779292  0.38036213026684146 0.21308739082787048  0.39318367911334368 0.21343123016923007  0.40591876510683866 0.21378009338731066  0.4185397058354236 0.21413231832790072  0.43104550514355822 0.21448745481737494  0.44343606313179135 0.21484504965832768  0.45571104667310064 0.21520465046357254  0.46787018191835822 0.21556580462882641  0.47991316696899677 0.2159280596079762  0.49183968756342394 0.21629096283932212  0.50364940643026679 0.21665406176534194  0.51534196079264194 0.21701690382739297  0.52691695916640868 0.21737903646713311  0.53837397797757525 0.21774000712613975  0.54971256423943049 0.2180993632460119  0.55719233356898479 0.21833755592756565  0.56091231512811557 0.21845623232568478 
 -0.042892158803077299 4 -0.041917337012098266 1 -0.04094251522111924 1 -0.039967693430140214 1 -0.038992871639161181 1 -0.038018049848182148 1 -0.037043228057203122 1 -0.036068406266224096 1 -0.035093584475245063 1 -0.03411876268426603 1 -0.033143940893287004 1 -0.032169119102307978 1 -0.031194297311328945 1 -0.030219475520349915 1 -0.029244653729370886 1 -0.028269831938391856 1 -0.027295010147412826 1 -0.026320188356433797 1 -0.025345366565454767 1 -0.024370544774475738 1 -0.023395722983496708 1 -0.022420901192517679 1 -0.021446079401538649 1 -0.02047125761055962 1 -0.01949643581958059 1 -0.018521614028601561 1 -0.017546792237622531 1 -0.016571970446643502 1 -0.015597148655664472 1 -0.014622326864685443 1 -0.013647505073706413 1 -0.012672683282727384 1 -0.011697861491748354 1 -0.010723039700769321 1 -0.0097482179097902952 1 -0.0087733961188112691 1 -0.0077985743278322361 1 -0.0068237525368532032 1 -0.0058489307458741771 1 -0.0048741089548951511 1 -0.0038992871639161181 1 -0.0029244653729370851 1 -0.001949643581958059 1 -0.00097482179097903299 1 -0 4
7 0 0  3 47 45  4.3581913858438481 -0.2290895912819082  4.3573562854492875 -0.22958839285829272  4.3556831603512007 -0.23048724760769296  4.3531661260424475 -0.23152651960389525  4.3506428190421405 -0.2322440017953521  4.3481155463536156 -0.23262696616191048  4.3455867461107047 -0.23266348548925497  4.3430591567965759 -0.23234266741455037  4.3405350849932756 -0.23165458878224171  4.3380193733708827 -0.23059149618572722  4.335515216717174 -0.22914787380306978  4.3330191342321234 -0.22731334602962702  4.3305527996622386 -0.22509927665153745  4.3281181077452393 -0.22251098594246332  4.3257151151133906 -0.21955143438874536  4.3233443570570245 -0.21622452203608389  4.3210062240921854 -0.21253418472069169  4.3187011369048038 -0.20848464806711584  4.3164294680558859 -0.20408025804152427  4.3141916783401415 -0.19932585113867116  4.311987847846412 -0.19422539215182116  4.3098194136363093 -0.18878700367186879  4.3076826863295121 -0.18300416180627385  4.3055944831795632 -0.17692992648833605  4.3035599057626639 -0.17059424407923962  4.3015771322389114 -0.16400654073615253  4.2996461600445333 -0.15718156566619532  4.2977664660308479 -0.15013244355612393  4.2959376306077068 -0.14287248191626278  4.2941591883870238 -0.13541475598887343  4.2924306087705162 -0.12777183574484036  4.2907515301950019 -0.11995717506690842  4.289120849724168 -0.11197971898917476  4.2875412101372339 -0.10387023837744243  4.286011835237856 -0.095640030491750849  4.284531853388124 -0.087299623979252491  4.2831003991339944 -0.078859457891582177  4.2817165876216814 -0.070329689662858547  4.2803795230476833 -0.061720237917881102  4.2790882979355462 -0.053040763792684568  4.2778419948200002 -0.044300670457920431  4.2766396872195456 -0.035509098557713281  4.2754804407901723 -0.026674927055318109  4.2743633142068624 -0.017806763727889145  4.2732873606928532 -0.0089129786704205283  4.272596871544307 -0.0029720481310690238  4.2722581716984696 0 
 -0.042892158803077299 4 -0.041917337012098266 1 -0.04094251522111924 1 -0.039967693430140214 1 -0.038992871639161181 1 -0.038018049848182148 1 -0.037043228057203122 1 -0.036068406266224096 1 -0.035093584475245063 1 -0.03411876268426603 1 -0.033143940893287004 1 -0.032169119102307978 1 -0.031194297311328945 1 -0.030219475520349915 1 -0.029244653729370886 1 -0.028269831938391856 1 -0.027295010147412826 1 -0.026320188356433797 1 -0.025345366565454767 1 -0.024370544774475738 1 -0.023395722983496708 1 -0.022420901192517679 1 -0.021446079401538649 1 -0.02047125761055962 1 -0.01949643581958059 1 -0.018521614028601561 1 -0.017546792237622531 1 -0.016571970446643502 1 -0.015597148655664472 1 -0.014622326864685443 1 -0.013647505073706413 1 -0.012672683282727384 1 -0.011697861491748354 1 -0.010723039700769321 1 -0.0097482179097902952 1 -0.0087733961188112691 1 -0.0077985743278322361 1 -0.0068237525368532032 1 -0.0058489307458741771 1 -0.0048741089548951511 1 -0.0038992871639161181 1 -0.0029244653729370851 1 -0.001949643581958059 1 -0.00097482179097903299 1 -0 4
7 0 0  3 25 23  0.56091252049719043 0.21845618056062319  0.56945533887008537 0.21868033775700707  0.58635687166278816 0.21913456137128404  0.61114357391385665 0.21983110280510126  0.63535127629451438 0.22054032852858477  0.65896698836028889 0.22125971706613287  0.68197788622655553 0.22198674602421578  0.70437140939996423 0.22271889643388457  0.72613461084107067 0.22345363654579298  0.74725608195695969 0.2241884823076048  0.7677183074752767 0.22492077165934221  0.78752573829765538 0.2256485068745793  0.80708281333830756 0.22638535252818401  0.8263078163068881 0.22712749043796845  0.84521578088014049 0.22787455772514656  0.86379594897976864 0.22862526566517796  0.88204457899970123 0.22937857361314293  0.89995612763476518 0.23013337445138812  0.91752558583316335 0.23088857887357578  0.93474782661131728 0.23164309280084022  0.95161775534981319 0.23239582343311205  0.968130243462341 0.23314567762766153  0.98428013166539607 0.23389156233360703  0.99480149521489813 0.23438544376142692  1 0.23463135853654327 
 0.041998991691013343 4 0.044174329414705261 1 0.04634966713839718 1 0.048525004862089091 1 0.050700342585781009 1 0.052875680309472928 1 0.055051018033164839 1 0.057226355756856757 1 0.059401693480548676 1 0.061577031204240594 1 0.063752368927932512 1 0.065927706651624424 1 0.068103044375316335 1 0.07027838209900826 1 0.072453719822700172 1 0.074629057546392097 1 0.076804395270084008 1 0.07897973299377592 1 0.081155070717467845 1 0.083330408441159756 1 0.085505746164851681 1 0.087681083888543593 1 0.089856421612235504 4
7 0 0  3 25 23  4.2722583064706576 -4.674089640887388  4.2714805771648914 -4.6573466685255429  4.2699920341481423 -4.6234181258154523  4.267950561708445 -4.5713890968952402  4.2660910481975174 -4.5184160383234691  4.264404035060787 -4.4646890139558071  4.2628800673308076 -4.4103969514186421  4.2615097074293296 -4.3557272409891485  4.260283606333652 -4.3008671380972245  4.2591923841034411 -4.2459993042134929  4.2582271904506728 -4.1913189535742941  4.2573777119334952 -4.1369703984158894  4.2566201153657461 -4.0819400845800455  4.255953437311879 -4.02651359591197  4.2553721495272354 -3.9707192327850933  4.2548720132842339 -3.9146538336634551  4.2544485183064094 -3.8583955137519821  4.2540973075949804 -3.8020270866066812  4.2538140690631163 -3.74562982611533  4.2535945693137451 -3.6892851732312351  4.2534346475810034 -3.6330743124959937  4.2533302226926413 -3.5770783138720721  4.2532772838707444 -3.5213781328737501  4.2532737142915336 -3.4844957787450714  4.2532792047769004 -3.4661308545513094 
 0.041998991691013343 4 0.044174329414705261 1 0.04634966713839718 1 0.048525004862089091 1 0.050700342585781009 1 0.052875680309472928 1 0.055051018033164839 1 0.057226355756856757 1 0.059401693480548676 1 0.061577031204240594 1 0.063752368927932512 1 0.065927706651624424 1 0.068103044375316335 1 0.07027838209900826 1 0.072453719822700172 1 0.074629057546392097 1 0.076804395270084008 1 0.07897973299377592 1 0.081155070717467845 1 0.083330408441159756 1 0.085505746164851681 1 0.087681083888543593 1 0.089856421612235504 4
7 0 0  3 25 23  1 0.2654100727761341  0.9892809916218811 0.26490330248069965  0.9674497353438386 0.26388732670322868  0.93354501826626168 0.26236279236646298  0.89850475476067926 0.26084442100059452  0.86234982991297116 0.25933895061434692  0.82509967021213937 0.25785310299516728  0.78677486620136772 0.25639366044834055  0.74738741549334731 0.25496717942907654  0.70697796595494611 0.25358105927504704  0.66547770531179828 0.25223955364415507  0.62322506593741533 0.25095865603091216  0.57900839698430617 0.24970965183002342  0.53220472021821208 0.24849201665927959  0.48309240593987729 0.24733120464631259  0.43172141977374295 0.24624571636647766  0.37816220011349561 0.245255888094393  0.32368661007347488 0.2444000137540549  0.26824290158313052 0.24368565445765186  0.21146219265380833 0.24312255504410599  0.15600421228104164 0.2427394883549954  0.10164073083373108 0.24252514182293811  0.049454327750207999 0.24247283687668261  0.016187681212322339 0.24253331273534301  0 0.24258480446799319 
 0 4 0.0044722239623620867 1 0.0089444479247241734 1 0.01341667188708626 1 0.017888895849448347 1 0.022361119811810434 1 0.02683334377417252 1 0.031305567736534604 1 0.035777791698896694 1 0.040250015661258784 1 0.044722239623620867 1 0.04919446358598295 1 0.053666687548345041 1 0.058138911510707131 1 0.062611135473069207 1 0.067083359435431297 1 0.071555583397793388 1 0.076027807360155478 1 0.080500031322517568 1 0.084972255284879644 1 0.089444479247241734 1 0.093916703209603825 1 0.098388927171965901 4
7 0 0  3 25 23  4.2532792047769004 -2.9999320352861876  4.253267955388127 -3.0377965028688809  4.2533068282068944 -3.113697605805597  4.2535776958629485 -3.2275751079367287  4.2540891787976429 -3.3409887035971497  4.2548706876204783 -3.4534454837210262  4.2559524808454885 -3.5644510572645558  4.2573654730970096 -3.6735028148322026  4.2591418393337905 -3.7801105929893071  4.2613119037792586 -3.8837156432457109  4.2639148538058222 -3.983988499788651  4.2669576069494131 -4.079712503539362  4.2705693414164143 -4.1730123464904638  4.2748786477587455 -4.2639745137366223  4.279942064855633 -4.350714212699887  4.2858306430816961 -4.4318462295428942  4.2926177833205159 -4.5058008680016863  4.3001921091705526 -4.5697422281123634  4.3085757214695857 -4.6231246163034214  4.3178591718878438 -4.6652003001064273  4.3275831008345982 -4.6938224899862577  4.3377117912792293 -4.7098364905305923  4.3479643308388454 -4.7137482417796432  4.3548007241137379 -4.7092286299627899  4.3581913858438481 -4.7053790406940026 
 0 4 0.0044722239623620867 1 0.0089444479247241734 1 0.01341667188708626 1 0.017888895849448347 1 0.022361119811810434 1 0.02683334377417252 1 0.031305567736534604 1 0.035777791698896694 1 0.040250015661258784 1 0.044722239623620867 1 0.04919446358598295 1 0.053666687548345041 1 0.058138911510707131 1 0.062611135473069207 1 0.067083359435431297 1 0.071555583397793388 1 0.076027807360155478 1 0.080500031322517568 1 0.084972255284879644 1 0.089444479247241734 1 0.093916703209603825 1 0.098388927171965901 4
7 0 0  1 2 2  1 0.31540876125377487  0.99999999999999978 0.34614171105042973 
 8.0113825358459092 2 8.7919994606809464 2
7 0 0  3 25 23  1 0.34614171105042985  0.98183261915922071 0.34661236897126257  0.94576781421701039 0.34750967472025668  0.89249295853996946 0.34873421762997353  0.84005297669370871 0.34984795861567902  0.78846024875577059 0.35086151417780914  0.73772730299576006 0.35178549074857918  0.68786555360422896 0.3526305323224217  0.63889000365519455 0.35340714271311408  0.59080181463722425 0.3541263488948434  0.54365356644309015 0.35479722538080682  0.49730186995621101 0.35543629417836237  0.4516637232183171 0.3560525214668952  0.40676895442286637 0.35665065935772178  0.36261724995525396 0.35723658911829476  0.31921655010136157 0.35781588945959125  0.27657282956775203 0.35839422016235251  0.23469288959718443 0.35897721928474158  0.19358365135252609 0.35957053070546874  0.15325237843645895 0.36017979674363254  0.11370663942548856 0.3608106601362302  0.074954349428568295 0.36146876350828006  0.037003732465184937 0.36215974951481589  0.012243581230991641 0.36264609037346446  0 0.36289662212457169 
 0 4 0.015390483711149592 1 0.030780967422299185 1 0.046171451133448775 1 0.061561934844598369 1 0.076952418555747956 1 0.09234290226689755 1 0.10773338597804714 1 0.12312386968919674 1 0.13851435340034632 1 0.15390483711149591 1 0.16929532082264551 1 0.1846858045337951 1 0.20007628824494469 1 0.21546677195609429 1 0.23085725566724388 1 0.24624773937839348 1 0.26163822308954304 1 0.27702870680069264 1 0.29241919051184223 1 0.30780967422299182 1 0.32320015793414142 1 0.33859064164529101 4
7 0 0  3 25 23  5.4079546625867589 3.032134220314191  5.4153139028002597 3.0672998707962948  5.4300202469116163 3.1343086943197851  5.4520547407437796 3.2256963757721802  5.4740772215066551 3.3088046045771144  5.4960950191784983 3.3844647024837333  5.5181118613114153 3.4534935551239498  5.5401280962705783 3.5166910105101161  5.5621388007584951 3.5748301963643119  5.5841421000783908 3.6286795737964868  5.606108690388921 3.6789056236045194  5.6280982312296333 3.7264278604280308  5.6501444161271115 3.771968124450467  5.6722254144360935 3.8160642433419927  5.6943312495097711 3.8592727327191265  5.7164458770466373 3.9021116144116306  5.7385521332249452 3.9450729894866421  5.7606305698895515 3.9886170600165824  5.782659944228719 4.0331713316063365  5.8046172785902366 4.0791285257253236  5.8264780595835814 4.1268455063881095  5.84821637997634 4.1766406236358824  5.8698052326552581 4.2287977013231774  5.884079281197609 4.2652968912360194  5.891182018943975 4.2840193036137535 
 0 4 0.015390483711149592 1 0.030780967422299185 1 0.046171451133448775 1 0.061561934844598369 1 0.076952418555747956 1 0.09234290226689755 1 0.10773338597804714 1 0.12312386968919674 1 0.13851435340034632 1 0.15390483711149591 1 0.16929532082264551 1 0.1846858045337951 1 0.20007628824494469 1 0.21546677195609429 1 0.23085725566724388 1 0.24624773937839348 1 0.26163822308954304 1 0.27702870680069264 1 0.29241919051184223 1 0.30780967422299182 1 0.32320015793414142 1 0.33859064164529101 4
7 0 0  3 25 23  4.4837678192226669 -0.80742626971658882  4.4980440749989308 -0.8548788039844013  4.5266670790126993 -0.94038744037965483  4.5697737876866302 -1.0410269757412738  4.6130137320557365 -1.1146722952506225  4.6563468679587583 -1.1617309606247133  4.6997327190436726 -1.1824735599128315  4.743130487864498 -1.1770164438450741  4.7864993161617182 -1.1453290319959057  4.8297985072344813 -1.0872318640583329  4.8729877564255313 -1.002394459802002  4.9160273733313575 -0.89033048833972972  4.9588784962301817 -0.75039077185027103  5.0015032949587566 -0.58175375717191791  5.043865159943361 -0.3834132411810085  5.0859288751646092 -0.15416297650639316  5.1276607731102235 0.10742224443812677  5.1690288708981846 0.40300976755180346  5.2100029844355031 0.73453661906250756  5.250554828169304 1.1042446472113021  5.2906580700856685 1.5147157497903241  5.3302884549878353 1.9689409895487262  5.3694235757914841 2.4703047405466534  5.3951704349115026 2.8387260611675043  5.4079546625867598 3.0321342203141901 
 0.41056458458074241 4 0.43845618837194494 1 0.46634779216314742 1 0.49423939595434996 1 0.52213099974555244 1 0.55002260353675503 1 0.57791420732795751 1 0.60580581111915999 1 0.63369741491036247 1 0.66158901870156495 1 0.68948062249276754 1 0.71737222628397002 1 0.74526383007517261 1 0.77315543386637509 1 0.80104703765757757 1 0.82893864144878004 1 0.85683024523998252 1 0.88472184903118511 1 0.91261345282238759 1 0.94050505661359007 1 0.96839666040479266 1 0.99628826419599514 1 1.0241798679871976 4
7 0 0  1 2 2  -1.9214674290150966e-16 0.26399193146142313  -3.5749958251565205e-16 0.29475401146645197 
 6.7053950591201694 2 7.4867518912479056 2
7 0 0  1 2 2  -2.1946191906157035e-16 0.24277557773286623  -1.3022720091310959e-15 0.27354967786452533 
 6.1664996744148208 2 6.9481618177589599 2
7 0 0  1 2 2  0.99999999999999989 0.24277557773286634  0.99999999999999989 0.27354967786452522 
 6.1664996744148208 2 6.9481618177589599 2
7 0 0  3 25 23  0.57672514825374754 0.21845623232568459  0.58341566945105761 0.21823865278569524  0.59684802517103974 0.21780360592672432  0.61715418858617044 0.21715292606464945  0.63760700904200218 0.21650615434954348  0.65824683303142029 0.21586368465169128  0.67892117470815927 0.21523198004454655  0.69951521769592806 0.2146163735648855  0.72005883199738097 0.21401765230143882  0.74054026314032406 0.21343787802920317  0.7609700389850127 0.21287855972615921  0.78109687401273242 0.21234844408968892  0.80095772350661287 0.2118471209504543  0.82054342865626417 0.21137569273164913  0.83985693455742616 0.21093486161732622  0.85889927549559264 0.21052541815557657  0.87766612638423447 0.21014819967747575  0.89617471422065831 0.20980376801812298  0.91434270012993513 0.20949399421272166  0.93216297502986389 0.20921834358740019  0.9496421629111188 0.20897620435123027  0.9667824658754105 0.20876698537724628  0.98358648299656837 0.20859008999968762  0.99456585697477451 0.20849331202923507  1 0.20845011184755433 
 -0.038998333402820398 4 -0.037225681884510378 1 -0.035453030366200365 1 -0.033680378847890345 1 -0.031907727329580325 1 -0.030135075811270309 1 -0.028362424292960292 1 -0.026589772774650272 1 -0.024817121256340252 1 -0.023044469738030236 1 -0.021271818219720219 1 -0.019499166701410199 1 -0.017726515183100183 1 -0.015953863664790163 1 -0.014181212146480146 1 -0.012408560628170126 1 -0.01063590910986011 1 -0.008863257591550093 1 -0.007090606073240073 1 -0.005317954554930053 1 -0.00354530303662004 1 -0.00177265151831002 1 -0 4
7 0 0  3 25 23  4.4362740976235653 0  4.4356921604597845 -0.0054488019297280555  4.4344628711071632 -0.01626983794532404  4.4324169064708325 -0.032245185216986286  4.4301649274093746 -0.047927660276378722  4.4276966441043761 -0.063316165504316457  4.4250259358145989 -0.078266079301233749  4.4221682590782159 -0.092671678628015688  4.4191210654079054 -0.1065328386179004  4.4158875509164313 -0.11981915111578875  4.4124670375057038 -0.13251229945248355  4.408907167938338 -0.14444221270319701  4.4052098694711574 -0.15562875077525423  4.4013844212142734 -0.16606206199794163  4.3974383798921304 -0.1757418899202158  4.39337954062895 -0.18466773130373845  4.3892170491747446 -0.19283904593025072  4.3849548743169899 -0.20026437686680959  4.3806205301461727 -0.20691875291453984  4.3762251744275451 -0.21281438450585177  4.3717764732848847 -0.2179698383832572  4.3672829887312856 -0.22240445153222435  4.3627529907769844 -0.22613950001767666  4.3597141452255368 -0.2281788091470057  4.358191385843849 -0.22908959128190629 
 -0.038998333402820398 4 -0.037225681884510378 1 -0.035453030366200365 1 -0.033680378847890345 1 -0.031907727329580325 1 -0.030135075811270309 1 -0.028362424292960292 1 -0.026589772774650272 1 -0.024817121256340252 1 -0.023044469738030236 1 -0.021271818219720219 1 -0.019499166701410199 1 -0.017726515183100183 1 -0.015953863664790163 1 -0.014181212146480146 1 -0.012408560628170126 1 -0.01063590910986011 1 -0.008863257591550093 1 -0.007090606073240073 1 -0.005317954554930053 1 -0.00354530303662004 1 -0.00177265151831002 1 -0 4
7 0 0  3 25 23  1 0.24258480446799319  0.98591762302714681 0.24264455047135119  0.95679438295119335 0.2428029105683773  0.91036606095563366 0.24317338184680909  0.86138399839929936 0.24369212446281011  0.80983587976193983 0.24437793192155693  0.75655823018511836 0.24523677118350892  0.70257351353891695 0.24625708591288706  0.64706182497153963 0.24746345770912176  0.59265205729431825 0.24880039788836628  0.54041805999881087 0.25022595663566516  0.49003992454177575 0.25173272345321462  0.44214826272605728 0.25328604395090315  0.39691943576714273 0.25486234190917151  0.35436467786623255 0.25644448507431988  0.31501359044935873 0.25799198365912918  0.27550548517269347 0.25962785687635015  0.23607927872466061 0.26134649179534053  0.19666796696979286 0.26315170486102596  0.15728691652093532 0.26504478592444186  0.11792983335140374 0.26702770183661556  0.078596607010890676 0.2691022380424985  0.039285774657456765 0.27127022861135153  0.01309296443233186 0.27277907255130041  0 0.27354967786452522 
 0 4 0.0045852287119988637 1 0.0091704574239977275 1 0.013755686135996592 1 0.018340914847995455 1 0.022926143559994318 1 0.027511372271993184 1 0.032096600983992044 1 0.03668182969599091 1 0.041267058407989776 1 0.045852287119988636 1 0.050437515831987502 1 0.055022744543986368 1 0.059607973255985228 1 0.064193201967984087 1 0.06877843067998296 1 0.07336365939198182 1 0.077948888103980679 1 0.082534116815979552 1 0.087119345527978412 1 0.091704574239977271 1 0.096289802951976144 1 0.100875031663975 4
7 0 0  3 25 23  4.3581913858438481 -4.7053790406940026  4.3621375941501359 -4.7009222663984787  4.3700443258174539 -4.6891149044317686  4.3817279128245783 -4.6614706459561486  4.3930031070593571 -4.6226758857786638  4.4036815194147643 -4.5713926254451129  4.4134127058434522 -4.5072315476323501  4.4219279547146773 -4.4309917154960976  4.4292623515952672 -4.3408628386678103  4.4350468669692678 -4.2409479184447925  4.4393308243713427 -4.1344462876997969  4.4423035236578645 -4.0218717583196195  4.4440926382070591 -3.9057896556802061  4.4448855181406595 -3.7880140941708982  4.4448505837382966 -3.6698172194907235  4.4441769746667186 -3.5541951486415835  4.4429025681795684 -3.431926520142984  4.4410382280730829 -3.3034713452994837  4.4386089879136712 -3.1685612687201004  4.4356372624006779 -3.0271104300031224  4.4321471951161069 -2.8789724541794106  4.4281633583323314 -2.7240064238347923  4.4237109141607593 -2.5620609523027005  4.4204473606728278 -2.4493383038065168  4.4187460298440513 -2.3917610847502826 
 0 4 0.0045852287119988637 1 0.0091704574239977275 1 0.013755686135996592 1 0.018340914847995455 1 0.022926143559994318 1 0.027511372271993184 1 0.032096600983992044 1 0.03668182969599091 1 0.041267058407989776 1 0.045852287119988636 1 0.050437515831987502 1 0.055022744543986368 1 0.059607973255985228 1 0.064193201967984087 1 0.06877843067998296 1 0.07336365939198182 1 0.077948888103980679 1 0.082534116815979552 1 0.087119345527978412 1 0.091704574239977271 1 0.096289802951976144 1 0.100875031663975 4
7 0 0  3 47 45  1 0.27354967786452522  0.99466527825882267 0.27375903871487867  0.98381614290620023 0.27418178427559814  0.96701313318374194 0.27482657306386771  0.94969066860708096 0.27548063116129451  0.93185831078839532 0.27614255744799637  0.9135255047925851 0.276810950736674  0.89470159849034647 0.2774844100915429  0.8753959559178095 0.27816153363817969  0.85561787355833119 0.27884092300520003  0.83537721271125176 0.27952116674770455  0.81468237701212742 0.28020090221181054  0.7935481860892839 0.28087858465308868  0.77196677750541742 0.28155334889827593  0.75001640101388944 0.28222179357999194  0.72742824761667491 0.28289079193963484  0.70413075053538765 0.28356072270786903  0.68016043322737729 0.28422878864203432  0.655525060693252 0.28489303499698754  0.63023894049784113 0.28555131301084891  0.60431938774201865 0.28620140749116285  0.5777661166098802 0.28684156298451724  0.55064724543669408 0.2874682515118992  0.52341530214943499 0.28807029120876365  0.49597942790547894 0.28864957337002478  0.46835455684074734 0.28920533758099209  0.44057627919898651 0.28973669388335777  0.41249174735770144 0.29024592220288958  0.38474969642302553 0.29072155849752213  0.35754456314421112 0.29116207736808164  0.33083427098724755 0.2915699135589887  0.30463991752412112 0.29194644148971372  0.27896607518025818 0.29229331673593073  0.2538198969280131 0.29261213057345137  0.22931402125800451 0.29290324097815273  0.20544863960736487 0.29316843097546141  0.18224519302346087 0.29340921353450455  0.1597125846131616 0.29362723361655468  0.1378872000642308 0.29382387827060175  0.11670739899438232 0.29400143420262215  0.095965254390243032 0.29416284010030763  0.075726674158252155 0.29430859240404761  0.05598852322803495 0.29443980113252655  0.036765896318910987 0.29455741189256551  0.018068832454225338 0.29466241436014451  0.0059620671174575512 0.29472466235102851  0 0.29475401146645197 
 0 4 0.0019594078447146318 1 0.0039188156894292637 1 0.0058782235341438959 1 0.0078376313788585273 1 0.0097970392235731587 1 0.011756447068287792 1 0.013715854913002423 1 0.015675262757717055 1 0.017634670602431686 1 0.019594078447146317 1 0.021553486291860949 1 0.023512894136575584 1 0.025472301981290215 1 0.027431709826004846 1 0.029391117670719478 1 0.031350525515434109 1 0.033309933360148744 1 0.035269341204863372 1 0.037228749049578007 1 0.039188156894292635 1 0.04114756473900727 1 0.043106972583721898 1 0.045066380428436532 1 0.047025788273151167 1 0.048985196117865795 1 0.05094460396258043 1 0.052904011807295058 1 0.054863419652009693 1 0.056822827496724321 1 0.058782235341438956 1 0.060741643186153584 1 0.062701051030868218 1 0.064660458875582846 1 0.066619866720297488 1 0.068579274565012116 1 0.070538682409726744 1 0.072498090254441372 1 0.074457498099156014 1 0.076416905943870642 1 0.07837631378858527 1 0.080335721633299911 1 0.082295129478014539 1 0.084254537322729167 1 0.086213945167443795 4
7 0 0  3 47 45  4.4187460298440513 -2.3917610847502826  4.4182836594927624 -2.3761182027205159  4.4173740911740609 -2.3445322642748692  4.4160639735279146 -2.2963567225266432  4.4148168841473527 -2.2474882737741688  4.4136413513291686 -2.1980312121037313  4.4125457351113031 -2.1480901231890561  4.4115382086161619 -2.0977698401361846  4.4106267722558128 -2.0471754334977601  4.4098192599609547 -1.9964117902294736  4.4091233518409032 -1.9455847614456063  4.4085465759461355 -1.8947964063654208  4.4080963535176929 -1.8441622443410917  4.4077798870116673 -1.7937463410322345  4.4076046388806791 -1.743803013285868  4.4075764406025293 -1.693813267071147  4.4077077036023296 -1.6437519308649036  4.4080108714205153 -1.5938314817470169  4.4084981566529482 -1.5441998946712781  4.4091816907361094 -1.4950182767795852  4.4100733434370891 -1.4464507963584956  4.4111854626898603 -1.3986255357933726  4.4125282741977179 -1.351799239316456  4.4140851280095346 -1.3068128002419255  4.4158626239956629 -1.2635285748038059  4.4178637805383145 -1.2220045154351746  4.4200881599105504 -1.1823067364704509  4.4225536372975069 -1.1442594817858764  4.4252029724526656 -1.1087220782281122  4.4280055858472345 -1.0758091539617305  4.4309540390371795 -1.0453368843730928  4.4340349541735948 -1.0172025625148389  4.4372365996681662 -0.99128300712433404  4.4405474291350231 -0.96746261547100521  4.4439407897757119 -0.94571629169903038  4.4474038326555752 -0.92590473230455461  4.4509210682341349 -0.90791325375683563  4.4544787981253018 -0.89161941731280414  4.4580588485676227 -0.87692245125533841  4.4616590829819209 -0.86365852998624792  4.4653058971678297 -0.8516042308482491  4.4689802539345944 -0.84071792671998569  4.47267447016237 -0.83091468723894157  4.4763777739361883 -0.82212367931155639  4.4800801724339445 -0.81427259009627917  4.4825409799199107 -0.80961932704335537  4.4837678192226669 -0.80742626971658582 
 0 4 0.0019594078447146318 1 0.0039188156894292637 1 0.0058782235341438959 1 0.0078376313788585273 1 0.0097970392235731587 1 0.011756447068287792 1 0.013715854913002423 1 0.015675262757717055 1 0.017634670602431686 1 0.019594078447146317 1 0.021553486291860949 1 0.023512894136575584 1 0.025472301981290215 1 0.027431709826004846 1 0.029391117670719478 1 0.031350525515434109 1 0.033309933360148744 1 0.035269341204863372 1 0.037228749049578007 1 0.039188156894292635 1 0.04114756473900727 1 0.043106972583721898 1 0.045066380428436532 1 0.047025788273151167 1 0.048985196117865795 1 0.05094460396258043 1 0.052904011807295058 1 0.054863419652009693 1 0.056822827496724321 1 0.058782235341438956 1 0.060741643186153584 1 0.062701051030868218 1 0.064660458875582846 1 0.066619866720297488 1 0.068579274565012116 1 0.070538682409726744 1 0.072498090254441372 1 0.074457498099156014 1 0.076416905943870642 1 0.07837631378858527 1 0.080335721633299911 1 0.082295129478014539 1 0.084254537322729167 1 0.086213945167443795 4
7 0 0  1 2 2  1.746039033992472e-16 0.22526290935548532  1.746039033992472e-16 0.25604693129059025 
 5.7216778976293448 2 6.5035920547810111 2
7 0 0  1 2 2  1 0.22526290935548546  0.99999999999999944 0.25604693129059025 
 5.7216778976293448 2 6.5035920547810111 2
7 0 0  3 25 23  0 0.22526290935548537  0.011411430186358547 0.22595036118195094  0.034989206951557508 0.22732999373692855  0.072729031185042869 0.22939785896539733  0.11287099106649817 0.2314451451851533  0.15572207986906064 0.23346414482250508  0.20069742444770747 0.23540522407424233  0.24676927947106311 0.23721919329324628  0.29454253074654924 0.2389274185785879  0.34345105565282397 0.24050551573238454  0.39187046940006959 0.24191390015979466  0.4401687899368959 0.24318084234671009  0.48820668114576538 0.24431805494829875  0.53598023771574599 0.24534017252828702  0.58339116456792661 0.24625726345052437  0.63039888662140553 0.24708124835487563  0.67675015996440735 0.24782083009920156  0.72303952426956719 0.24849842237677727  0.76934337946610953 0.24911930323165021  0.81561962904120944 0.24968766228247585  0.86185543847994228 0.25020798079112977  0.90802494221616781 0.25068466187199562  0.9540993274051689 0.25112212958620722  0.98472035091386312 0.25139057809899501  1 0.25151973987003612 
 0 4 0.006089641420482364 1 0.012179282840964728 1 0.018268924261447092 1 0.024358565681929456 1 0.03044820710241182 1 0.036537848522894184 1 0.042627489943376548 1 0.048717131363858912 1 0.054806772784341276 1 0.06089641420482364 1 0.066986055625306004 1 0.073075697045788368 1 0.079165338466270732 1 0.085254979886753096 1 0.09134462130723546 1 0.097434262727717824 1 0.10352390414820019 1 0.10961354556868255 1 0.11570318698916492 1 0.12179282840964728 1 0.12788246983012963 1 0.13397211125061201 4
7 0 0  3 25 23  0.16003293501843419 -4.1657672285641612  0.15958849741428457 -4.1144245254476068  0.15905496085267801 -4.011375559771448  0.15943762329307948 -3.8569181071522207  0.16111625203696828 -3.7040469376977416  0.16421767923222128 -3.5533096930182282  0.16879013633273596 -3.4083231235575271  0.17471139711606259 -3.2728540781568936  0.18201899345509048 -3.1453032465812605  0.19059586734441963 -3.0274532008661024  0.20002675445819079 -2.9222843020299916  0.210224533185143 -2.8276484873525458  0.2210278193528403 -2.7427447516699628  0.23230204862987841 -2.6664781814223848  0.243896867577576 -2.5979883968407074  0.25568036760597462 -2.5363940008468675  0.26747126269729238 -2.4811134062946345  0.27931152505248324 -2.430681623827939  0.29111544204091522 -2.3845064253085542  0.30276643688815458 -2.3421697760389217  0.31415575843391363 -2.3032871351948878  0.32517198573510081 -2.2675442877721821  0.33570384463639075 -2.2346776758581606  0.34232740978768184 -2.2145551634171667  0.34552112473467489 -2.2049054744743302 
 0 4 0.006089641420482364 1 0.012179282840964728 1 0.018268924261447092 1 0.024358565681929456 1 0.03044820710241182 1 0.036537848522894184 1 0.042627489943376548 1 0.048717131363858912 1 0.054806772784341276 1 0.06089641420482364 1 0.066986055625306004 1 0.073075697045788368 1 0.079165338466270732 1 0.085254979886753096 1 0.09134462130723546 1 0.097434262727717824 1 0.10352390414820019 1 0.10961354556868255 1 0.11570318698916492 1 0.12179282840964728 1 0.12788246983012963 1 0.13397211125061201 4
7 0 0  1 2 2  0.99999999999999989 0.25151973987003606  0.99999999999999856 0.28228888599604796 
 6.3886013926989378 2 7.170137704299643 2
7 0 0  1 2 2  4.9314072472662876e-16 0.25151973987003629  2.1022086870558608e-15 0.28228888599604801 
 6.3886013926989378 2 7.170137704299643 2
7 0 0  1 2 2  -9.5517095654656134e-16 0.20481785905578917  -9.5521161081930709e-16 0.2407866409265742 
 5.2023736200170649 2 6.1159806795350047 2
7 0 0  1 2 2  0.99999999999999933 0.20481785905578917  0.99999999999999933 0.24078664092657406 
 5.2023736200170649 2 6.1159806795350047 2
7 0 0  3 25 23  0.81418988109748991 0.21845619492336124  0.81725928217317323 0.21855509013632532  0.8233729443847736 0.21875342567880393  0.83247070012649171 0.21905254858201367  0.84149615695356783 0.21935319259230307  0.85045760606605225 0.2196555487551447  0.8593525612973254 0.21995944544497614  0.86818109388840192 0.22026479692067386  0.87694259251939621 0.22057149442845009  0.88563663145668758 0.22087943538074109  0.8942627378449246 0.22118851553774774  0.9028204538955017 0.22149863110238757  0.91130931999220788 0.22180967815895086  0.91972887893199862 0.22212155282351539  0.92807867445696612 0.22243415120364052  0.93635825127881811 0.22274736940916867  0.9445671546740313 0.22306110354933015  0.95270493017073532 0.22337524973351955  0.96077112319562363 0.22368970407108754  0.96876527871329077 0.22400436267139603  0.97668694088332331 0.22431912164380477  0.98453565262072573 0.22463387709767335  0.99231095550867843 0.22494852514236133  0.99744524409975688 0.22515814963893971  1 0.22526290935548537 
 0.081093294311183256 4 0.082020884541027558 1 0.082948474770871874 1 0.083876065000716177 1 0.084803655230560479 1 0.085731245460404795 1 0.086658835690249097 1 0.0875864259200934 1 0.088514016149937716 1 0.089441606379782018 1 0.090369196609626321 1 0.091296786839470623 1 0.092224377069314939 1 0.093151967299159241 1 0.094079557529003544 1 0.09500714775884786 1 0.095934737988692162 1 0.096862328218536464 1 0.09778991844838078 1 0.098717508678225083 1 0.099645098908069385 1 0.1005726891379137 1 0.101500279367758 4
7 0 0  3 25 23  0.17032349489156864 -4.6740902908947657  0.17006189683182382 -4.6667055307582652  0.16955019086355141 -4.6518950656890183  0.16881614058942618 -4.6295575520417058  0.16811479196619092 -4.6071050868938981  0.16744479634853837 -4.5845240730967056  0.16680565466536562 -4.5618275277504052  0.16619666811197781 -4.5390221125261228  0.16561719372013503 -4.5161161432171646  0.1650665762110462 -4.4931174456321719  0.16454416657005869 -4.4700339321136058  0.1640493173667644 -4.4468734490269002  0.16358138428899097 -4.4236438195517289  0.16313972599509441 -4.4003528341005067  0.1627237044005628 -4.3770082547280849  0.16233268483248522 -4.3536178157494616  0.16196603620376748 -4.3301892253313197  0.16162313116801957 -4.3067301667755151  0.16130334626160378 -4.2832482998541721  0.16100606204794751 -4.2597512620389137  0.16073066319921256 -4.2362466698928962  0.16047653876180948 -4.2127421197085599  0.16024308168663334 -4.1892451907894284  0.16010082126617498 -4.1735906893971846  0.16003293501843419 -4.1657672285641612 
 0.081093294311183256 4 0.082020884541027558 1 0.082948474770871874 1 0.083876065000716177 1 0.084803655230560479 1 0.085731245460404795 1 0.086658835690249097 1 0.0875864259200934 1 0.088514016149937716 1 0.089441606379782018 1 0.090369196609626321 1 0.091296786839470623 1 0.092224377069314939 1 0.093151967299159241 1 0.094079557529003544 1 0.09500714775884786 1 0.095934737988692162 1 0.096862328218536464 1 0.09778991844838078 1 0.098717508678225083 1 0.099645098908069385 1 0.1005726891379137 1 0.101500279367758 4
7 0 0  1 2 2  -7.3854567854440661e-16 0.2316977122052151  -7.3854567854440661e-16 0.26247808850233201 
 5.8851218900124849 2 6.6669434479592571 2
7 0 0  1 2 2  1.0000000000000009 0.23169771220521521  1.0000000000000002 0.26247808850233212 
 5.8851218900124849 2 6.6669434479592571 2
7 0 0  3 25 23  0 0.23169771220521521  0.014263102211561568 0.23151330757593724  0.04180665049026689 0.23114117100502848  0.080656979916751678 0.23057366873251411  0.11758770410767669 0.22999755356483773  0.15292576771888924 0.22941351002270058  0.18692935073463227 0.22882222262787846  0.21979037173053423 0.22822437589813263  0.25165976859979111 0.22762065436621023  0.28265733111008112 0.22701174250892836  0.31288011309342317 0.22639832501184093  0.34240782990724017 0.22578108578148173  0.37130665917740668 0.22516071163173049  0.39963267100812194 0.22453787852609897  0.42743179857857988 0.22391330292223158  0.4547495218173972 0.22328755015160359  0.48160199268444076 0.22266174955623885  0.50808940495103483 0.22203492556213342  0.53388582109870708 0.22141611250095708  0.55902001633123111 0.22080609278004476  0.58354766478811471 0.22020481733384106  0.60750970590637698 0.2196124598947761  0.63094509391977605 0.21902913447623043  0.64623952455276434 0.21864635893860501  0.65381022246984943 0.21845651910477926 
 0 4 0.0028406601193921265 1 0.0056813202387842529 1 0.0085219803581763794 1 0.011362640477568506 1 0.014203300596960632 1 0.017043960716352759 1 0.019884620835744885 1 0.022725280955137012 1 0.025565941074529138 1 0.028406601193921265 1 0.031247261313313391 1 0.034087921432705517 1 0.036928581552097647 1 0.03976924167148977 1 0.042609901790881893 1 0.045450561910274023 1 0.048291222029666153 1 0.051131882149058276 1 0.053972542268450399 1 0.056813202387842529 1 0.059653862507234659 1 0.062494522626626782 4
7 0 0  3 25 23  0.65461609985026237 -3.6852157470686877  0.65285080847810739 -3.6989870581634778  0.64927001926737338 -3.7267754785133729  0.64374723399053757 -3.7691470118381232  0.63807186493934875 -3.8121591349194346  0.63224293068273196 -3.8557629094820371  0.6262594572316017 -3.8999089951519768  0.62012048337620629 -3.9445475989831165  0.61382506696066264 -3.9896284979034835  0.6073722901586136 -4.0351010491695192  0.60076126938254693 -4.0809141825538022  0.59399114927235286 -4.1270164848968127  0.58706115737910414 -4.1733559414127157  0.57997043365512846 -4.2198809662106092  0.57271870169937633 -4.2665366284598347  0.56530379984736445 -4.3132788166980962  0.55773093278172792 -4.3600214655370841  0.54997818283637123 -4.4068336059337119  0.54215269146034517 -4.4530448213698115  0.53426339632699271 -4.498598145545496  0.52630779371265668 -4.5434975447313226  0.51828648582688763 -4.5877305580083156  0.51019927996745806 -4.6312890395908202  0.50476392786218693 -4.6598720588267231  0.50203528125912555 -4.674048066876991 
 0 4 0.0028406601193921265 1 0.0056813202387842529 1 0.0085219803581763794 1 0.011362640477568506 1 0.014203300596960632 1 0.017043960716352759 1 0.019884620835744885 1 0.022725280955137012 1 0.025565941074529138 1 0.028406601193921265 1 0.031247261313313391 1 0.034087921432705517 1 0.036928581552097647 1 0.03976924167148977 1 0.042609901790881893 1 0.045450561910274023 1 0.048291222029666153 1 0.051131882149058276 1 0.053972542268450399 1 0.056813202387842529 1 0.059653862507234659 1 0.062494522626626782 4
7 0 0  3 25 23  0.29853450455406122 0.37579899294998514  0.29790440642843014 0.37580677738018509  0.29664368324043833 0.37582235081252247  0.29475100899052215 0.37584572488676909  0.29285673663517259 0.37586911309668419  0.29096085746606409 0.37589251565219656  0.28906336272782751 0.37591593276323371  0.28716424361105575 0.37593936463972416  0.285263491253545 0.37596281149159622  0.28336109673932325 0.37598627352877767  0.28145705109826163 0.37600975096119738  0.2795513453055215 0.37603324399878257  0.27764397028103943 0.37605675285146239  0.27573491688898949 0.3760802777291643  0.27382417593724717 0.37610381884181687  0.27191173817684178 0.37612737639934857  0.26999759430140563 0.37615095061168663  0.26808173494660303 0.37617454168876052  0.26616415068960414 0.3761981498404976  0.26424483204835797 0.37622177527682599  0.26232376948157438 0.3762454182076746  0.26040095338603003 0.37626907884297045  0.2584763741038224 0.3762927573926429  0.25719213929624946 0.37630855517529388  0.2565497247845509 0.37631645712232487 
 0.25955563052430058 4 0.26017415043576386 1 0.26079267034722708 1 0.26141119025869036 1 0.26202971017015358 1 0.26264823008161686 1 0.26326674999308014 1 0.26388526990454336 1 0.26450378981600664 1 0.26512230972746986 1 0.26574082963893314 1 0.26635934955039642 1 0.26697786946185964 1 0.26759638937332292 1 0.26821490928478614 1 0.26883342919624942 1 0.26945194910771264 1 0.27007046901917592 1 0.2706889889306392 1 0.27130750884210242 1 0.2719260287535657 1 0.27254454866502892 1 0.2731630685764922 4
7 0 0  3 25 23  3.1415918828928873 5.2484302942817749  3.1418626973020931 5.2490124025930269  3.1424043058011688 5.2501769302288421  3.1432166582941896 5.2519246700101325  3.1440289512350978 5.2536733733925685  3.144841185323648 5.2554230556988957  3.1456533612571547 5.2571737322840164  3.1464654797301428 5.2589254185393477  3.1472775414344394 5.2606781298915966  3.1480895470591421 5.2624318818029288  3.1489014972906331 5.2641866897708027  3.1497133928125622 5.2659425693279074  3.1505252343058578 5.2676995360420413  3.1513370224487094 5.2694576055160081  3.1521487579165872 5.2712167933875689  3.1529604413822168 5.2729771153292564  3.1537720735155887 5.2747385870483736  3.1545836549839574 5.2765012242868332  3.1553951864518335 5.2782650428210731  3.15620666858098 5.2800300584620121  3.1570181020304346 5.2817962870546822  3.1578294874564103 5.2835637444792445  3.1586408255126517 5.2853324466466338  3.1591816864036244 5.2865124218918522  3.1594521091709873 5.2871026222885815 
 0.25955563052430058 4 0.26017415043576386 1 0.26079267034722708 1 0.26141119025869036 1 0.26202971017015358 1 0.26264823008161686 1 0.26326674999308014 1 0.26388526990454336 1 0.26450378981600664 1 0.26512230972746986 1 0.26574082963893314 1 0.26635934955039642 1 0.26697786946185964 1 0.26759638937332292 1 0.26821490928478614 1 0.26883342919624942 1 0.26945194910771264 1 0.27007046901917592 1 0.2706889889306392 1 0.27130750884210242 1 0.2719260287535657 1 0.27254454866502892 1 0.2731630685764922 4
7 0 0  3 47 45  0.25655016776901846 0.37632012121457376  0.25178270998310381 0.37591484822197302  0.24243673018668874 0.37510545455071342  0.22902365881198775 0.37389580072294804  0.21625531331653824 0.37269157020495025  0.20417144327989356 0.37149372550065962  0.19281304306136382 0.37030331872748629  0.18221921594966697 0.36912106767566272  0.17243859272249989 0.36794893783066079  0.16348584229649127 0.36678423822417239  0.15550310836412895 0.36564165600776799  0.14815650102638309 0.36447102230728889  0.14090328655572823 0.36312504605140222  0.13486618091339689 0.36173039239210208  0.12957793256342229 0.36005481397675992  0.12687243973572299 0.35785692034251593  0.13042310936446053 0.3557435812833783  0.13634098013206639 0.35437095820990966  0.14379316570354014 0.35319065084045131  0.15167836186630132 0.35226517792902251  0.16038502752945569 0.35143078728884797  0.16986432621185815 0.35067572962455318  0.17981153627515417 0.34999850097069057  0.18999477605380097 0.34939491041340476  0.20017491907076768 0.34886126950253954  0.21009867374355254 0.3483945668815569  0.21960591818589612 0.34798858035573865  0.22820521209807523 0.34764925398947477  0.23673481286125095 0.3473343370981426  0.24559410032185364 0.34702905168302056  0.25466675154740687 0.3467369699503326  0.26397477047776569 0.34645674718370678  0.27350324854557556 0.34618835615220966  0.28324732608058933 0.34593141660574928  0.29319961408098372 0.34568564288543108  0.30335356854236661 0.34545072398672605  0.3137025893469671 0.34522635569644811  0.32424026386605986 0.34501223198167486  0.33496030301553031 0.34480804729708214  0.34585655900360623 0.34461349596669327  0.35692302042037144 0.34442827234954088  0.3681538131682911 0.34425207079527592  0.37954319791311475 0.34408458565606298  0.39108557315166459 0.34392551128339421  0.40277545713045432 0.3437745420289417  0.41066351695507758 0.34367909550586578  0.41463035548380756 0.34363262121457389 
 -0.178709377841336 4 -0.17464780107221473 1 -0.17058622430309345 1 -0.1665246475339722 1 -0.16246307076485092 1 -0.15840149399572964 1 -0.15433991722660836 1 -0.15027834045748709 1 -0.14621676368836584 1 -0.14215518691924456 1 -0.13809361015012328 1 -0.134032033381002 1 -0.12997045661188072 1 -0.12590887984275945 1 -0.12184730307363818 1 -0.11778572630451692 1 -0.11372414953539564 1 -0.10966257276627436 1 -0.1056009959971531 1 -0.10153941922803182 1 -0.097477842458910557 1 -0.09341626568978928 1 -0.089354688920668002 1 -0.085293112151546738 1 -0.08123153538242546 1 -0.077169958613304182 1 -0.073108381844182918 1 -0.06904680507506164 1 -0.064985228305940362 1 -0.060923651536819098 1 -0.056862074767697821 1 -0.052800497998576557 1 -0.048738921229455279 1 -0.044677344460334001 1 -0.040615767691212723 1 -0.036554190922091473 1 -0.032492614152970195 1 -0.028431037383848917 1 -0.024369460614727639 1 -0.020307883845606362 1 -0.016246307076485111 1 -0.012184730307363834 1 -0.0081231535382425557 1 -0.0040615767691212779 1 -0 4
7 0 0  3 47 45  5.8010045148687581 0  5.8030113761732034 -0.0074404054661106099  5.8069308047440549 -0.022433936378853818  5.812515900943076 -0.045261242900510916  5.8177957804341212 -0.068424055327830732  5.8227592924430631 -0.09192211001642972  5.8273949827198877 -0.11575397235300516  5.8316923239835949 -0.13992647567922209  5.8356370772580144 -0.16442068151180408  5.8392285734733127 -0.18931967844164327  5.8424151811623748 -0.21433206315606898  5.8453351087296221 -0.24057009148736361  5.8482051424263064 -0.27160931635364083  5.8505842733719948 -0.30485084431755466  5.8526610279687548 -0.3462232835825782  5.8537205164975665 -0.40358162297659  5.852329703393556 -0.46322479625245122  5.8500043214936603 -0.5046003453224891  5.8470635738445846 -0.5419085280162711  5.8439372984408555 -0.57264024776041034  5.8404692996541234 -0.60156264075087651  5.836673374631741 -0.62894272839875476  5.8326673563139133 -0.65456506707090012  5.8285422779964779 -0.67833870489079318  5.8243943025762279 -0.70016661265509772  5.82032796421234 -0.71995124988993608  5.8164112418835527 -0.73776972986702605  5.8128518688183854 -0.75319833793524249  5.8093060698192511 -0.76795234049225425  5.8056063267396434 -0.78267468054207467  5.8017998267158921 -0.79719971210389207  5.7978762115650744 -0.81157927184746725  5.7938405271969318 -0.82580747201754545  5.7896936769422158 -0.83989419286295808  5.7854376591098529 -0.85384517285833761  5.7810741636047958 -0.86766716250844267  5.7766049479520225 -0.88136640072795991  5.7720317364991134 -0.89494891799987308  5.7673562473502322 -0.90842038495834287  5.7625801850364278 -0.92178611370105945  5.7577052423399602 -0.93505104466693179  5.752733099588057 -0.94821975829531491  5.7476654247290364 -0.96129649884015178  5.7425038726169229 -0.97428519942887903  5.7372500864815184 -0.98718954419779847  5.7336871563238381 -0.99573845942678429  5.7318908614203021 -1 
 -0.178709377841336 4 -0.17464780107221473 1 -0.17058622430309345 1 -0.1665246475339722 1 -0.16246307076485092 1 -0.15840149399572964 1 -0.15433991722660836 1 -0.15027834045748709 1 -0.14621676368836584 1 -0.14215518691924456 1 -0.13809361015012328 1 -0.134032033381002 1 -0.12997045661188072 1 -0.12590887984275945 1 -0.12184730307363818 1 -0.11778572630451692 1 -0.11372414953539564 1 -0.10966257276627436 1 -0.1056009959971531 1 -0.10153941922803182 1 -0.097477842458910557 1 -0.09341626568978928 1 -0.089354688920668002 1 -0.085293112151546738 1 -0.08123153538242546 1 -0.077169958613304182 1 -0.073108381844182918 1 -0.06904680507506164 1 -0.064985228305940362 1 -0.060923651536819098 1 -0.056862074767697821 1 -0.052800497998576557 1 -0.048738921229455279 1 -0.044677344460334001 1 -0.040615767691212723 1 -0.036554190922091473 1 -0.032492614152970195 1 -0.028431037383848917 1 -0.024369460614727639 1 -0.020307883845606362 1 -0.016246307076485111 1 -0.012184730307363834 1 -0.0081231535382425557 1 -0.0040615767691212779 1 -0 4
7 0 0  3 25 23  0.41463024254940428 0.34363157155844681  0.42439181508810597 0.34350769050090307  0.44381761158111915 0.34325996510807222  0.4726811844245527 0.34288766106547408  0.50131163095325493 0.34251354114073973  0.52966319571363485 0.34213746373540188  0.55770353501557335 0.34175940564117369  0.58546150297419963 0.34137864022149556  0.61294799571244152 0.34099462932284375  0.6401773257928064 0.34060678428781904  0.66716163793220895 0.34021452999149338  0.69391252991468722 0.33981728768292552  0.72044072726577946 0.33941447958275983  0.74675626608733925 0.33900552765130648  0.77286852829514641 0.33858985391863133  0.79878630654767913 0.33816688039610943  0.82451785271373823 0.33773602910012401  0.85007092329316425 0.33729672204571615  0.87545281943821596 0.33684838124828681  0.90067042194965441 0.33639042872314073  0.9257302258432113 0.33592228648560757  0.95063835893918458 0.33544337655101147  0.97540064483621547 0.33495312093467733  0.99181520612573781 0.33461833474617891  1 0.33444885804341495 
 0.13019759133133055 4 0.14030579196947365 1 0.15041399260761679 1 0.16052219324575989 1 0.170630393883903 1 0.1807385945220461 1 0.19084679516018921 1 0.20095499579833234 1 0.21106319643647545 1 0.22117139707461855 1 0.23127959771276169 1 0.24138779835090479 1 0.2514959989890479 1 0.261604199627191 1 0.27171240026533416 1 0.28182060090347727 1 0.29192880154162038 1 0.30203700217976348 1 0.31214520281790659 1 0.32225340345604969 1 0.3323616040941928 1 0.3424698047323359 1 0.35257800537047901 4
7 0 0  3 25 23  3.0903387131257394 4.6741616377211841  3.0859184006680085 4.6648848548216444  3.0770677920269449 4.6463343057839053  3.0637608511509393 4.6184717165301556  3.0504103669147744 4.5905103478731801  3.0370438593511984 4.5624448781441247  3.0236832867587387 4.5342533951795119  3.0103209593263811 4.5058763128403134  2.9969569611256945 4.4772650124528139  2.9835891222578037 4.4483688994830333  2.9702157051404829 4.4191389623690753  2.9568346840322701 4.3895269103030614  2.9434439373655654 4.3594854964512173  2.9300411954525596 4.3289685245057488  2.9166240536895649 4.2979309412045481  2.9031899681509534 4.2663289071394601  2.8897362558450035 4.2341198747510358  2.8762600936196212 4.2012626664701429  2.8627585174680239 4.1677175531980222  2.8492284212273886 4.133446340382311  2.8356665569368826 4.0984124335068923  2.8220695287928574 4.0625809895589011  2.8084338106889319 4.0259187575444226  2.7993150538742815 4.0009029794467992  2.7947479943281515 3.9882462860351588 
 0.13019759133133055 4 0.14030579196947365 1 0.15041399260761679 1 0.16052219324575989 1 0.170630393883903 1 0.1807385945220461 1 0.19084679516018921 1 0.20095499579833234 1 0.21106319643647545 1 0.22117139707461855 1 0.23127959771276169 1 0.24138779835090479 1 0.2514959989890479 1 0.261604199627191 1 0.27171240026533416 1 0.28182060090347727 1 0.29192880154162038 1 0.30203700217976348 1 0.31214520281790659 1 0.32225340345604969 1 0.3323616040941928 1 0.3424698047323359 1 0.35257800537047901 4
7 0 0  1 2 2  1.0000000000000004 0.33444885804341495  1.0000000000000004 0.36517102067195478 
 8.4950009943027673 2 9.2753439250676823 2
7 0 0  1 2 2  1.826288531668385e-16 0.33444885804341495  1.8264240403963334e-16 0.36517102067195478 
 8.4950009943027673 2 9.2753439250676823 2
7 0 0  1 2 2  -6.2155965948622539e-17 0.25186151879787111  -6.2155965948622539e-17 0.28263047128900903 
 6.3972825774659476 2 7.1788139707408529 2
7 0 0  1 2 2  1.0000000000000002 0.25186151879787111  1.0000000000000002 0.28263047128900903 
 6.3972825774659476 2 7.1788139707408529 2
7 0 0  3 25 23  0 0.25186151879787111  0.011973570620127825 0.25220455894746374  0.036485028723544768 0.25283772832388202  0.075024938235225713 0.25360716923436716  0.11543921304775205 0.25417451938339175  0.15775294698514944 0.25451869143880523  0.20234637663421409 0.25461603418926265  0.24757929095429751 0.25445314462722368  0.29357174653088236 0.2540397044860469  0.3404177044910181 0.25338173740622127  0.38816740997681765 0.25248524301287523  0.43560388054590005 0.25139292719015638  0.48292073769981297 0.25012850712515466  0.5300414729026115 0.24871870815507313  0.57689556404332865 0.24719143139930955  0.62372620454389949 0.24556416377242887  0.67056330596041946 0.24385921073373099  0.71741787156168046 0.24209967931595949  0.76430662394697135 0.24030846177089923  0.81124618713407204 0.23850850790072614  0.85825576014207461 0.23672275208700938  0.90535847562698446 0.2349741328433575  0.9525820347354661 0.23328558757582357  0.98417198617048751 0.23221523185103998  1 0.23169771220521521 
 0 4 0.0090540547359410448 1 0.01810810947188209 1 0.027162164207823136 1 0.036216218943764179 1 0.045270273679705222 1 0.054324328415646272 1 0.063378383151587309 1 0.072432437887528359 1 0.081486492623469409 1 0.090540547359410445 1 0.099594602095351495 1 0.10864865683129254 1 0.11770271156723358 1 0.12675676630317462 1 0.13581082103911568 1 0.14486487577505672 1 0.15391893051099775 1 0.16297298524693882 1 0.17202703998287985 1 0.18108109471882089 1 0.19013514945476195 1 0.19918920419070299 4
7 0 0  3 25 23  1.0198035096047944 -2.1793814026494354  1.01406216881835 -2.1537628348319284  1.0025502685171666 -2.106473958647141  0.98516366757032159 -2.049004520445572  0.96762066113321499 -2.0066349515909083  0.94990655660818146 -1.9809421109421743  0.93186591809551655 -1.9736753482991594  0.91412674260396865 -1.9858122809106924  0.89657186251470455 -2.0166899511173328  0.87911044853157438 -2.0658547870888007  0.86167431534550987 -2.1327978095478963  0.84464898658840393 -2.2143586022108663  0.8279044613498131 -2.308787074969783  0.81142261189045517 -2.4140856546840457  0.79519053712257082 -2.5281417636668055  0.77909706327361938 -2.6496865745269114  0.76311647319277542 -2.7770523010577821  0.74723787994604796 -2.9084987664317148  0.73145753467671171 -3.0423014902759977  0.71578128427110221 -3.1767333892256677  0.70022424973163366 -3.3100745789391675  0.6848116555376893 -3.4406151717427864  0.66957776470565067 -3.566656871408568  0.65957317676572469 -3.6465689121552485  0.65461609985026237 -3.6852157470686877 
 0 4 0.0090540547359410448 1 0.01810810947188209 1 0.027162164207823136 1 0.036216218943764179 1 0.045270273679705222 1 0.054324328415646272 1 0.063378383151587309 1 0.072432437887528359 1 0.081486492623469409 1 0.090540547359410445 1 0.099594602095351495 1 0.10864865683129254 1 0.11770271156723358 1 0.12675676630317462 1 0.13581082103911568 1 0.14486487577505672 1 0.15391893051099775 1 0.16297298524693882 1 0.17202703998287985 1 0.18108109471882089 1 0.19013514945476195 1 0.19918920419070299 4
7 0 0  1 2 2  6.4719881013825277e-16 0.21475885672947526  6.4719881013825277e-16 0.24644258775870018 
 5.4548749609286897 2 6.2596417290710047 2
7 0 0  1 2 2  1.0000000000000029 0.21475885672947506  1.0000000000000016 0.24644258775869987 
 5.4548749609286897 2 6.2596417290710047 2
7 0 0  3 25 23  0.090637546315545797 0.21845591191148872  0.1059190079552681 0.21896731810502668  0.13638873714361605 0.2200208721800849  0.18193968387993745 0.221682046972032  0.22752902074716932 0.22341396793326435  0.27311742809734701 0.22520204399291222  0.3187138657806915 0.22703247755572234  0.36431419166731871 0.22889120959344414  0.40991949588087118 0.23076443333420391  0.45552390867529724 0.23263759441361215  0.50121517137584048 0.23450206406669757  0.54696956294552046 0.23634721979568657  0.59283826817714858 0.23816454160971431  0.63865384761920241 0.23993797859124338  0.68504598099230585 0.24167950102251842  0.72888571508078437 0.24326880038503013  0.7701390032056783 0.2447127439768276  0.80910084539708871 0.24602844334733512  0.84602857828910394 0.24723206098463982  0.88088019130208595 0.24833195333451449  0.91366792664515539 0.24933622237433459  0.94446327734384539 0.25025461823960743  0.97332383303815329 0.25109644929149499  0.99131070373478747 0.25161291165076904  1 0.25186151879787111 
 0.010638357028469908 4 0.016029510930876095 1 0.021420664833282282 1 0.026811818735688466 1 0.032202972638094657 1 0.037594126540500844 1 0.042985280442907024 1 0.048376434345313211 1 0.053767588247719399 1 0.059158742150125586 1 0.06454989605253178 1 0.069941049954937967 1 0.07533220385734414 1 0.080723357759750328 1 0.086114511662156515 1 0.091505665564562702 1 0.096896819466968889 1 0.10228797336937508 1 0.10767912727178126 1 0.11307028117418745 1 0.11846143507659364 1 0.12385258897899983 1 0.129243742881406 4
7 0 0  3 25 23  1.1992522672876351 -4.6740893806645447  1.1968967466379581 -4.6359124392512028  1.1925517015212923 -4.5572467330683804  1.186902679234155 -4.4331724741251248  1.1818803752915059 -4.3037483598518493  1.1772863062410617 -4.1701689757989158  1.1729203206467154 -4.0334834403156492  1.1685918297457301 -3.8947344438506795  1.1641166310271338 -3.7549184372249997  1.1593193632272201 -3.6150202420459454  1.1540209463928413 -3.4756739175605307  1.1480529454292343 -3.3378198881992893  1.1412397542091515 -3.2021338891198283  1.1334580854252907 -3.0698111606159926  1.1244096881914412 -2.9397801956134333  1.1146230819867466 -2.8210886774332349  1.1042223562615912 -2.7132576972000142  1.0932335578160752 -2.6150002675074471  1.0816870848497069 -2.525097718504477  1.0697055997560798 -2.4430446006703517  1.0574160274733841 -2.3681126492824651  1.0449249299759904 -2.2995171523260511  1.0323435839563626 -2.2365646032025168  1.023969101598369 -2.1979532049265877  1.0198035096047944 -2.1793814026494354 
 0.010638357028469908 4 0.016029510930876095 1 0.021420664833282282 1 0.026811818735688466 1 0.032202972638094657 1 0.037594126540500844 1 0.042985280442907024 1 0.048376434345313211 1 0.053767588247719399 1 0.059158742150125586 1 0.06454989605253178 1 0.069941049954937967 1 0.07533220385734414 1 0.080723357759750328 1 0.086114511662156515 1 0.091505665564562702 1 0.096896819466968889 1 0.10228797336937508 1 0.10767912727178126 1 0.11307028117418745 1 0.11846143507659364 1 0.12385258897899983 1 0.129243742881406 4
7 0 0  3 25 23  0 0.33444885804341495  0.01314866472554767 0.33417896375229766  0.039631179438998076 0.33365641768610516  0.079907387683846309 0.33292123794438422  0.12073284998023941 0.33223160936356089  0.16210460299262255 0.33158444376835761  0.20401982557495507 0.33097665290403444  0.24647584790293561 0.33040514881230876  0.28947016748687637 0.32986684242853248  0.33300034166520986 0.32935864881706012  0.37706435455125892 0.328877467632603  0.42165919416596259 0.32842025603944197  0.46678609580443026 0.3279837565732226  0.51243088844980589 0.32756551277456097  0.55864955696039453 0.32715951135971449  0.6054443812594128 0.3267605150327566  0.6528086330008902 0.32636390456069375  0.70073802458127366 0.32596489510106846  0.74922762949437383 0.325558746186345  0.79827269651746979 0.325140705458763  0.84786842213606073 0.32470602374654245  0.89801000368741057 0.3242499510242019  0.94869262189714243 0.32376773749508808  0.98283849993019712 0.3234256680323217  1 0.323248693216656 
 0 4 0.015990874000388955 1 0.03198174800077791 1 0.047972622001166865 1 0.06396349600155582 1 0.079954370001944775 1 0.095945244002333729 1 0.11193611800272268 1 0.12792699200311164 1 0.14391786600350059 1 0.15990874000388955 1 0.1758996140042785 1 0.19189048800466746 1 0.20788136200505641 1 0.22387223600544537 1 0.23986311000583432 1 0.25585398400622328 1 0.27184485800661223 1 0.28783573200700119 1 0.30382660600739014 1 0.3198174800077791 1 0.33580835400816805 1 0.35179922800855701 4
7 0 0  3 25 23  2.7947479943281528 3.9882462860351522  2.7874661952873017 3.968089032772363  2.77285750919452 3.9290087027702141  2.7508238088944084 3.8739272595497418  2.7286842823540698 3.8222284575796013  2.7064528923247462 3.7737311509344602  2.6841428960159996 3.7282388478138335  2.6617666796265125 3.6855381999407943  2.639335674970027 3.6454004846506014  2.6168603189345716 3.6075825596343853  2.5943497922901759 3.5718274330931132  2.5718126337333267 3.5378673515255361  2.5492541107752569 3.5054176058138009  2.5266857258123605 3.4742053034624378  2.5040834223515183 3.4438514499105435  2.4814488954095077 3.4140166993294727  2.4587865993538398 3.3843663952603928  2.4360982109647331 3.3545537778522534  2.4133840469269066 3.3242264446376426  2.3906426174097679 3.2930266419814376  2.367870703637299 3.2605932252116796  2.3450632204837887 3.2265633416835309  2.3222134257623885 3.1905737750586725  2.3069457830902556 3.1650340232847363  2.2993019151357181 3.151817272406682 
 0 4 0.015990874000388955 1 0.03198174800077791 1 0.047972622001166865 1 0.06396349600155582 1 0.079954370001944775 1 0.095945244002333729 1 0.11193611800272268 1 0.12792699200311164 1 0.14391786600350059 1 0.15990874000388955 1 0.1758996140042785 1 0.19189048800466746 1 0.20788136200505641 1 0.22387223600544537 1 0.23986311000583432 1 0.25585398400622328 1 0.27184485800661223 1 0.28783573200700119 1 0.30382660600739014 1 0.3198174800077791 1 0.33580835400816805 1 0.35179922800855701 4
7 0 0  1 2 2  0.99999999999999978 0.32324869321665595  0.99999999999999978 0.35397720129933075 
 8.2105168077030886 2 8.9910209130030303 2
7 0 0  1 2 2  -6.8607747854024204e-16 0.26326265744109295  -6.8607747854024204e-16 0.29402515061636592 
 6.6868714990037859 2 7.4682388256557211 2
7 0 0  3 25 23  2.299301915135719 3.1518172724066575  2.2866229428008897 2.9401584091335202  2.2610804616364515 2.5369432896997455  2.2222319634692878 1.9879290637468563  2.182866699919753 1.4899758709536806  2.1430055591159403 1.0392044729263088  2.1026713216083421 0.63218924304132029  2.0618889075294757 0.26597454028627115  2.0206852689496384 -0.062007684847532184  1.9790893513526886 -0.35398027387493963  1.9371320098281868 -0.6118628877830028  1.894845910276185 -0.83730499404633996  1.852265407652028 -1.0317136725196023  1.8094264040687895 -1.1962764186769539  1.7663661872451759 -1.3319798576630855  1.7231232509516328 -1.439624880239234  1.679737099403205 -1.519838670840135  1.6362480377245674 -1.5730839207940512  1.5926969519427006 -1.5996656562318705  1.5491250785180781 -1.5997352254262731  1.50557377756474 -1.5732939477223289  1.4620842720574359 -1.5201875854959741  1.4186975093722096 -1.4401248415123489  1.3898682214112126 -1.3684388882856566  1.3754841048013446 -1.3279436517684933 
 0.060209474810343153 4 0.088121560438114907 1 0.11603364606588668 1 0.14394573169365843 1 0.17185781732143018 1 0.19976990294920194 1 0.22768198857697369 1 0.25559407420474545 1 0.2835061598325172 1 0.31141824546028901 1 0.33933033108806077 1 0.36724241671583252 1 0.39515450234360427 1 0.42306658797137603 1 0.45097867359914778 1 0.47889075922691954 1 0.50680284485469129 1 0.53471493048246299 1 0.5626270161102348 1 0.5905391017380065 1 0.61845118736577831 1 0.64636327299355001 1 0.67427535862132182 4
7 0 0  1 2 2  -9.5483743171528734e-16 0.23903156900942707  -9.5483743171528655e-16 0.2698077903094791 
 6.07140185283947 2 6.8531178738607927 2
7 0 0  1 2 2  1 0.23903156900942718  1.0000000000000002 0.26980779030947921 
 6.07140185283947 2 6.8531178738607927 2
7 0 0  3 25 23  0 0.23903156900942726  0.0037561041607913374 0.23878733623516213  0.011518681773746589 0.23828642351392065  0.023909448733613115 0.23749993759424587  0.037042083757389807 0.23668055950116118  0.050914442368491061 0.23583051395478283  0.065526356919325582 0.23495202546828925  0.080880028179553837 0.23404731932689685  0.096980266702892434 0.23311861793460936  0.11383457676438741 0.23216815444824032  0.13145469694208847 0.23119812189457917  0.1498532953289643 0.23021086306770172  0.16905955130984535 0.22920816182256235  0.18906507986140672 0.22819388800331067  0.2097573736406475 0.22717666728584626  0.23118692413707093 0.22615763482139423  0.25337209975573632 0.22513975075150794  0.27635047062676943 0.22412548673024935  0.30016602056151809 0.22311744337131512  0.32488118574819685 0.22211819393735485  0.35005578595570891 0.2211502346076962  0.37579035907325903 0.22021355018942781  0.40209781516490156 0.21931223523312526  0.42005579035191398 0.21873693029101829  0.42914705141028109 0.21845622144637009 
 0 4 0.0024896913251173476 1 0.0049793826502346952 1 0.0074690739753520427 1 0.0099587653004693903 1 0.012448456625586739 1 0.014938147950704085 1 0.017427839275821432 1 0.019917530600938781 1 0.022407221926056129 1 0.024896913251173478 1 0.027386604576290823 1 0.029876295901408171 1 0.032365987226525519 1 0.034855678551642864 1 0.037345369876760216 1 0.039835061201877561 1 0.042324752526994906 1 0.044814443852112258 1 0.047304135177229603 1 0.049793826502346955 1 0.0522835178274643 1 0.054773209152581645 4
7 0 0  3 25 23  1.328432501026569 -3.1375228597118525  1.3293368025371528 -3.1557624862602909  1.3311612034086886 -3.1931806132981904  1.3339150782756612 -3.2519458586474448  1.3366564017536657 -3.3131691390899287  1.3393543162442736 -3.3766755192663105  1.3419771937816198 -3.4422933403909726  1.3444924755525367 -3.5098544207578302  1.3468666375028295 -3.5791939250649105  1.3490650992129192 -3.6501488686087629  1.351052258872699 -3.7225616892423679  1.3527911069661946 -3.7962641438003151  1.3542444273767842 -3.8711340206616933  1.3553701015211275 -3.9468793939153008  1.3561249599322363 -4.0228314015489746  1.3564765906749234 -4.0989245146314115  1.3563887707333449 -4.1749411539796846  1.3558248431749567 -4.2506971033103893  1.354748002272117 -4.3259922518240401  1.3531170877609304 -4.4006133160683012  1.3509385076333871 -4.472889698570607  1.3481982239013288 -4.5428379547087809  1.3448859486605578 -4.6101554359100252  1.342289757883681 -4.6531250249208131  1.3408929779866861 -4.6740905671718807 
 0 4 0.0024896913251173476 1 0.0049793826502346952 1 0.0074690739753520427 1 0.0099587653004693903 1 0.012448456625586739 1 0.014938147950704085 1 0.017427839275821432 1 0.019917530600938781 1 0.022407221926056129 1 0.024896913251173478 1 0.027386604576290823 1 0.029876295901408171 1 0.032365987226525519 1 0.034855678551642864 1 0.037345369876760216 1 0.039835061201877561 1 0.042324752526994906 1 0.044814443852112258 1 0.047304135177229603 1 0.049793826502346955 1 0.0522835178274643 1 0.054773209152581645 4
7 0 0  3 47 45  0 0.26326265744109306  0.0058354932027659045 0.26322660100745293  0.017762475158708657 0.26315040037947252  0.036402150835656684 0.26302233231550998  0.055772141063046794 0.26287899314962321  0.07585392264366235 0.26271887939202715  0.096629097080178403 0.26254048573238675  0.11807858531738291 0.26234231365242278  0.14018468023517025 0.26212283928618302  0.16292215301921736 0.26188063336634643  0.18629030098474975 0.26161391357874614  0.21019239319407085 0.261322215197964  0.23500695192358845 0.26099856478855499  0.26072924420537225 0.26063987844088632  0.28733163545151247 0.26024353435578934  0.31479144040108709 0.25980678316884687  0.34308743845011491 0.25932692366616972  0.37218469723061598 0.25880118959701087  0.40134351258601397 0.25824091540062571  0.43070526810622428 0.25764266744899594  0.46018300812767393 0.257007255095068  0.48998133355562173 0.25632881622118381  0.5191602738276494 0.25562875028858734  0.54759540018513975 0.254912716029357  0.57530144126606253 0.25418272466944425  0.6022551334656171 0.2534417916969805  0.62844640644919803 0.25269256305750559  0.6538577929034326 0.25193812409116983  0.67846208276332864 0.25118186575967016  0.70223781026013521 0.25042701411723173  0.72515309257356475 0.24967717101429207  0.7472146366586323 0.24893460002391074  0.76828595572045288 0.24820654203244868  0.78877949566140104 0.24748110513934107  0.80890691429279571 0.24675200547164589  0.82859796286836873 0.24602281729753586  0.84785845494240908 0.24529447340423371  0.86667425944968168 0.24456861436164967  0.885036921896174 0.24384669108989346  0.9029366925989184 0.24313020532558693  0.92036429198266134 0.24242064518910747  0.93731034053389939 0.24171950244929519  0.95376542497839489 0.2410282678973856  0.96971999000653442 0.24034843258656921  0.98516432488082117 0.23968148749982188  0.99511369085863211 0.23924644492595587  1 0.23903156900942726 
 0 4 0.0021915762745590909 1 0.0043831525491181819 1 0.0065747288236772724 1 0.0087663050982363638 1 0.010957881372795455 1 0.013149457647354545 1 0.015341033921913636 1 0.017532610196472728 1 0.019724186471031819 1 0.02191576274559091 1 0.024107339020150002 1 0.02629891529470909 1 0.028490491569268181 1 0.030682067843827272 1 0.032873644118386364 1 0.035065220392945455 1 0.037256796667504546 1 0.039448372942063638 1 0.041639949216622729 1 0.043831525491181821 1 0.046023101765740912 1 0.048214678040300003 1 0.050406254314859095 1 0.052597830589418179 1 0.054789406863977271 1 0.056980983138536362 1 0.059172559413095453 1 0.061364135687654545 1 0.063555711962213643 1 0.065747288236772727 1 0.067938864511331826 1 0.07013044078589091 1 0.072322017060449995 1 0.074513593335009093 1 0.076705169609568177 1 0.078896745884127276 1 0.08108832215868636 1 0.083279898433245458 1 0.085471474707804543 1 0.087663050982363641 1 0.089854627256922726 1 0.092046203531481824 1 0.094237779806040908 1 0.096429356080600007 4
7 0 0  3 47 45  1.3754841048013444 -1.3279436517684884  1.3741126495785247 -1.3306366877260947  1.3713476548062142 -1.3363372856773921  1.3671530218908952 -1.3459308726853112  1.3629303906573378 -1.3566646565189431  1.3586987977900715 -1.3686417622209641  1.3544772000821919 -1.3819691929537636  1.3502845721993286 -1.3967577360202332  1.3461395713209385 -1.4131239719292312  1.3420618801636772 -1.4311819538834476  1.338067288939196 -1.4510738354818349  1.3341861641490982 -1.4728547715472371  1.3303752923790977 -1.4970329726430034  1.3266606552022469 -1.5238251123841697  1.3230708272756213 -1.5534239263092808  1.3196341838090209 -1.5860348145856686  1.3163783788868404 -1.6218639359015621  1.3133356899667674 -1.6611262216179365  1.3105972285908365 -1.7029649783482173  1.3081538300570774 -1.747642117899701  1.3060192003141744 -1.7950967817671164  1.3041899076440131 -1.8457640840250547  1.3027223904654184 -1.8980402403448058  1.3016002786331142 -1.9515118991007048  1.3008027153211656 -2.0060302684470486  1.3003098932275992 -2.0613674177881665  1.3001016478618566 -2.1173179290334438  1.3001577313620216 -2.1736564363609761  1.3004570682202641 -2.2301323073176751  1.300978504801096 -2.2865052925032248  1.3016998703753355 -2.3425056463680232  1.3026007176999528 -2.3979635388017986  1.3036520327015499 -2.4523347260177326  1.3048553241486891 -2.5065138099252322  1.3062142586736016 -2.5609719440833967  1.3077161168157487 -2.6154389210469429  1.3093523170706218 -2.6698431656809096  1.3111128955365923 -2.7240600795113727  1.312987965876093 -2.7779796746666241  1.3149673107296518 -2.8314886424798829  1.3170404760725867 -2.8844753355425907  1.3191967321943432 -2.9368286000921642  1.3214250758790762 -2.9884382290389619  1.3237142125841874 -3.0391950137106871  1.3260525896368924 -3.0889907074779601  1.3276363687737125 -3.1214760131294077  1.328432501026569 -3.1375228597118525 
 0 4 0.0021915762745590909 1 0.0043831525491181819 1 0.0065747288236772724 1 0.0087663050982363638 1 0.010957881372795455 1 0.013149457647354545 1 0.015341033921913636 1 0.017532610196472728 1 0.019724186471031819 1 0.02191576274559091 1 0.024107339020150002 1 0.02629891529470909 1 0.028490491569268181 1 0.030682067843827272 1 0.032873644118386364 1 0.035065220392945455 1 0.037256796667504546 1 0.039448372942063638 1 0.041639949216622729 1 0.043831525491181821 1 0.046023101765740912 1 0.048214678040300003 1 0.050406254314859095 1 0.052597830589418179 1 0.054789406863977271 1 0.056980983138536362 1 0.059172559413095453 1 0.061364135687654545 1 0.063555711962213643 1 0.065747288236772727 1 0.067938864511331826 1 0.07013044078589091 1 0.072322017060449995 1 0.074513593335009093 1 0.076705169609568177 1 0.078896745884127276 1 0.08108832215868636 1 0.083279898433245458 1 0.085471474707804543 1 0.087663050982363641 1 0.089854627256922726 1 0.092046203531481824 1 0.094237779806040908 1 0.096429356080600007 4
7 0 0  1 2 2  -2.9783725864834189e-16 0.32823469375463576  -2.9408264108592004e-16 0.35896037701837075 
 8.3371612213677775 2 9.117593576266648 2
7 0 0  1 2 2  0.99999999999999967 0.32823469375463582  0.99999999999999967 0.3589603770183708 
 8.3371612213677775 2 9.117593576266648 2
7 0 0  3 47 45  0.17011965986248123 0.34363262121457383  0.17115330687266669 0.34370000387261224  0.17322321773727442 0.34384134580563064  0.17632733422883698 0.34407411283908879  0.17942212280042993 0.34432865445439798  0.18249892755539712 0.34460600452262913  0.18554861514942753 0.34490714705744074  0.18856332456274283 0.34523325207898958  0.19152992426397969 0.34558479543885107  0.19445631391021165 0.34596507910509022  0.19733358308671978 0.34637606507349267  0.20014649721578048 0.3468188401447474  0.20288168284202965 0.34729481058652384  0.20552373559854625 0.34780497999366899  0.20806271786233352 0.34835164318533796  0.21046483944191577 0.34893158791974677  0.21271651254143745 0.34954482237631967  0.21480836508202703 0.35019244676659428  0.21672949966080496 0.35087515588285534  0.21847084335412642 0.3515941741622825  0.22001758234932781 0.35234901288173232  0.22133490520757521 0.35312331375510236  0.22243363403800012 0.35391932624284367  0.22331686901275005 0.35473747275570083  0.2239828563869416 0.35557093880300289  0.22443727997869634 0.35641287013477752  0.2246919371983179 0.35726103758387889  0.22475922594201839 0.35811117905109691  0.22465315639853645 0.35896189205766976  0.22438722776269626 0.35981157446883361  0.22397551983327013 0.36065773296462783  0.22343058160356252 0.36149925773141689  0.22277074224825066 0.36233039611545742  0.22196552357906538 0.3631943758872006  0.22101198344370626 0.36408772514450211  0.21990443836851845 0.36501310115366425  0.21863802866113799 0.36597151887525348  0.21720777004519792 0.36696443332433321  0.21560881651352809 0.36799318160371808  0.21383640081908264 0.3690591324107157  0.211885863602123 0.3701636459769147  0.20975266209100099 0.37130808480228567  0.20743238493471525 0.37249381077898758  0.20492077721715166 0.3737221859620467  0.20221373397851355 0.37499457236283312  0.20027619517847731 0.37587307879059167  0.19927356359152543 0.3763201212145737 
 -0.068227067512290795 4 -0.066676452341556919 1 -0.065125837170823028 1 -0.063575222000089152 1 -0.062024606829355268 1 -0.060473991658621384 1 -0.058923376487887508 1 -0.057372761317153624 1 -0.05582214614641974 1 -0.054271530975685864 1 -0.05272091580495198 1 -0.051170300634218097 1 -0.04961968546348422 1 -0.048069070292750329 1 -0.046518455122016453 1 -0.044967839951282569 1 -0.043417224780548686 1 -0.041866609609814809 1 -0.040315994439080925 1 -0.038765379268347042 1 -0.037214764097613165 1 -0.035664148926879281 1 -0.034113533756145398 1 -0.032562918585411514 1 -0.031012303414677637 1 -0.029461688243943754 1 -0.02791107307320987 1 -0.026360457902475994 1 -0.02480984273174211 1 -0.023259227561008226 1 -0.021708612390274343 1 -0.020157997219540466 1 -0.018607382048806582 1 -0.017056766878072699 1 -0.015506151707338822 1 -0.013955536536604939 1 -0.012404921365871055 1 -0.010854306195137171 1 -0.0093036910244032947 1 -0.0077530758536694111 1 -0.0062024606829355275 1 -0.0046518455122016439 1 -0.0031012303414677672 1 -0.0015506151707338905 1 -0 4
7 0 0  3 47 45  6.2808917305019873 -1  6.2806410726240847 -0.99382124840928532  6.2801384185359952 -0.98131763381362946  6.2793826474692764 -0.96212913635724595  6.2786273236440753 -0.94251305370523564  6.2778746418380846 -0.92247406531864662  6.277126875526899 -0.90201970034518286  6.2763859488777234 -0.88114704573924874  6.2756550300619081 -0.85989255589974323  6.2749321424460334 -0.83813286709508161  6.274219785193357 -0.81584092242117634  6.2735219162012728 -0.79303844001577573  6.2728419862768465 -0.76973110469980455  6.2721839206995655 -0.74594263633163249  6.2715501666653495 -0.72164231758543629  6.270949402122648 -0.69703116054669856  6.2703852913598919 -0.67214546544324705  6.2698603628688696 -0.64697770973711255  6.2693775471155737 -0.62153655637029126  6.2689393058286296 -0.59580989212786051  6.2685495875611261 -0.56985244247157485  6.2682173466879965 -0.54421978924599634  6.2679399340510855 -0.5188020273035292  6.2677167521291874 -0.49356774431638922  6.2675484117868949 -0.46870013553366452  6.2674334817619544 -0.44435920697834841  6.2673690674865981 -0.42055979237723129  6.2673520386417101 -0.39737133897444393  6.267378893002431 -0.37478142496646799  6.2674461721995538 -0.35278639049281391  6.2675502754772952 -0.3314050208007327  6.2676880203392571 -0.3106246758135992  6.2678547239337608 -0.29053774202107008  6.2680589174222705 -0.27009192581946795  6.2683007855697204 -0.2493935494614295  6.2685814421250914 -0.22839538903632295  6.2689017651975183 -0.20709293708913959  6.2692627106142522 -0.18547191921246753  6.2696652293016246 -0.16352240492705014  6.2701102908224398 -0.14123502918067118  6.270598878503157 -0.11860197073604013  6.2711319922921698 -0.095616631106822406  6.2717106493604007 -0.072273631880554981  6.2723358862679071 -0.04856874840058354  6.2730087574016835 -0.024498717870688587  6.2734898171687057 -0.0082072891474189915  6.2737386460961142 0 
 -0.068227067512290795 4 -0.066676452341556919 1 -0.065125837170823028 1 -0.063575222000089152 1 -0.062024606829355268 1 -0.060473991658621384 1 -0.058923376487887508 1 -0.057372761317153624 1 -0.05582214614641974 1 -0.054271530975685864 1 -0.05272091580495198 1 -0.051170300634218097 1 -0.04961968546348422 1 -0.048069070292750329 1 -0.046518455122016453 1 -0.044967839951282569 1 -0.043417224780548686 1 -0.041866609609814809 1 -0.040315994439080925 1 -0.038765379268347042 1 -0.037214764097613165 1 -0.035664148926879281 1 -0.034113533756145398 1 -0.032562918585411514 1 -0.031012303414677637 1 -0.029461688243943754 1 -0.02791107307320987 1 -0.026360457902475994 1 -0.02480984273174211 1 -0.023259227561008226 1 -0.021708612390274343 1 -0.020157997219540466 1 -0.018607382048806582 1 -0.017056766878072699 1 -0.015506151707338822 1 -0.013955536536604939 1 -0.012404921365871055 1 -0.010854306195137171 1 -0.0093036910244032947 1 -0.0077530758536694111 1 -0.0062024606829355275 1 -0.0046518455122016439 1 -0.0031012303414677672 1 -0.0015506151707338905 1 -0 4
7 0 0  3 25 23  0.19927381535912006 0.37631986001445572  0.19581760861519942 0.37609679298222515  0.18894587032243235 0.37564589486149264  0.17875876837069712 0.3749556041230091  0.16869061398509475 0.37425171781166555  0.15873998162650726 0.3735345861061512  0.14890540286554751 0.37280455103540244  0.13918587467214805 0.37206198503320326  0.1295789797847022 0.37130714706369983  0.12008787612771057 0.37054071956474088  0.11072457263916459 0.36976422260220937  0.10148479197328401 0.36897790275332237  0.092368388170981183 0.36818232371075882  0.083374178281167943 0.36737796419636581  0.074501324081069964 0.36656532569985628  0.065748958989418502 0.3657449036103117  0.057116285443192048 0.36491719495147346  0.048602546468443156 0.36408269630907619  0.040207031158501452 0.36324190438621917  0.031929071383306064 0.36239531585455259  0.023768040632201413 0.36154342739415429  0.015723353972327447 0.36068673568284437  0.0077944622124758826 0.35982573739904677  0.0025853999759366552 0.35924919861369797  0 0.3589603770183708 
 0.19194234218791148 4 0.19472433170360701 1 0.19750632121930253 1 0.20028831073499806 1 0.20307030025069356 1 0.20585228976638908 1 0.20863427928208461 1 0.21141626879778014 1 0.21419825831347566 1 0.21698024782917119 1 0.21976223734486672 1 0.22254422686056224 1 0.22532621637625774 1 0.22810820589195327 1 0.2308901954076488 1 0.23367218492334432 1 0.23645417443903985 1 0.23923616395473535 1 0.24201815347043087 1 0.2448001429861264 1 0.24758213250182193 1 0.25036412201751745 1 0.25314611153321298 4
7 0 0  3 25 23  3.6321869161146196 5.2869896958857296  3.6330446865770329 5.2703232995352938  3.6347432685837644 5.2366337839645531  3.6372410922253224 5.185055645195356  3.6396897042199612 5.1324597743615854  3.6420899061137439 5.078872899279796  3.6444425061354502 5.0243213958322759  3.6467481985662729 4.9688342466757041  3.6490080076086406 4.9124320925833356  3.6512216366653303 4.855168010399515  3.6533867837886724 4.7971546666663043  3.655504978435395 4.7384087639091073  3.6575767721631678 4.6789712561942105  3.6596029563849077 4.6188769406943644  3.6615842370783809 4.5581625939300663  3.6635213229382937 4.4968647804329143  3.6654149027332363 4.4350204290790742  3.667265652334883 4.3726666682617505  3.669074233791227 4.3098408598930353  3.670841296493073 4.2465805810199218  3.6725674778683688 4.1829236178462477  3.6742534038202161 4.1189079641323607  3.6758996906134005 4.0545717912205923  3.6769711909891982 4.0114929495092762  3.6775005362620758 3.9899129063396104 
 0.19194234218791148 4 0.19472433170360701 1 0.19750632121930253 1 0.20028831073499806 1 0.20307030025069356 1 0.20585228976638908 1 0.20863427928208461 1 0.21141626879778014 1 0.21419825831347566 1 0.21698024782917119 1 0.21976223734486672 1 0.22254422686056224 1 0.22532621637625774 1 0.22810820589195327 1 0.2308901954076488 1 0.23367218492334432 1 0.23645417443903985 1 0.23923616395473535 1 0.24201815347043087 1 0.2448001429861264 1 0.24758213250182193 1 0.25036412201751745 1 0.25314611153321298 4
7 0 0  1 2 2  7.6548421228683124e-17 0.26428681539724025  3.315743351414819e-16 0.29504872833575518 
 6.7128851110899213 2 7.4942376997282025 2
7 0 0  3 25 23  1 0.3589603770183708  0.98786377503825229 0.35787176526051412  0.96301614791529 0.35566774521373917  0.92406619578745319 0.35229220095895691  0.88348448119087608 0.34885798345393454  0.84131870223145344 0.34537605429269769  0.79761068886347741 0.34185692690487729  0.75242762174268296 0.3383127867180355  0.70574814970909905 0.33474957933240368  0.65794459856011855 0.33120043121740156  0.60907770711997089 0.32767849058891418  0.5591805818185912 0.32419483639888186  0.5081593395788303 0.32075201427002265  0.45645574358041813 0.31738877240588204  0.40573636795383639 0.31422079646857887  0.355633780685645 0.31122713317573542  0.30622150963340833 0.30841676676830182  0.25764198670220473 0.30580221282880532  0.21076456150543382 0.30343207579407977  0.16543207234240415 0.30129412074982381  0.12173627194876455 0.29939106913083691  0.079527023299565278 0.29771262787443853  0.038853866865340002 0.29625504388711232  0.012775361860140244 0.29542733439979729  0 0.29504872833575524 
 0 4 0.010496685446985045 1 0.02099337089397009 1 0.031490056340955135 1 0.041986741787940179 1 0.052483427234925224 1 0.062980112681910269 1 0.073476798128895321 1 0.083973483575880359 1 0.094470169022865397 1 0.10496685446985045 1 0.1154635399168355 1 0.12596022536382054 1 0.13645691081080558 1 0.14695359625779064 1 0.15745028170477568 1 0.16794696715176072 1 0.17844365259874576 1 0.18894033804573079 1 0.19943702349271586 1 0.2099337089397009 1 0.22043039438668593 1 0.230927079833671 4
7 0 0  3 25 23  3.6775005362620758 3.9899129063396104  3.679494874373225 3.9085719138493329  3.6834040102581289 3.7438776037027131  3.6889073353598394 3.4916348127299934  3.6939318228361424 3.235034329177561  3.6983474679393229 2.9748918442216303  3.7020159073972181 2.7119750833148628  3.7047887714669803 2.4471819266030255  3.7065075158433465 2.180928684678229  3.70700162303091 1.9158370739496473  3.7061219567994872 1.6527414521272608  3.7037115772213314 1.3924043818905389  3.6995958291264168 1.1350574226435697  3.6936282577703059 0.88381160290481198  3.6859514584250479 0.64715127404571904  3.6765425265276686 0.42345001435018809  3.6654195045202371 0.2134146788393867  3.6526397165891851 0.018061351464972765  3.6385346335518722 -0.15905138935165386  3.623214156710608 -0.31876326574891956  3.6068621266438403 -0.46096432856584996  3.5895818427612207 -0.58643378263358159  3.5715477408005767 -0.69531004123558071  3.5591388999668063 -0.75712846792333599  3.5528670521781507 -0.78540576176843258 
 0 4 0.010496685446985045 1 0.02099337089397009 1 0.031490056340955135 1 0.041986741787940179 1 0.052483427234925224 1 0.062980112681910269 1 0.073476798128895321 1 0.083973483575880359 1 0.094470169022865397 1 0.10496685446985045 1 0.1154635399168355 1 0.12596022536382054 1 0.13645691081080558 1 0.14695359625779064 1 0.15745028170477568 1 0.16794696715176072 1 0.17844365259874576 1 0.18894033804573079 1 0.19943702349271586 1 0.2099337089397009 1 0.22043039438668593 1 0.230927079833671 4
7 0 0  3 25 23  3.5528670521781502 -0.7854057617684258  3.5506210620882497 -0.79817236357201204  3.5461261860990128 -0.82343716932207944  3.5393753226444944 -0.86053519761606734  3.5326160472394008 -0.89684011861911994  3.5258484989352263 -0.93235779607149971  3.5190728177693509 -0.96709395967961909  3.5122891448928115 -1.0010541880131456  3.5054976225172685 -1.0342439160583412  3.498698393909939 -1.0666684360731733  3.4918916033752843 -1.0983329001480682  3.4850773962397898 -1.1292423222225032  3.4782559188355222 -1.1594015801626456  3.4714273184835704 -1.1888154177396093  3.4645917434771238 -1.2174884465540403  3.4577493430642354 -1.2454251478944041  3.4509002674302356 -1.2726298745423505  3.4440446676800005 -1.29910685249302  3.4371826958192546 -1.3248601827139832  3.4303145047380164 -1.3498938424877867  3.4234402481846438 -1.3742116880426196  3.4165600807735883 -1.3978174521149884  3.4096741578658674 -1.4207147601720322  3.405079809904167 -1.4355096378875416  3.4027817287753974 -1.4427901632501903 
 0.33783386626995882 4 0.34224866642750029 1 0.34666346658504177 1 0.3510782667425833 1 0.35549306690012478 1 0.35990786705766625 1 0.36432266721520773 1 0.36873746737274921 1 0.37315226753029074 1 0.37756706768783221 1 0.38198186784537369 1 0.38639666800291517 1 0.39081146816045664 1 0.39522626831799812 1 0.39964106847553965 1 0.40405586863308113 1 0.4084706687906226 1 0.41288546894816408 1 0.41730026910570561 1 0.42171506926324709 1 0.42612986942078857 1 0.43054466957833004 1 0.43495946973587152 4
7 0 0  1 2 2  3.041259985253052e-16 0.31563345519205005  3.0412600514274991e-16 0.346366277688339 
 8.0170897618780934 2 8.7977034532838356 2
7 0 0  1 2 2  1 0.31563345519205005  1 0.346366277688339 
 8.0170897618780934 2 8.7977034532838356 2
7 0 0  3 25 23  0 0.31563345519204988  0.0039478570383621745 0.31611873163007931  0.011912576004739127 0.31708669665930039  0.024067948625746974 0.31852977834130081  0.036432827451747384 0.31996289184047449  0.049008660657561098 0.32138493483469821  0.061797074308939964 0.32279480500603935  0.074799913361331058 0.32419140002092894  0.088019259642732911 0.32557361760415204  0.10145745374074071 0.32694035526271437  0.1151171335401983 0.32829051131638809  0.12900120872060641 0.32962298105165461  0.14311307739274837 0.33093667107539421  0.15745593591068524 0.33223044574618327  0.17203546554164717 0.33350332709541192  0.18684990333864016 0.33475374871152086  0.2019271766742762 0.33598234028193669  0.21713279877565217 0.33717734876694044  0.23246905189168379 0.33833880633586966  0.24793811070587568 0.3394665483013789  0.26354248707861344 0.34056046272380452  0.27928495921949581 0.34162042352943611  0.29516858427800446 0.34264630843307076  0.30585411070249979 0.34330743223070487  0.31122154831116761 0.34363227375936434 
 0 4 0.0044421407968307739 1 0.0088842815936615478 1 0.013326422390492322 1 0.017768563187323096 1 0.022210703984153868 1 0.026652844780984643 1 0.031094985577815419 1 0.035537126374646191 1 0.039979267171476963 1 0.044421407968307736 1 0.048863548765138515 1 0.053305689561969287 1 0.057747830358800059 1 0.062189971155630838 1 0.066632111952461603 1 0.071074252749292383 1 0.075516393546123162 1 0.079958534342953927 1 0.084400675139784706 1 0.088842815936615471 1 0.09328495673344625 1 0.09772709753027703 4
7 0 0  3 25 23  0.57005273604601669 2.583110817815033  0.56946336120322605 2.6193513804494226  0.56824866790247186 2.6916468877906872  0.566316855428181 2.7994434907627035  0.5642733373812332 2.9065032056784958  0.56211615051362274 3.0127372926782705  0.55984330488574396 3.1180580616600078  0.55745277620178113 3.2223790642819932  0.55494250095302267 3.325615126295252  0.55231037193696964 3.4276824007534428  0.54955422987960367 3.52849851300854  0.54667187066023637 3.627982334395524  0.54366099438986626 3.7260551672233904  0.54051937181602172 3.8226366748965015  0.53724419988819805 3.9176604405088198  0.53383448365303376 4.0110162880364992  0.53028212394957397 4.1027659476655813  0.52661777007848198 4.1920172204008264  0.52284140309419225 4.2787661488863638  0.51895273200953473 4.3629972386300375  0.51495141099495234 4.4446992608397213  0.51083697953682683 4.523861082613414  0.50660889120067443 4.6004726957639681  0.5037139398199455 4.6498411887463851  0.50224730047962585 4.6740974481570774 
 0 4 0.0044421407968307739 1 0.0088842815936615478 1 0.013326422390492322 1 0.017768563187323096 1 0.022210703984153868 1 0.026652844780984643 1 0.031094985577815419 1 0.035537126374646191 1 0.039979267171476963 1 0.044421407968307736 1 0.048863548765138515 1 0.053305689561969287 1 0.057747830358800059 1 0.062189971155630838 1 0.066632111952461603 1 0.071074252749292383 1 0.075516393546123162 1 0.079958534342953927 1 0.084400675139784706 1 0.088842815936615471 1 0.09328495673344625 1 0.09772709753027703 4
7 0 0  3 47 45  0.31122124747536156 0.34363262121457372  0.31257203359124819 0.3437079620624609  0.31524159314209049 0.34386483059129902  0.31914677073103359 0.344118727951295  0.3229496677061422 0.34439125379584085  0.32664714832785313 0.34468244256682506  0.33023604525313738 0.34499232675955921  0.33371324942125596 0.3453209461315862  0.33707537305469903 0.34566831333810044  0.34032001425508429 0.3460345421814579  0.34344104093080458 0.34641936897771974  0.34644619479686445 0.34682393884096235  0.34941911977831819 0.34726220593835971  0.35232043196011609 0.34773291760815134  0.35513707164246394 0.34823803788824326  0.3578491828515411 0.34877875515534273  0.36043749316038842 0.34935614373128421  0.36288699762894072 0.34997250981859235  0.36516328475524823 0.35062492057408168  0.36724808479935911 0.35131304378462086  0.36912945760614041 0.35203862358521376  0.37079169008474366 0.3528012878227062  0.37222780785991938 0.35360705314843993  0.37338780074017697 0.35443098512485199  0.37428110202365433 0.35527068756493341  0.37491702684294947 0.35612597333058743  0.37530496127061641 0.35699525116180958  0.37545427778246909 0.35788033723731477  0.37537427400482792 0.35876911878698503  0.37508425746152568 0.3596566544662928  0.37460298639659967 0.3605409577879144  0.37394919265064791 0.36141940256754329  0.37314231459985325 0.36228896655160159  0.37219902028465357 0.36314885146057707  0.37114636291797609 0.36398975918796828  0.3699726171492414 0.36483416696116477  0.368605576743188 0.36573092464830287  0.36704344125509036 0.36667179925284227  0.36526599013808175 0.36766349861608255  0.36325793881576846 0.36870872719388703  0.36100268588126622 0.36981126214602367  0.35848400098339284 0.37097459320207815  0.35568559147396384 0.37220228710845826  0.35259125727238549 0.37349788997446809  0.34918487115788949 0.37486495344100523  0.34669531786105784 0.37582633625346384  0.34539322404964284 0.37632012121457353 
 -0.079212401132075894 4 -0.077412119288165077 1 -0.07561183744425426 1 -0.073811555600343443 1 -0.072011273756432626 1 -0.070210991912521808 1 -0.068410710068610991 1 -0.066610428224700188 1 -0.064810146380789371 1 -0.063009864536878554 1 -0.061209582692967737 1 -0.05940930084905692 1 -0.057609019005146103 1 -0.055808737161235286 1 -0.054008455317324469 1 -0.052208173473413659 1 -0.050407891629502842 1 -0.048607609785592025 1 -0.046807327941681208 1 -0.045007046097770398 1 -0.043206764253859581 1 -0.041406482409948764 1 -0.039606200566037947 1 -0.03780591872212713 1 -0.036005636878216313 1 -0.034205355034305503 1 -0.032405073190394686 1 -0.030604791346483869 1 -0.028804509502573052 1 -0.027004227658662235 1 -0.025203945814751424 1 -0.023403663970840607 1 -0.02160338212692979 1 -0.019803100283018973 1 -0.018002818439108156 1 -0.016202536595197339 1 -0.014402254751286522 1 -0.012601972907375705 1 -0.010801691063464902 1 -0.0090014092195540851 1 -0.0072011273756432681 1 -0.0054008455317324511 1 -0.0036005636878216341 1 -0.001800281843910817 1 -0 4
7 0 0  3 47 45  0.50224697395140683 -1  0.50187788094838781 -0.99309150094594945  0.50114686994915725 -0.97927724874305844  0.50007310643551994 -0.95856238774117319  0.49902332397403282 -0.93785240662835823  0.49799875027409296 -0.91714537749194214  0.49700061969734 -0.8964393316666448  0.49603014775287529 -0.87573172758696516  0.49508862817284027 -0.85502152347512606  0.49417707217451795 -0.83430172587683038  0.49329755639087092 -0.81358754569448188  0.49244819393714739 -0.79281175191145847  0.49160539444470303 -0.77132078896030498  0.49078068652807733 -0.74926587623293406  0.48997803743457752 -0.72662790738315997  0.4892033174866488 -0.70343108313812241  0.48846222762557212 -0.67970029720226244  0.48775913731414255 -0.65541509863706537  0.48710431342846949 -0.63074899560933184  0.48650341869198543 -0.60575420880714481  0.48596017983750511 -0.58040955122437832  0.48547945129808945 -0.55476194567695691  0.48506353435125166 -0.52865959581451261  0.48472733274237789 -0.50291645487720182  0.48446817232751999 -0.47756125358322726  0.4842834779480954 -0.45256435692188401  0.48417066779170037 -0.42793557075843935  0.48412723535437702 -0.40359534944046399  0.48415054931824714 -0.37984028032845429  0.48423486204905741 -0.35674827687681232  0.48437465845700423 -0.33431905648923016  0.48456443043346531 -0.312569610017914  0.48479846174038793 -0.29152531034413104  0.48507189244051918 -0.27116085077439811  0.48537665690698412 -0.25164617318396376  0.48571665016780324 -0.23242255237201767  0.4861130912383666 -0.21240118621959414  0.48656552969814865 -0.19180509936559173  0.4870792146579479 -0.17051962453889363  0.48765790343605558 -0.14852662992621335  0.48830579406040792 -0.12578836371675131  0.48902701369902141 -0.10227865630704877  0.48982576172845094 -0.077974475713272068  0.49070628053533 -0.052858160257877963  0.49167286300287316 -0.026916091281844783  0.49237754621985574 -0.0090656938517826684  0.49274568725116297 0 
 -0.079212401132075894 4 -0.077412119288165077 1 -0.07561183744425426 1 -0.073811555600343443 1 -0.072011273756432626 1 -0.070210991912521808 1 -0.068410710068610991 1 -0.066610428224700188 1 -0.064810146380789371 1 -0.063009864536878554 1 -0.061209582692967737 1 -0.05940930084905692 1 -0.057609019005146103 1 -0.055808737161235286 1 -0.054008455317324469 1 -0.052208173473413659 1 -0.050407891629502842 1 -0.048607609785592025 1 -0.046807327941681208 1 -0.045007046097770398 1 -0.043206764253859581 1 -0.041406482409948764 1 -0.039606200566037947 1 -0.03780591872212713 1 -0.036005636878216313 1 -0.034205355034305503 1 -0.032405073190394686 1 -0.030604791346483869 1 -0.028804509502573052 1 -0.027004227658662235 1 -0.025203945814751424 1 -0.023403663970840607 1 -0.02160338212692979 1 -0.019803100283018973 1 -0.018002818439108156 1 -0.016202536595197339 1 -0.014402254751286522 1 -0.012601972907375705 1 -0.010801691063464902 1 -0.0090014092195540851 1 -0.0072011273756432681 1 -0.0054008455317324511 1 -0.0036005636878216341 1 -0.001800281843910817 1 -0 4
7 0 0  3 25 23  0 0.25151973987003612  0.015185695746558934 0.25172879545517518  0.046095492420106514 0.25219968006611365  0.093741233787390785 0.25308455432117666  0.14228633630347759 0.25416821510344101  0.1915154208436266 0.25547085899990218  0.2412684387891762 0.25701284083188791  0.2914268778818711 0.25881392508494638  0.34192834354414819 0.26089607935341297  0.39262479527470112 0.26327304913224964  0.44376974766824112 0.26598926520513144  0.49405461843562631 0.2689663207391863  0.543250649337505 0.27216445772934411  0.59162141262501033 0.27558761706486018  0.63923079479228317 0.27922494722230967  0.68628876223417024 0.28308106743466321  0.73136306963025954 0.28701742507917571  0.77482664179653171 0.29104020011258325  0.81677617251680146 0.29513683488693609  0.85731214632698594 0.29929619730693552  0.89575567525547584 0.30342899831695791  0.93235982990920463 0.30753961841886879  0.9671725132226654 0.31161393089403561  0.98923984015895239 0.31429983812270401  1 0.31563345519204988 
 0 4 0.0078796120735001359 1 0.015759224147000272 1 0.023638836220500406 1 0.031518448294000544 1 0.039398060367500681 1 0.047277672441000812 1 0.05515728451450095 1 0.063036896588001087 1 0.070916508661501218 1 0.078796120735001363 1 0.086675732808501493 1 0.094555344882001624 1 0.10243495695550177 1 0.1103145690290019 1 0.11819418110250204 1 0.12607379317600217 1 0.13395340524950231 1 0.14183301732300244 1 0.14971262939650259 1 0.15759224147000273 1 0.16547185354350286 1 0.17335146561700299 4
7 0 0  3 25 23  0.34552112473467489 -2.2049054744743302  0.35068356505550391 -2.1893081641137737  0.36155513409041551 -2.1546574762399797  0.37916936518907074 -2.0900785607476462  0.39776118484290129 -2.0105794905196008  0.41698765881252942 -1.9141320554084071  0.43650232807860112 -1.7989374260008761  0.45595578857256203 -1.6635149800173021  0.47501348475755412 -1.5065489425557732  0.4933183653778701 -1.3274687960367579  0.51065816076825543 -1.1242475174731403  0.5263309299391562 -0.90197739623495787  0.54012802404561089 -0.66307022770634083  0.5520236727505945 -0.4074486259230044  0.56196348330988621 -0.13588107412117925  0.56992082268494992 0.15210424783128487  0.57570579223368401 0.4461762533898615  0.57952812758186234 0.74657940305849824  0.58153006665050011 1.052409960821115  0.58185221012758903 1.3630553519577142  0.58067643616906217 1.6717377958158106  0.57821591909317871 1.9787174900893592  0.5746589309643636 2.2829511161811111  0.57167124030374794 2.4835173788726084  0.57005273604601669 2.583110817815033 
 0 4 0.0078796120735001359 1 0.015759224147000272 1 0.023638836220500406 1 0.031518448294000544 1 0.039398060367500681 1 0.047277672441000812 1 0.05515728451450095 1 0.063036896588001087 1 0.070916508661501218 1 0.078796120735001363 1 0.086675732808501493 1 0.094555344882001624 1 0.10243495695550177 1 0.1103145690290019 1 0.11819418110250204 1 0.12607379317600217 1 0.13395340524950231 1 0.14183301732300244 1 0.14971262939650259 1 0.15759224147000273 1 0.16547185354350286 1 0.17335146561700299 4
1 6.2831853071795862 5.2869896089823625 -1 0 
1 8.92473704175144 9.8887843450360633e-15 -1 -2.8979441263660479e-15 
1 6.2831853071795862 -5.2869896089823367 -1 0 
1 6.2831853071795862 4.67409029721418 -1 -1.4147277586760452e-14 
1 6.2831853071795862 -0.99999999999979139 -1 -1.2378867888415398e-14 
1 6.2831853071795862 -4.6740902972141276 -1 1.1464039111045788e-15 
1 6.2831853071795862 3.4514210774057579e-14 -1 1.5047285571702916e-15 
1 0 -3.3306690738754696e-15 0 -1 
1 6.2816025802054938 -1.1479706074624119e-13 -1.3362226600065159e-14 -1 
1 6.2831853071795862 1.586124166666659 -1 0 
1 6.2831853071795862 -1.2681298516477454e-16 -1 6.9763488119123072e-17 
1 6.2831853071795862 -0.99999999999999845 -1 5.6543194337129198e-16 
1 8.92473704175144 -1.0000000000003089 -1 9.5310149738636395e-14 
1 6.2831853071795862 4.6740902972140947 -1 0 
Curves 196
7 0 0  2 3 2  6.9601311111111048 10.000000000000004 10.271335555555545  8.1135380555555443 10.000000000000004 9.764217500000008  8.1135380555555443 10.000000000000004 8.841633055555544 
 0 3 1 3
2 17.200000000000006 10.000000000000004 10.271335555555545 0 0 -1 1 0 0 0 -1 0 10.239868888888903
7 0 0  3 26 13  19.533496691731376 19.970441717963833 10.271335555555545  19.556764421905172 19.915045671303645 10.249951711721566  19.585759067514545 19.862076420535679 10.229016536760756  19.660994297511653 19.751831765054106 10.185346722664365  19.709440311642393 19.696019486173682 10.163173640748463  19.823517626268103 19.590396665132879 10.123272219430866  19.890420312712425 19.541555153928289 10.106160323395596  20.000838101779628 19.479034291715042 10.088766007888411  20.040454676217138 19.459654956511432 10.084351705048707  20.098897708024364 19.435464957828131 10.080650501958495  20.116759878841759 19.42863036650585 10.07987519406154  20.14082616386467 19.420178320758996 10.079317477946571  20.146864579598684 19.418120080423417 10.079217700646279  20.156839094579336 19.414823712158125 10.079119509474767  20.160763967253729 19.413552828203098 10.0790977358365  20.168401933220384 19.411130776931845 10.079088266604487  20.172114112528018 19.409976952701903 10.079098676224637  20.180721655355342 19.407355816991736 10.079157701952509  20.185621604067208 19.405904158642837 10.079217310637532  20.201410704076167 19.401357446471916 10.079493425487309  20.212339581235771 19.398409774851597 10.079812579969369  20.303849534197209 19.375419536390535 10.083562520001529  20.386246080256466 19.365531601048694 10.093974563772827  20.546170932713135 19.371475918710985 10.127752545211447  20.622659293380355 19.386666947145631 10.15049816500076  20.692641111111129 19.416132777777783 10.177422215411811 
 -0.056728710626617697 4 -0.049237594890441001 2 -0.040226697784809098 2 -0.030366350099877398 2 -0.025165069922977099 2 -0.022914832805388599 2 -0.022164484438862299 2 -0.0216792933456075 2 -0.021222113159318799 2 -0.020621056558857102 2 -0.019289452009764702 2 -0.0095154597398121998 2 -0 4
7 0 0  3 4 2  20.692641111111129 19.416132777777783 10.177422215411811  20.772404956777507 19.449697196040077 10.208099917331976  20.846699071764213 19.491895405182682 10.239822280610822  20.917632538173429 19.541180386762889 10.271335555555545 
 -0.010859497646036101 4 -0 4
2 17.200000000000006 10.000000000000004 10.271335555555545 0 0 -1 1 0 0 0 -1 0 10.239868888888903
7 0 0  3 4 2  26.17630974323669 14.927552968270218 10.271335555555545  26.207945552076456 14.371033018132005 10.16578305260418  26.234911686671889 13.880343422867259 10.059868676829289  26.266812222222228 13.290922777777785 9.9249208745001862 
 -0.071517211020968904 4 -0 4
7 0 0  3 26 13  26.266812222222228 13.290922777777785 9.9249208745001862  26.272273808414603 13.16039554992715 9.8938485017268452  26.284573250157553 13.025777326601322 9.8661445642518988  26.315183693859076 12.844764854890411 9.8432175216697289  26.324931764384484 12.795651017344165 9.8384752053800337  26.341340664240484 12.725480310274 9.8343680728610163  26.346644367848953 12.704216601597793 9.8334789269786054  26.354404758727938 12.675079509854642 9.832789973483413  26.356568737676323 12.667144666032643 9.8326566684246242  26.360290721164272 12.653818345188487 9.8325266119298735  26.361822563204719 12.648420628735327 9.8324999260238588  26.364888810611966 12.63778827822288 9.8324994986040899  26.366421849514129 12.632553656377539 9.8325243022271014  26.369835919256971 12.621075242501899 9.8326344739800362  26.37172619563821 12.614834883808779 9.8327307313674819  26.378377081750429 12.593277727193385 9.8331912799771413  26.38329618081239 12.578020492063594 9.8337416063855798  26.442198863048702 12.403310071480458 9.842722712315128  26.5058401398774 12.288303158966473 9.8738249685524515  26.577150612878214 12.183594845326523 9.9109458637970498  26.593029664334175 12.161882948444282 9.9194378964364969  26.686773281057384 12.042624422888251 9.9703651500194788  26.776620012989671 11.961331042864236 10.021842737880787  26.990983571893391 11.825354397456197 10.135104593441103  27.126474004573915 11.768788982533785 10.202210997234223  27.29169784272273 11.735669759148184 10.271335555555545 
 -0.083258349404462001 4 -0.070967924276117603 2 -0.066386736976634206 2 -0.064386848052938706 2 -0.063636855742532597 2 -0.063125275162094305 2 -0.062627952610721002 2 -0.062033381917232698 2 -0.060570649097415899 2 -0.045203357388243499 2 -0.041025887881174603 2 -0.0215122821739855 2 -0 4
2 17.200000000000006 10.000000000000004 10.271335555555545 0 0 -1 1 0 0 0 -1 0 10.239868888888903
7 0 0  2 3 2  27.439868888888807 10.000000000000004 10.271335555555545  26.286461944444419 10.000000000000004 9.764217500000008  26.286461944444419 10.000000000000004 8.841633055555544 
 0 3 1 3
2 17.200000000000006 10.000000000000004 8.841633055555544 0 0 -1 1 0 0 0 -1 0 9.086461944444439
7 0 0  2 3 2  10.097242777777764 10.000000000000004 9.6722483333333518  10.143386111111106 10.000000000000004 10.686484444444448  9.1284797222222007 10.000000000000004 10.686484444444448 
 0 3 1 3
2 17.200000000000006 10.000000000000004 9.6722483333333251 0 0 -1 1 0 0 0 -1 0 7.1027572222222179
7 0 0  2 3 2  24.302757222222226 10.000000000000004 9.6722483333333251  24.256613888888882 10.000000000000004 10.686484444444448  25.271520277777789 10.000000000000004 10.686484444444448 
 0 3 1 3
2 17.200000000000006 10.000000000000004 10.686484444444448 0 0 -1 1 0 0 0 -1 0 8.071520277777779
1 26.286461944444419 10.000000000000004 7.670816527777764 0 0 -1 
2 17.200000000000006 10.000000000000004 8.841633055555544 0 0 -1 1 0 0 0 -1 0 9.086461944444439
1 8.1135380555555443 10.000000000000004 7.670816527777764 -0 -0 1 
2 17.200000000000006 10.000000000000004 6.499999999999984 0 0 -1 1 0 0 0 -1 0 9.086461944444439
1 2.5646963888888861 10.000000000000004 11.861075694444448 -0.9403829285972527 -1.8119530758427194e-16 0.34011754968371488 
2 17.200000000000006 10.000000000000004 10.271335555555545 0 0 -1 1 0 0 0 -1 0 10.239868888888903
7 0 0  3 12 6  7.5478941666666657 6.8906166666666877 10.23542563958474  7.5241661494964305 7.1992066466557256 10.209371234849179  7.4718044922746154 7.5301506440665333 10.196204966275214  7.2955742900268854 7.9873820377170812 10.2226570126985  7.2088796973048357 8.1466066179336032 10.242617374777009  6.9997123009504465 8.3811410131256991 10.302955771084811  6.8940333009561385 8.4621949265622263 10.33641337282444  6.6652653992811732 8.5721826053180514 10.412743638501983  6.5509623063708746 8.6029256767118216 10.452313257661876  6.3010485069609157 8.6336304602674847 10.540551145925242  6.1657404439137018 8.628865590628207 10.589343970470489  6.0337719444444469 8.6111138888888554 10.637501810854818 
 0 4 0.036684519649907099 2 0.0579536824460525 2 0.074473165287248594 2 0.089253414110443005 2 0.10597809413062199 4
7 0 0  3 12 6  6.0337719444444469 8.6111138888888554 10.637501810854818  5.8066246434640876 8.5805909869718917 10.720390806898694  5.5759103817245981 8.5194646238815821 10.805829052560114  5.2382111790927821 8.3273391027551344 10.936160268351211  5.1184744069276888 8.2269255015900278 10.984048390217474  4.9309052072023487 7.9792946550802197 11.064889592762126  4.8664895878131187 7.8436761713107446 11.09595651553405  4.7807018762996032 7.5481605941372898 11.146017345902816  4.7608368917720449 7.3919117012294535 11.164276248222707  4.7512958075060929 7.0530936782680733 11.194216179597742  4.7673713164949643 6.8656917037855738 11.20463616665125  4.7952750000000082 6.6842769444444432 11.21182974283562 
 0 4 0.028785509625908302 2 0.048334004155273502 2 0.066639936245373094 2 0.085101494188596999 2 0.10678587075721301 4
7 1 0  2 3 2  4.2230654932876304 23.920063660784741 13.450815833333326  1 4.6989748087411627 9.5849794630315373 9.5410786419071165  1.52149597056326 5.174884124194719 -4.7501047347216439 13.450815833333326  1
 0 3 1.14454400910233 3
7 0 0  3 12 6  4.8638197222222281 4.6196097222222239 11.435432365573067  4.9218990932354654 4.0733861338016597 11.495157209255119  4.9159520091001685 3.5124702465242734 11.590262277439979  4.6932249511215707 2.6341917608457686 11.816535011472245  4.5440762236889647 2.304885568212049 11.924680230615461  4.117196278975098 1.7448379595016255 12.162637533543515  3.8608223558066981 1.5276728935557093 12.283167863565431  3.3158702606444876 1.2097076004553575 12.511207857911302  3.0428301360229337 1.1001080996170407 12.615813026634836  2.4399507868297001 0.92538580933866255 12.834341826229323  2.1026203977142965 0.86767783077156113 12.949250314678002  1.7670305555555672 0.83465694444448435 13.059708475850899 
 0 4 0.065260632832349993 2 0.110463481002533 2 0.15316281286782801 2 0.189781407947616 2 0.23175576529701 4
7 0 0  3 12 6  1.7670305555555672 0.83465694444448435 13.059708475850899  1.2971172430137849 0.78843473416465248 13.214375823747666  0.81164116295122202 0.80878218350086606 13.362549462946379  0.016736392841856972 1.0517798558009759 13.574235790353878  -0.2905153450148027 1.2131539244798411 13.646196465597873  -0.82361182304232794 1.654358835827735 13.750632162128271  -1.0373436198757686 1.9134758526093758 13.782186269004312  -1.4482989284550265 2.5896404042903414 13.82369540608417  -1.612253611597684 3.0247415054103768 13.822607047903359  -1.8485795479734413 3.9401199833984508 13.795313847646993  -1.9172996788635115 4.4427639658925999 13.766229302385668  -1.9473584099178289 4.9329178405546203 13.731386009326522 
 0 4 0.058685100947441497 2 0.101277457131398 2 0.14133129602657599 2 0.19485249281603301 2 0.25303628263914701 4
2 17.200000000000006 10.000000000000004 13.450815833333326 0 0 -1 1 0 0 0 -1 0 19.030738333333318
2 17.200000000000006 10.000000000000004 6.499999999999984 0 0 -1 1 0 0 0 -1 0 7.1027572222222179
1 10.097242777777764 10.000000000000004 8.0861241666666661 -0 -0 1 
1 24.302757222222226 10.000000000000004 8.0861241666666661 -0 -0 -1 
1 31.835303611111001 10.000000000000004 11.861075694444448 -0.9403829285972527 -1.8119530758427194e-16 -0.34011754968371488 
2 17.200000000000006 10.000000000000004 13.450815833333326 0 0 -1 1 0 0 0 -1 0 19.030738333333318
7 0 0  3 8 4  36.314770000000031 15.35559000000003 13.747438526366  36.450580885575079 14.199655157280334 13.681943264707535  36.556916770536354 12.272007812297694 13.570871058880256  36.147476772539399 8.8763304076326346 13.419637705041852  35.912389814238772 7.7094630951594816 13.372939542451117  35.195090958895236 5.3432501667257153 13.274607818984096  34.69265901896204 4.1521693857412929 13.222644075479302  34.04344555555565 3.0369427777777598 13.159745777688467 
 0 4 0.13768429883744099 2 0.21030756246236099 2 0.28960937069119902 4
7 0 0  3 6 3  34.04344555555565 3.0369427777777598 13.159745777688467  33.249501677562655 1.6730443670041573 13.082832649987624  32.315477628050864 0.33217914897009648 13.032649556650991  30.322717562239621 -1.7303603285785327 12.916802351704565  29.293999671002101 -2.5408724310224446 12.852906688840747  28.125104444444421 -3.0880908333332862 12.73392979032903 
 0 4 0.186617215122441 2 0.340174583558843 4
7 1 0  2 3 2  31.015602768255111 -3.0880908333332862 13.450815833333326  1 17.200000000000006 -3.0880908333332862 9.8233081355645524  1.4540499890835901 3.3843972317448308 -3.0880908333332862 13.450815833333326  1
 0 3 1.10092855111829 3
7 0 0  3 12 6  14.154540000000008 -3.0880908333332862 11.427942313603316  13.987541083127441 -3.0265499750567519 11.419952158041927  13.815154151985913 -2.9446272283559645 11.40664647964752  13.591471862013288 -2.7685974185938087 11.366670510527888  13.517703540212025 -2.6906932256834817 11.34698218642473  13.420617713467227 -2.5229442019445116 11.298793713410227  13.393664721765418 -2.4418305200618593 11.273597442156845  13.371727478020665 -2.2612438625209794 11.213533953572252  13.381175209047239 -2.1661920971172424 11.179725788631364  13.454363333045549 -1.8677913149992944 11.068829693062733  13.577090111315201 -1.6517704116779695 10.980870443245898  13.741825277777789 -1.4363499999999849 10.889046928897967 
 0 4 0.021042112785479801 2 0.033855705219324697 2 0.044557348750086601 2 0.0564128381071256 2 0.083032573129619397 4
7 0 0  3 12 6  13.741825277777789 -1.4363499999999849 10.889046928897967  14.03876934135139 -1.0479637502351733 10.723502620446455  14.237409283045844 -0.71146885611871791 10.587345796840809  14.391081752963791 -0.27200038999391812 10.419355845025448  14.426129654271785 -0.11207788720570311 10.360181281524826  14.41439303871014 0.15212947393966075 10.269288951184093  14.390749479072282 0.25509102737987127 10.235753148687227  14.299024466125823 0.44467748888392167 10.179424870500194  14.236982805878354 0.52551046907161314 10.158018546249071  14.060162492896241 0.6939168831208723 10.119724780418647  13.937323008940421 0.77151717864715652 10.10763083680831  13.810722777777764 0.83465694444448435 10.102093295992429 
 0 4 0.060964171773131799 2 0.091902553130773501 2 0.112746669418347 2 0.132261652761995 2 0.158516117233131 4
2 17.200000000000006 10.000000000000004 10.271335555555545 0 0 -1 1 0 0 0 -1 0 10.239868888888903
2 17.200000000000006 10.000000000000004 10.686484444444448 0 0 -1 1 0 0 0 -1 0 9.224962500000025
1 3.0029169444444221 10.000000000000004 12.483781388888888 -0.94044454846443215 -9.3400246197996617e-17 0.33994713010044708 
7 0 0  3 6 3  -0.090908888888895159 16.249916944444443 13.997891179550804  -0.84756512217606816 14.823265153845375 14.079813205790623  -1.3633939190506885 13.301301914129759 14.142557441102996  -1.934997239994567 10.396161224812547 14.253287703421758  -2.04834513226572 9.0666339811461398 14.300899744237949  -2.0546111111111109 7.7124477777777605 14.360898562217923 
 0 4 0.19098009598326299 2 0.34983725337390098 4
7 0 0  3 6 3  5.4832269444444472 23.132011666666685 13.713568167486152  4.3670343276611714 22.307218760516605 13.759719587479726  3.380631443711779 21.320662568169563 13.789957881578326  1.5096055944418734 19.010649805075143 13.867293550561138  0.65184417525459959 17.650911262412738 13.917542811912273  -0.090908888888889566 16.249916944444443 13.997891179550804 
 0 4 0.16401167131729 2 0.35124572748395899 4
7 1 0  2 3 2  31.164549282764835 23.13201166666666 14.281078333333326  1 17.200000000000006 23.13201166666666 10.60378764898795  1.4597309306211499 3.2354507172352043 23.13201166666666 14.281078333333326  1
 0 3 1.11291641037082 3
7 0 0  3 14 7  20.004336388888859 21.343322500000003 11.575665128343939  20.178462227051117 21.514207706334012 11.650736483572732  20.360075660443641 21.719410215578186 11.739421330688383  20.535947388836668 22.038718089644142 11.867558046122491  20.583784883721176 22.157584403358765 11.913592779841817  20.608882927094101 22.360100756471756 11.986564726265602  20.604372807071105 22.44075131284152 12.014220174827823  20.559338739921433 22.592323246987775 12.062871112713738  20.523355818548634 22.658577254948252 12.082665203066068  20.414560073456464 22.796814822487548 12.121247843416889  20.336570463081895 22.862335978018688 12.137428351136251  20.116086558542225 23.008279102155832 12.170437107381954  19.95382480624977 23.078210966044349 12.18264243305515  19.797961388888883 23.13201166666666 12.190786080138842 
 0 4 0.030148726827271499 2 0.045464864933985397 2 0.055611670892927997 2 0.064899639120609698 2 0.076769174407221294 2 0.096226155070492897 4
7 0 0  3 18 9  20.692641111111129 19.416132777777783 10.982188983554151  20.625921830155775 19.388040637615138 10.964280975838818  20.553663233875238 19.373098294995437 10.950289885223798  20.385092260252328 19.364004064576797 10.927054072745529  20.288374660066758 19.376892819147649 10.920346294745745  20.076614525254065 19.436585929199111 10.9176676684516  19.962645758297619 19.492560404980544 10.925332547503826  19.758290574231179 19.640168685115309 10.956925035670032  19.668748932989626 19.733459160571705 10.981552789944399  19.537525770892785 19.941523758598063 11.043371718643961  19.495571338525441 20.052030884652307 11.078961010722638  19.457011017811539 20.293900170423129 11.161231579052725  19.465396742932896 20.419946660963632 11.206429956788503  19.529433676925979 20.678570903254904 11.302700680763815  19.589114217378043 20.807564949055475 11.352836249380973  19.757130431797929 21.078065404715307 11.461578103290023  19.876262701241014 21.217568538741272 11.520425963964879  20.004336388888859 21.343322500000003 11.575665128343939 
 0 4 0.0088079892263260295 2 0.020108121526338198 2 0.034696014924810503 2 0.049895810363943902 2 0.064377925836336697 2 0.080068332921696406 2 0.097381603959255103 2 0.119214280266911 4
7 0 0  3 10 5  23.78911277777776 20.723209722222222 11.901361225223974  23.349390988737476 20.825948738897296 11.849787840579866  22.999220080758061 20.842303705603733 11.795666906133151  22.456944908961756 20.766892053613979 11.682321575961806  22.251304779079184 20.688820242452017 11.625141647051814  21.874020652126848 20.469006555710571 11.495928177623416  21.711663123680225 20.320827642787457 11.423402120865633  21.278994231414913 19.875349174396444 11.213748561201024  21.043736804031624 19.563872929833138 11.076395941462135  20.692641111111129 19.416132777777783 10.982188983554151 
 0 4 0.053681118124241402 2 0.10046175153348499 2 0.15333621989333199 2 0.25428803899094699 4
7 0 0  3 10 5  26.060790000000033 16.800779444444444 11.389490702442378  26.008932413181249 17.503333912742605 11.529242676046611  25.956760653181828 18.358100766744617 11.719857567736028  25.53196052244952 19.42725138895182 11.898356627210042  25.356305604469227 19.730453613461069 11.939697056546112  24.949839358469362 20.16519189957895 11.971624785661138  24.762455486293049 20.312122174086365 11.973585292051041  24.313444777418677 20.567216205570638 11.955444120703305  24.055439514028812 20.661090324767109 11.932630573307454  23.78911277777776 20.723209722222222 11.901361225223974 
 0 4 0.084826061571786807 2 0.12197773999557 2 0.14727303410630099 2 0.17613004275576599 4
7 0 0  3 6 3  26.266812222222228 13.290922777777785 10.838527934018126  26.226517247890822 14.035446007703099 10.916658075902792  26.185881948571282 14.774364504324973 11.022569021459979  26.114210261106976 15.995421993183902 11.23207963769854  26.087984775451112 16.431395609653137 11.315992733436579  26.060790000000033 16.800779444444444 11.389490702442378 
 0 4 0.088546673307306104 2 0.14677246167875399 4
7 0 0  3 12 6  27.780934444444423 11.707903055555565 11.226139309264157  27.565792799350366 11.694664620790146 11.148602167305222  27.341238444811761 11.708750633711485 11.069178872536179  26.994524667752767 11.822930141793034 10.953077299689243  26.865721647848275 11.892237387229676 10.911868543589394  26.647575933965058 12.08148446318968 10.848628961054208  26.56294814632588 12.191019174499628 10.827443792491483  26.422294788481011 12.449461725522255 10.800686099224425  26.371567721263261 12.596485464452142 10.797032640741541  26.294919959253782 12.923676431125338 10.804540499881091  26.274398462128964 13.109618147592494 10.818745392467235  26.266812222222228 13.290922777777785 10.838527934018126 
 0 4 0.027055544575792099 2 0.045199916014146399 2 0.061943798127041698 2 0.080065197819511796 2 0.10161422856539 4
7 0 0  3 12 6  29.019431388888808 14.254535277777759 11.892684958782764  29.072550451596875 13.825418241596887 11.858215900123968  29.116066468151157 13.230851457909031 11.811636351807863  28.935608132335503 12.538358472827616 11.691673987010567  28.861588302827837 12.358681543972745 11.652360923250466  28.660853342123044 12.076396772587561 11.561963427777009  28.550457094275391 11.972287365254113 11.516226975460004  28.329958989683963 11.838224467570944 11.429571719151152  28.234210076047809 11.797346628212766 11.393046869053043  28.01951872758173 11.733880224480371 11.312774587810219  27.900391838768677 11.715294291909462 11.26919414421906  27.780934444444423 11.707903055555565 11.226139309264157 
 0 4 0.051231964946785002 2 0.070234597496163606 2 0.085871331416836602 2 0.096576153282405194 2 0.108886504066755 4
7 0 0  3 10 5  31.566063611111005 19.209263888888909 13.520250707766957  31.039261420482031 19.056009899812331 13.330039759073969  30.540495715006799 18.821749899831872 13.133094723116162  29.80741363239818 18.206182973467961 12.789488518787095  29.554078392961216 17.889223910435156 12.649896487179539  29.171769261632821 17.145422185606296 12.390979565707534  29.054012798167555 16.738193715116761 12.279125269574868  28.876933339416087 15.539498779814323 12.018171945658811  28.954163049068878 14.782838659350315 11.935164984036515  29.019431388888808 14.254535277777759 11.892684958782764 
 0 4 0.068584076619518403 2 0.12012597099680999 2 0.17201785036404299 2 0.26647322978257598 4
7 0 0  3 12 6  36.314770000000031 15.35559000000003 14.527481247758541  36.229291652734311 16.081346249031593 14.568506485161977  36.015827409676604 16.817401805291809 14.581261403798928  35.427730910255242 17.906456550403817 14.531586887841581  35.117974178865452 18.31526416874242 14.490311915447798  34.421603696753472 18.906752437641874 14.359019894255402  34.070865138857336 19.106936897366133 14.28123004921445  33.365232670892937 19.33628964548593 14.099181161240031  33.035040905067227 19.383271636425064 14.005042394935746  32.315584889335447 19.381525141024717 13.782226614188112  31.93345194865061 19.316137633173096 13.652901665129129  31.566063611111005 19.209263888888909 13.520250707766957 
 0 4 0.086447636591930194 2 0.14653209943006801 2 0.19572973262110799 2 0.23693051393468401 2 0.28479877660971797 4
2 17.200000000000006 10.000000000000004 14.281078333333326 0 0 -1 1 0 0 0 -1 0 19.169203611111122
7 0 0  3 6 3  34.04344555555565 3.0369427777777598 13.940121456447272  34.982659141502666 4.6503350449577905 14.031064528698789  35.613645410750365 6.4212741086381113 14.099300801312102  36.610499462237414 11.204084422152455 14.29761240174221  36.486392066626941 13.89485343419765 14.444762812892844  36.314770000000031 15.35559000000003 14.527481247758541 
 0 4 0.220756449145462 2 0.57800241495951798 4
1 31.397083055555644 10.000000000000004 12.483781388888888 -0.94044454846443215 -9.3400246197996617e-17 -0.33994713010044708 
1 2.9289321881345249 17.071067811865458 6.499999999999984 0 0 -1 
3 10.000000000000004 10.000000000000004 -0.70000000000000151 -0.70710678118654702 7.0288278714332896e-33 -0.70710678118654802 -0.70710678118654802 7.8504622934188795e-17 0.70710678118654702 5.5511151231257901e-17 1 -5.5511151231257809e-17 14.142135623730931 9.9999999999999787
2 10.000000000000004 10.000000000000004 5.2999999999999829 1.38777878078144e-16 1.0934290073703699e-31 -1 -0.70710678118654802 0.70710678118654702 -9.8130778667735538e-17 0.70710678118654702 0.70710678118654802 9.8130778667735538e-17 10.000000000000004
3 10.000000000000004 10.000000000000004 9.2999999999999865 0.70710678118654802 -7.0288278714332896e-33 -0.70710678118654702 -0.70710678118654702 7.8504622934188795e-17 -0.70710678118654802 5.5511151231257821e-17 1 5.5511151231257901e-17 14.142135623730931 9.9999999999999787
2 10.000000000000004 10.000000000000004 6.499999999999984 0 0 -1 -0.70710678118654802 0.70710678118654702 0 0.70710678118654702 0.70710678118654802 0 10.000000000000004
1 10.000000000000004 19.999999999999982 6.499999999999984 0 0 -1 
2 10.000000000000004 10.000000000000004 -1.4099832412739481e-15 0 0 1 -0.70710678118654802 0.70710678118654702 0 -0.70710678118654702 -0.70710678118654802 0 10.000000000000004
1 31.471067811865488 2.9289321881345249 6.499999999999984 0 0 -1 
3 24.399999999999988 10.000000000000004 -0.70000000000000151 0.70710678118654802 0 -0.70710678118654702 0.70710678118654702 -7.8504622934188697e-17 0.70710678118654802 -5.5511151231257747e-17 -1 -5.5511151231257827e-17 14.142135623730931 9.9999999999999787
2 24.399999999999988 10.000000000000004 5.2999999999999829 0 0 -1 0.70710678118654802 -0.70710678118654702 0 -0.70710678118654702 -0.70710678118654802 -0 10.000000000000004
3 24.399999999999988 10.000000000000004 9.2999999999999865 -0.70710678118654802 0 -0.70710678118654702 0.70710678118654702 -7.8504622934188697e-17 -0.70710678118654802 -5.5511151231257747e-17 -1 5.5511151231257827e-17 14.142135623730931 9.9999999999999787
2 24.399999999999988 10.000000000000004 6.499999999999984 0 0 -1 0.70710678118654802 -0.70710678118654702 0 -0.70710678118654702 -0.70710678118654802 -0 10.000000000000004
1 24.399999999999988 7.0499162063697401e-15 6.499999999999984 0 0 -1 
2 24.399999999999988 10.000000000000004 -1.4099832412739481e-15 0 0 1 0.70710678118654802 -0.70710678118654702 0 0.70710678118654702 0.70710678118654802 -0 10.000000000000004
7 0 0  3 14 7  17.199999999999982 5.2375000000000043 6.499999999999984  17.529576362447312 5.2375000000000043 6.499999999999984  17.860934350839738 5.2716543469888881 6.499999999999984  18.497553610243607 5.4055395143371436 6.499999999999984  18.806479640548197 5.5041722147788414 6.499999999999984  19.641740228245801 5.8679936748074155 6.499999999999984  20.146813808172389 6.2122062831815583 6.499999999999984  20.586569512827268 6.6513112031975714 6.499999999999984  20.607807944802591 6.6729259019946303 6.499999999999984  21.047769951109533 7.1292631750572228 6.499999999999984  21.388948630332905 7.6536512125102423 6.499999999999984  21.843230750325496 8.7755244567322901 6.499999999999984  21.962499999999981 9.3932509070218781 6.499999999999984  21.962499999999981 10.000000000000004 6.499999999999984 
 0 4 0.98872908734193699 2 1.95163620465445 2 3.72190246955613 2 3.81272433055836 2 5.6235576601778998 2 7.4438049391122698 4
7 0 0  3 14 7  12.437499999999982 10.000000000000004 6.499999999999984  12.437499999999982 9.3932509070218781 6.499999999999984  12.556769249674494 8.7755244567322901 6.499999999999984  13.011051369667085 7.6536512125102423 6.499999999999984  13.352230048890453 7.1292631750572228 6.499999999999984  13.791149620906882 6.6740071354071917 6.499999999999984  13.811323736496139 6.6534562837626217 6.499999999999984  14.250628256184479 6.2139731120720239 6.499999999999984  14.756882815651769 5.868593447126309 6.499999999999984  15.873267770721844 5.3823202884380716 6.499999999999984  16.509637503105004 5.2462696098470847 6.499999999999984  17.157121614720069 5.2376426794476147 6.499999999999984  17.178561045659919 5.2375000000000043 6.499999999999984  17.199999999999982 5.2375000000000043 6.499999999999984 
 0 4 1.82024727893437 2 3.6310806085539098 2 3.7173967382634299 2 5.4921687344578096 2 7.37047661350661 2 7.4347934765268597 4
7 0 0  3 10 5  17.200000000000006 14.762500000000005 6.499999999999984  16.582019287620422 14.762500000000005 6.499999999999984  15.952453607229025 14.63858345276453 6.499999999999984  14.807492548081861 14.165271081638666 6.499999999999984  14.27146692575031 13.806695331017611 6.499999999999984  13.393304668982376 12.928533074249676 6.499999999999984  13.034728918361321 12.392507451918126 6.499999999999984  12.561416547235455 11.247546392770985 6.499999999999984  12.437499999999982 10.617980712379568 6.499999999999984  12.437499999999982 10.000000000000004 6.499999999999984 
 -2.66453525910038e-15 4 1.8539421371387199 2 3.7168055973667902 2 5.5796690575948604 2 7.4336111947335803 4
7 0 0  3 14 7  21.962499999999981 10.000000000000004 6.499999999999984  21.962499999999981 10.021438954340068 6.499999999999984  21.962357320552371 10.042878385279918 6.499999999999984  21.953730390152902 10.690362496895007 6.499999999999984  21.81767971156194 11.326732229278143 6.499999999999984  21.331406552873705 12.443117184348218 6.499999999999984  20.986026887927963 12.949371743815508 6.499999999999984  20.546543716237391 13.388676263503848 6.499999999999984  20.525992864592823 13.408850379093105 6.499999999999984  20.070736824942788 13.847769951109555 6.499999999999984  19.546348787489773 14.1889486303329 6.499999999999984  18.424475543267722 14.643230750325493 6.499999999999984  17.806749092978112 14.762500000000005 6.499999999999984  17.199999999999982 14.762500000000005 6.499999999999984 
 0 4 0.064316863020235093 2 1.9426247420690299 2 3.7173967382634299 2 3.80371286797293 2 5.6145461975924702 2 7.43479347652685 4
2 17.200000000000006 10.000000000000004 6.499999999999984 0 0 -1 1 0 0 0 -1 0 7.1027572222222179
1 17.199999999999982 6.8250000000000046 4.9124999999999837 0 -0.70710678118654757 0.70710678118654757 
1 21.962499999999981 10.000000000000004 6.499999999999984 -0.70710678118654802 -0 -0.70710678118654702 
7 0 0  3 14 7  20.374999999999982 10.000000000000004 4.9124999999999837  20.374999999999982 9.5925761190025849 4.9124999999999837  20.295541717267131 9.1830595485060709 4.9124999999999837  19.993361080191974 8.4368088009263236 4.9124999999999837  19.765844123407287 8.0868504117937015 4.9124999999999837  19.471933460951508 7.7820004740572051 4.9124999999999837  19.457745205454643 7.7675608529668576 4.9124999999999837  19.163968193193128 7.4742185947399227 4.9124999999999837  18.82675385576745 7.244563733403524 4.9124999999999837  18.270998880614879 7.0024888774169431 4.9124999999999837  18.065742110778821 6.9369535513664182 4.9124999999999837  17.642134929858681 6.8478662083907622 4.9124999999999837  17.421306108616015 6.8250000000000046 4.9124999999999837  17.199999999999982 6.8250000000000046 4.9124999999999837 
 -7.4438049391122698 4 -5.6235576601778998 2 -3.81272433055836 2 -3.72190246955613 2 -1.95163620465445 2 -0.98872908734193699 2 -0 4
1 17.199999999999982 14.762500000000005 6.499999999999984 0 -0.70710678118654802 -0.70710678118654702 
7 0 0  3 14 7  17.199999999999982 13.175000000000004 4.9124999999999837  17.607423880997402 13.175000000000004 4.9124999999999837  18.016940451493916 13.095541717267128 4.9124999999999837  18.763191199073688 12.793361080191969 4.9124999999999837  19.113149588206312 12.565844123407285 4.9124999999999837  19.417277222598415 12.272629845067621 4.9124999999999837  19.431006134344067 12.259152612017342 4.9124999999999837  19.724601088408001 11.96567700570041 4.9124999999999837  19.955037197784797 11.627670037155349 4.9124999999999837  20.278587394220015 10.884864136692702 4.9124999999999837  20.369116937626202 10.463140797920289 4.9124999999999837  20.374904194012423 10.028785078514492 4.9124999999999837  20.374999999999982 10.014395970398381 4.9124999999999837  20.374999999999982 10.000000000000004 4.9124999999999837 
 -7.43479347652685 4 -5.6145461975924702 2 -3.80371286797293 2 -3.7173967382634299 2 -1.9426247420690299 2 -0.064316863020235093 2 -0 4
7 0 0  3 14 7  17.199999999999982 6.8250000000000046 4.9124999999999837  17.185604029601606 6.8250000000000046 4.9124999999999837  17.171214921485493 6.8250958059875648 4.9124999999999837  16.736859202079696 6.8308830623738102 4.9124999999999837  16.315135863307308 6.9214126057799961 4.9124999999999837  15.572329962844636 7.2449628022152153 4.9124999999999837  15.234322994299575 7.4753989115919852 4.9124999999999837  14.940847387982647 7.7689938656559452 4.9124999999999837  14.927370154932365 7.782722777401597 4.9124999999999837  14.6341558765927 8.0868504117937015 4.9124999999999837  14.406638919808017 8.4368088009263236 4.9124999999999837  14.104458282732859 9.1830595485060709 4.9124999999999837  14.024999999999983 9.5925761190025849 4.9124999999999837  14.024999999999983 10.000000000000004 4.9124999999999837 
 -7.4347934765268597 4 -7.37047661350661 2 -5.4921687344578096 2 -3.7173967382634299 2 -3.6310806085539098 2 -1.82024727893437 2 -0 4
1 14.024999999999983 10.000000000000004 4.9124999999999837 -0.70710678118654802 0 0.70710678118654702 
7 0 0  3 10 5  14.024999999999983 10.000000000000004 4.9124999999999837  14.024999999999983 10.414965762838497 4.9124999999999837  14.10753862557762 10.832260276860604 4.9124999999999837  14.422400446968643 11.593923285261054 4.9124999999999837  14.661591441323266 11.951755816323288 4.9124999999999837  15.248244183676725 12.538408558676721 4.9124999999999837  15.606076714738933 12.777599553031369 4.9124999999999837  16.367739723139387 13.092461374422392 4.9124999999999837  16.78503423716149 13.175000000000004 4.9124999999999837  17.199999999999982 13.175000000000004 4.9124999999999837 
 -7.4336111947335803 4 -5.5796690575948604 2 -3.7168055973667902 2 -1.8539421371387199 2 -0 4
1 14.024999999999983 10.000000000000004 8.4591865856919508 0 0 -1 
7 0 0  3 4 2  14.024999999999983 10.000000000000004 -1.4099832412739481e-15  14.024999999999983 8.2464475000000057 -1.4099832412739481e-15  15.446447499999984 6.8250000000000046 -1.4099832412739481e-15  17.199999999999982 6.8250000000000046 -1.4099832412739481e-15 
 -1 4 -0 4
1 17.199999999999982 6.8250000000000046 8.4591865856919508 0 0 -1 
7 0 0  3 4 2  17.199999999999982 6.8250000000000046 -1.4099832412739481e-15  18.953552500000008 6.8250000000000046 -1.4099832412739481e-15  20.374999999999982 8.2464475000000057 -1.4099832412739481e-15  20.374999999999982 10.000000000000004 -1.4099832412739481e-15 
 -1 4 -0 4
1 20.374999999999982 10.000000000000004 8.4591865856919508 0 0 -1 
2 17.200000000000006 10.000000000000004 6.499999999999984 0 0 -1 1 0 0 0 -1 0 9.086461944444439
1 27.19999999999991 5.0000000000000151 6.499999999999984 0 1 0 
1 34.40000000000007 19.999999999999982 6.499999999999984 -1 0 0 
1 7.2000000000000037 5.0000000000000151 6.499999999999984 0 -1 0 
1 0 7.0499162063697401e-15 6.499999999999984 1 0 0 
1 17.199999999999982 13.175000000000004 8.4591865856919508 0 0 -1 
7 0 0  3 4 2  17.199999999999982 13.175000000000004 -1.4099832412739481e-15  15.446447499999984 13.175000000000004 -1.4099832412739481e-15  14.024999999999983 11.753552500000005 -1.4099832412739481e-15  14.024999999999983 10.000000000000004 -1.4099832412739481e-15 
 -1 4 -0 4
7 0 0  3 4 2  20.374999999999982 10.000000000000004 -1.4099832412739481e-15  20.374999999999982 11.753552500000005 -1.4099832412739481e-15  18.953552500000008 13.175000000000004 -1.4099832412739481e-15  17.199999999999982 13.175000000000004 -1.4099832412739481e-15 
 -1 4 -0 4
1 31.699999999999942 19.999999999999982 6.5999999999999908 0.70710678118654802 0 0.70710678118654702 
1 30.400000000000063 9.8698826889176454e-15 5.2999999999999829 0 1 0 
3 24.399999999999988 10.000000000000004 -0.70000000000000151 0.70710678118654802 0 -0.70710678118654702 0.70710678118654702 -7.8504622934188697e-17 0.70710678118654802 -5.5511151231257747e-17 -1 -5.5511151231257827e-17 14.142135623730931 9.9999999999999787
1 31.60000000000009 5.0000000000000151 6.499999999999984 0 -1 0 
1 29.000000000000078 19.999999999999982 4.6999999999999957 0.70710678118654802 0 -0.70710678118654702 
1 28.399999999999938 9.8698826889176454e-15 5.2999999999999829 0 1 0 
1 31.399999999999874 19.999999999999982 5.2999999999999829 1 0 0 
1 6.0000000000000027 9.8698826889176454e-15 5.2999999999999829 0 1 0 
1 4.8000000000000016 7.0499162063697401e-15 4.0999999999999828 -0.70710678118654802 -0 -0.70710678118654702 
3 10.000000000000004 10.000000000000004 -0.70000000000000151 -0.70710678118654702 7.0288278714332896e-33 -0.70710678118654802 -0.70710678118654802 7.8504622934188795e-17 0.70710678118654702 5.5511151231257901e-17 1 -5.5511151231257809e-17 14.142135623730931 9.9999999999999787
1 2.7999999999999758 5.0000000000000151 6.499999999999984 0 1 0 
1 2.0999999999999948 7.0499162063697401e-15 7.199999999999978 -0.70710678118654802 0 0.70710678118654702 
1 4.0000000000000018 9.8698826889176454e-15 5.2999999999999829 0 1 0 
1 1.9999999999999984 7.0499162063697401e-15 5.2999999999999829 -1 -0 -1.38777878078144e-16 
2 24.399999999999988 10.000000000000004 -1.4099832412739481e-15 0 0 1 0.70710678118654802 -0.70710678118654702 0 0.70710678118654702 0.70710678118654802 -0 10.000000000000004
1 34.40000000000007 10.000000000000004 6.499999999999984 0 0 1 
2 24.399999999999988 10.000000000000004 6.499999999999984 0 0 -1 0.70710678118654802 -0.70710678118654702 0 -0.70710678118654702 -0.70710678118654802 -0 10.000000000000004
2 10.000000000000004 10.000000000000004 6.499999999999984 0 0 -1 -0.70710678118654802 0.70710678118654702 0 0.70710678118654702 0.70710678118654802 0 10.000000000000004
1 0 19.999999999999982 6.499999999999984 0 -1 0 
1 0 7.0499162063697401e-15 6.499999999999984 1 0 0 
1 34.40000000000007 7.0499162063697401e-15 6.499999999999984 0 1 0 
1 34.40000000000007 19.999999999999982 6.499999999999984 -1 0 0 
1 0 7.0499162063697401e-15 6.499999999999984 0 0 -1 
1 0 7.0499162063697401e-15 -1.4099832412739481e-15 1 0 0 
2 10.000000000000004 10.000000000000004 -1.4099832412739481e-15 0 0 1 -0.70710678118654802 0.70710678118654702 0 -0.70710678118654702 -0.70710678118654802 0 10.000000000000004
1 0 10.000000000000004 6.499999999999984 0 0 1 
1 0 19.999999999999982 -1.4099832412739481e-15 0 -1 0 
1 34.40000000000007 7.0499162063697401e-15 -1.4099832412739481e-15 0 1 0 
1 34.40000000000007 19.999999999999982 6.499999999999984 0 0 -1 
1 34.40000000000007 19.999999999999982 -1.4099832412739481e-15 -1 0 0 
1 6.0337719444444469 8.6111138888888554 4.7225472544831462 0 5.2629164132781296e-16 1 
1 4.7952750000000082 6.6842769444444432 4.7225472544831462 0 5.2629164132781296e-16 1 
7 0 0  3 12 6  4.7952750000000082 6.6842769444444432 11.993309013554828  4.7526401239185212 6.9614660038194192 11.982323959563207  4.7367878585086629 7.2583703850748238 11.963789558075391  4.8167293007038943 7.7062520580758029 11.903890137456411  4.8734268708992818 7.8707465860775034 11.873381979645011  5.0451449794703525 8.1448757439143318 11.796257406088294  5.1465088413018378 8.2504517527732961 11.754515653893199  5.3715377467972543 8.4108866283301822 11.665943992988488  5.486938413294367 8.4677400324791812 11.621932590839664  5.74452679591995 8.5600831789413618 11.52532675946868  5.8894353752780306 8.5917186729885096 11.471946912765366  6.0337719444444469 8.6111138888888554 11.419306467102475 
 0 4 0.033149269836739298 2 0.054076127427738201 2 0.072327182832605294 2 0.0882695711922062 2 0.106525469226578 4
1 7.5478941666666657 6.8906166666666877 4.7225472544831213 0 5.2629164132781296e-16 1 
7 0 0  3 20 10  7.5478941666666657 6.8906166666666877 10.225895457017204  7.538892334845551 7.0076881893991452 10.212873332446595  7.5259011752651332 7.1257669422326586 10.201997375527306  7.4970512414704498 7.3105146911243573 10.190525648999355  7.4845476765815908 7.3786577987424407 10.187505091932124  7.4658534705170689 7.4645860816648053 10.185599485604049  7.4616875905540772 7.4829429889822601 10.18530396446088  7.4547446648524032 7.5122459048017118 10.185020388146677  7.4520781919768764 7.523220955772115 10.184956609345786  7.4469102510690135 7.5439575656149671 10.184918875167584  7.4444217285680141 7.5537233677192894 10.184935983275507  7.4386762253233814 7.5757686318121387 10.185055560517251  7.4353876971874984 7.5880409813572554 10.185179133606121  7.425491854892277 7.6239422300780086 10.185713199980684  7.4186445028649617 7.64750868830009 10.186283951716014  7.3734208104648262 7.7948830194637155 10.191320126646337  7.325652215821485 7.9158569682998916 10.202143657206724  7.2201373740482628 8.1104985582990157 10.233708375322147  7.1688994338011591 8.1875783221589664 10.25082251380673  7.10946828609534 8.2575636045126082 10.271335555555545 
 -0.057603810434364897 4 -0.043671852762316603 2 -0.035523740099451202 2 -0.033305494182819202 2 -0.031974488233923501 2 -0.030786835093621699 2 -0.029289528036311699 2 -0.026397463602732402 2 -0.011111647532102399 2 -0 4
7 0 0  3 12 6  6.0337719444444469 8.6111138888888554 11.419306467102475  6.2186437108724881 8.6359818571604912 11.351881429721805  6.4102297103341153 8.6353854328563138 11.283106126730166  6.723023026490452 8.5520567377438326 11.175006519532506  6.8441898358978781 8.4936789454047812 11.134473868859896  7.0601723736030335 8.324712273096841 11.066702306075022  7.1484004914598565 8.2208587703911551 11.041473939246741  7.3222674196061277 7.9402241503562854 10.998675576952831  7.3919148111547539 7.7541044889829918 10.988359552212811  7.4983156953683086 7.3481837323094927 10.986531334404255  7.530593948490413 7.1156111928638328 10.998472455326031  7.5478941666666657 6.8906166666666877 11.017458092114243 
 0 4 0.0234269864269025 2 0.040284705330773898 2 0.0567749042285993 2 0.079584267787627602 2 0.106322600774151 4
1 7.960961666666666 3.3811127777777599 4.7225472544831213 0 5.2629164132781296e-16 1 
7 1 0  2 3 2  9.2151325932484216 -7.2745736273981203 13.450815833333326  1 8.1662509990591641 1.6369336535938488 10.68430408749143  1.13396007346498 7.6018793064667332 6.4319481486386039 10.271335555555545  1
 0 3 0.55833488795449004 3
7 0 0  3 6 3  7.6018793064667332 6.4319481486386296 10.271335555555545  7.5685611677194249 6.715025702559454 10.241698525798913  7.5350668629551327 6.9995999981067776 10.214481351913609  7.4674905247221259 7.5737420495282528 10.169126533674632  7.4336426179679851 7.8613206181263022 10.151306706473743  7.3994403123597285 8.1519102300933124 10.140135518490967 
 -0.068540919564709701 4 -0.034583700879753203 2 -0 4
7 1 0  2 3 2  5.4035200636263712 25.109646858711507 14.281078333333326  1 7.3188070273827801 8.8369867059731551 9.2185635153784116  1.9266691703580101 9.2340939911391899 -7.4356734467651471 14.281078333333326  1
 0 3 1.3165742047114899 3
7 0 0  3 22 11  36.356806615305601 10.689294848394267 14.281078333333326  36.373187120432512 10.86775566171686 14.224171562279912  36.389675223315017 11.07672910126635 14.150871574893845  36.406046526587076 11.318992639470562 14.03344909216473  36.410934667271022 11.397861779800468 13.989556022844646  36.415495644195786 11.475800353016712 13.92442284322582  36.416726074460605 11.49741144291027 13.903264007434126  36.418046756858857 11.520983770891529 13.867878073799504  36.418425866000049 11.527830889058837 13.854429566473002  36.418797750684526 11.534565266164527 13.829227423491055  36.4188559999536 11.535625633482118 13.818088775140989  36.418713612310512 11.533041689664747 13.794728786886942  36.418498707949873 11.529139039005168 13.78336744760565  36.417689136859593 11.514573113544747 13.756938797800471  36.416975825063716 11.501843370290086 13.743230378978705  36.414712360706226 11.462190506290511 13.709537389383692  36.412749583890864 11.428768380521205 13.691560937185258  36.40299838538035 11.268785496757236 13.619577194208961  36.38917653170661 11.0687442694491 13.580708826084591  36.346241809208941 10.551434457630407 13.504593391542434  36.30124443064431 10.098188319938771 13.471959622379014  36.225891958830644 9.5705390789585145 13.450815833333326 
 -0.18062002937396901 4 -0.14176296748652101 2 -0.124313207774376 2 -0.117773795223787 2 -0.114302608341892 2 -0.111637846911583 2 -0.108775013292828 2 -0.104537917158847 2 -0.096511441614057294 2 -0.063002570332173199 2 -0 4
7 0 0  3 22 11  36.356806615305601 10.689294848394267 14.281078333333326  36.373187120432512 10.86775566171686 14.224171562279912  36.389675223315017 11.07672910126635 14.150871574893845  36.406046526587076 11.318992639470562 14.03344909216473  36.410934667271022 11.397861779800468 13.989556022844646  36.415495644195786 11.475800353016712 13.92442284322582  36.416726074460605 11.49741144291027 13.903264007434126  36.418046756858857 11.520983770891529 13.867878073799504  36.418425866000049 11.527830889058837 13.854429566473002  36.418797750684526 11.534565266164527 13.829227423491055  36.4188559999536 11.535625633482118 13.818088775140989  36.418713612310512 11.533041689664747 13.794728786886942  36.418498707949873 11.529139039005168 13.78336744760565  36.417689136859593 11.514573113544747 13.756938797800471  36.416975825063716 11.501843370290086 13.743230378978705  36.414712360706226 11.462190506290511 13.709537389383692  36.412749583890864 11.428768380521205 13.691560937185258  36.40299838538035 11.268785496757236 13.619577194208961  36.38917653170661 11.0687442694491 13.580708826084591  36.346241809208941 10.551434457630407 13.504593391542434  36.30124443064431 10.098188319938771 13.471959622379014  36.225891958830644 9.5705390789585145 13.450815833333326 
 -0.18062002937396901 4 -0.14176296748652101 2 -0.124313207774376 2 -0.117773795223787 2 -0.114302608341892 2 -0.111637846911583 2 -0.108775013292828 2 -0.104537917158847 2 -0.096511441614057294 2 -0.063002570332173199 2 -0 4
1 34.04344555555565 3.0369427777777598 4.7225472544831213 0 5.2629164132781296e-16 1 
7 0 0  3 6 3  34.04344555555565 3.0369427777777598 13.940121456447272  34.982659141502666 4.6503350449577905 14.031064528698789  35.613645410750365 6.4212741086381113 14.099300801312102  36.610499462237414 11.204084422152455 14.29761240174221  36.486392066626941 13.89485343419765 14.444762812892844  36.314770000000031 15.35559000000003 14.527481247758541 
 0 4 0.220756449145462 2 0.57800241495951798 4
1 9.1309138888888857 -0.19781777777773926 4.7225472544831213 0 5.2629164132781296e-16 1 
7 0 0  3 8 4  9.1309138888888857 -0.19781777777773646 11.271088618613899  8.9252334657626449 -0.0081759673392505245 11.263460125866825  8.7603652063484905 0.22037772497043309 11.238912368933786  8.4180179889983702 0.84640187090468355 11.153313799391745  8.2779743021337779 1.282396933451011 11.077320767625508  8.0580348253079208 2.2455962784701193 10.899985766057078  7.9927869752338037 2.8268621049098472 10.785759709600327  7.960961666666666 3.3811127777777856 10.678372603834227 
 0 4 0.033055391477664599 2 0.0849123374016547 2 0.15185414494279201 4
7 0 0  3 8 4  7.960961666666666 3.3811127777777856 11.460154104731394  8.002470981430065 2.6582112043534454 11.600138285294072  8.1024652179702752 1.8606444346431446 11.758188592241263  8.4173717718020598 0.89659966930730606 11.92339545801887  8.5302116175061684 0.62599762814839666 11.966365382744813  8.7998601739576596 0.16695619267742889 12.025927716296133  8.9494975988289731 -0.030548024210176349 12.045809569323431  9.1309138888888857 -0.19781777777773496 12.052534316213052 
 0 4 0.087106221450330201 2 0.12115168132338899 2 0.150232810318634 4
1 12.158805555555569 -0.19781777777773926 4.7225472544831213 0 5.2629164132781296e-16 1 
7 0 0  3 12 6  12.158805555555569 -0.19781777777773646 10.68218376131134  12.045470018316429 -0.42779079035366768 10.774912458223017  11.899145119247381 -0.65852066360762618 10.873067919263747  11.593126613001949 -0.94554140948035592 11.015691925781356  11.458871176871195 -1.0354042828166019 11.066716817214528  11.172322421969902 -1.1405053834320955 11.148922949059644  11.033703167229083 -1.1613192428498484 11.179475387112991  10.721793560795923 -1.1511954109595643 11.231827434063804  10.555302013251975 -1.1113837839827871 11.249923653436625  9.9966209014443201 -0.90272884963619804 11.291588594458872  9.5700178446262321 -0.6024915434679422 11.287320792494622  9.1309138888888857 -0.19781777777773368 11.271088618613899 
 0 4 0.0322012655215968 2 0.0522246315724205 2 0.069442264751544594 2 0.089505568061791496 2 0.139910284205949 4
7 0 0  3 14 7  9.1309138888888857 -0.19781777777773496 12.052534316213052  9.4254193666502601 -0.46923104824567852 12.063415010156142  9.7721614133193135 -0.74673254624589569 12.071944406155279  10.327481927059784 -1.035317328017225 12.05050945725046  10.54424909016401 -1.117849078041119 12.035237948881472  10.916782746959951 -1.1661383653377486 11.983025323315365  11.066434327685631 -1.1597299286742997 11.95482018411689  11.349477489673943 -1.0847612062440206 11.882453687093635  11.473846888700205 -1.0219112079158943 11.841571619815895  11.703096625462095 -0.85313057851129526 11.749456978414305  11.804301711360511 -0.74767497463602872 11.698998764586078  11.995821746987721 -0.4996652325381179 11.587868456267687  12.083953154570704 -0.34970334317375629 11.525171029199928  12.158805555555569 -0.19781777777773646 11.463963102996949 
 0 4 0.047320365989957397 2 0.073710225814774599 2 0.091902401180183002 2 0.109163072521459 2 0.12707690933292101 2 0.14826371102684599 4
1 13.810722777777764 0.83465694444447924 4.7225472544831213 0 5.2629164132781296e-16 1 
7 0 0  3 24 12  13.810722777777764 0.83465694444448191 10.017180095411018  13.789777221124584 0.84509884145023206 10.015467030047112  13.768519548538796 0.85497702951190879 10.014235029599636  13.741562053981911 0.86651580318134358 10.013374707490692  13.736150828742128 0.86878325414352686 10.013236610928153  13.726898958144027 0.87257508930879224 10.013060771304344  13.723067776936528 0.87412065518392057 10.013005427243021  13.715902088270932 0.87696475171615551 10.012934994175126  13.712569947796567 0.87826857897917654 10.012915507932538  13.705649027402444 0.88093734387439693 10.012902865403062  13.702059472037043 0.88229971640877791 10.012911735567616  13.693876642696688 0.88535514901827883 10.012967479863621  13.689279265231111 0.88703594595834701 10.013024132880236  13.674988220805155 0.89214767248809934 10.013279924149806  13.665259505705297 0.89546699255527529 10.013567212014751  13.633003580710339 0.90592427358345773 10.014902759584748  13.610332017463692 0.91240066010981791 10.016453018784629  13.498704429759218 0.939727336502584 10.027174265843692  13.410669382045413 0.94736970519971597 10.045200765844216  13.245855901192719 0.93368501029035178 10.093198568379712  13.172128051090905 0.91593440946401461 10.120415195766336  13.00620655537624 0.85231666162623676 10.188927898455212  12.918130156739981 0.79912702933895519 10.231082747615398  12.837223878341687 0.73603220137705483 10.271335555555545 
 -0.042892158803077299 4 -0.040112799385497402 2 -0.039417728484967801 2 -0.038928399060557103 2 -0.038504607732232098 2 -0.0380498783622637 2 -0.0374700840424061 2 -0.036252025867051098 2 -0.0334509431494305 2 -0.022581515139227199 2 -0.013017372614043701 2 -0 4
7 0 0  3 12 6  13.810722777777764 0.83465694444448435 10.102093295992429  13.702644977751119 0.88853649871809659 10.097373550920864  13.587913907736553 0.92658410961886173 10.099687701227531  13.367240487106578 0.94887045237092071 10.122627301119511  13.268898444057479 0.93991671516190578 10.139684640846903  13.065538720092293 0.88222956290559018 10.188557965374404  12.967183609170371 0.83034896158657356 10.220503524651102  12.730930455254814 0.66127035157710123 10.312112792055773  12.604018884113644 0.5197789522676135 10.378256847991832  12.368234272527777 0.19931356128214975 10.51983296106482  12.254997080998448 -0.0014455162341655112 10.603097149714392  12.158805555555569 -0.19781777777773926 10.68218376131134 
 0 4 0.0142742918543054 2 0.0263320471552487 2 0.039895220009535499 2 0.062313416631701299 2 0.089856421612235504 4
7 0 0  3 12 6  12.158805555555569 -0.19781777777773646 11.463963102996949  12.314178833454619 0.11937234706951493 11.33629089602732  12.504098455415328 0.42827276781977441 11.205576173677963  12.834705047975749 0.74277863518511023 11.051484112964605  12.954170912490964 0.82987129005861149 11.00454396995722  13.184928499233186 0.92241607233354073 10.939760282107711  13.285214482016622 0.94314514244768499 10.918290654251321  13.460452145694445 0.94249640897248999 10.893948050401038  13.529681464816735 0.932928244139973 10.887665948065015  13.671611494383182 0.89641825812853404 10.88102467860562  13.74269373768656 0.86857116509731969 10.881232150747952  13.810722777777764 0.83465694444448435 10.884201287970168 
 0 4 0.0443583152206471 2 0.064521444536841194 2 0.078750913768411701 2 0.088204906673161096 2 0.098388927171965901 4
1 28.125104444444421 -3.0880908333332862 4.7225472544831213 0 5.2629164132781296e-16 1 
7 0 0  3 6 3  28.125104444444421 -3.0880908333332862 13.514546715164068  29.172877267443223 -2.5975758948177794 13.621134655153979  30.10785953292174 -1.8956389301936654 13.683290811049419  32.156647758863386 0.10465083776730133 13.805609933366032  33.183495531806351 1.5596538871555703 13.856861196642219  34.04344555555565 3.0369427777777598 13.940121456447272 
 0 4 0.13722121164315901 2 0.33859064164529101 4
7 1 0  2 3 2  3.1942781184741151 -3.0880908333332862 14.281078333333326  1 17.200000000000006 -3.0880908333332862 10.582071687030451  1.46462947539225 31.2057218815259 -3.0880908333332862 14.281078333333326  1
 0 3 1.11631272847561 3
1 14.154540000000008 -3.0880908333332862 4.7225472544831213 0 5.2629164132781296e-16 1 
1 13.741825277777789 -1.4363499999999874 4.7225472544831462 0 5.2629164132781296e-16 1 
7 0 0  3 10 5  14.408409408922557 0.14799833366626822 10.271335555555545  14.399283841470377 0.2022720109287662 10.249470746984716  14.384647487729831 0.25507390111477668 10.227625684745767  14.340793766936661 0.36410091239084375 10.182102111778873  14.310468769374712 0.41858518310692566 10.15910589827863  14.212714210361412 0.55416630523255916 10.103193307170306  14.136347003891254 0.6268851392028808 10.074771757151822  13.975446374496205 0.74537607091633706 10.03610303954034  13.894644646978774 0.79280230391213968 10.024054855891288  13.810722777777764 0.83465694444448191 10.017180095411018 
 -0.038998333402820398 4 -0.0319851164242584 2 -0.024070662412713498 2 -0.011106101771746001 2 -0 4
7 0 0  3 12 6  13.810722777777764 0.83465694444448435 10.884201287970168  13.950467027371815 0.7649618174304299 10.890310289983788  14.085709787269446 0.67761585203681729 10.904424238552176  14.268029145402924 0.48804499486334635 10.949695221286586  14.326941534898967 0.40038293689952231 10.973915312484559  14.403792628501348 0.20559431102435974 11.033707720227216  14.420092531372294 0.10579837520830138 11.066868956516522  14.419896981068449 -0.13925217497823958 11.152228412029402  14.386852878633112 -0.28375107369859209 11.205784837982554  14.23804126688777 -0.71039841265126269 11.368745187692342  14.039241791443597 -1.0473458119025867 11.5049953144188  13.741825277777789 -1.4363499999999849 11.670709072242106 
 0 4 0.0184581723127628 2 0.031461994407777298 2 0.044124369096104697 2 0.062055181635246599 2 0.100875031663975 4
7 0 0  3 14 7  13.741825277777789 -1.4363499999999849 11.670709072242106  13.619406559358843 -1.5964341598377534 11.738906705122718  13.50145454412263 -1.7814449973576141 11.815509127116933  13.39598748079632 -2.0807680073774502 11.930160510412614  13.372567590173356 -2.19770335602121 11.972999033076901  13.384740913208628 -2.4022514386980136 12.042314141245315  13.406437212207788 -2.4859331085524903 12.068909678474887  13.486908796412001 -2.6456487217888243 12.115902101278042  13.543239281390202 -2.7162825782943361 12.134700121111237  13.679381502479812 -2.8434045934992511 12.165629276646504  13.759286259250192 -2.8986488048693833 12.177346929717832  13.940984777099168 -3.0018977367064887 12.196984730955791  14.047854473716063 -3.0487760941951287 12.204197609621698  14.154540000000008 -3.0880908333332862 12.209299145731027 
 0 4 0.025128406728363799 2 0.039739948615554403 2 0.050583738564724402 2 0.061498727337903299 2 0.072804924053985906 2 0.086213945167443795 4
1 27.780934444444423 11.707903055555541 4.7225472544831462 0 5.2629164132781296e-16 1 
7 0 0  3 12 6  27.780934444444423 11.707903055555565 10.444225152112491  27.977482294204936 11.720064141276932 10.515105086623382  28.172134409948434 11.762470630020124 10.586993366124666  28.48171044927188 11.921287672764143 10.706863156641806  28.597781668060652 12.013788854285487 10.753828964736114  28.79476218036325 12.250288384953146 10.839471548679001  28.869284432329877 12.387962537051306 10.875522481583136  29.003981522975291 12.747532001540835 10.950629834066225  29.04403249799612 12.980343573845055 10.984380244508095  29.088611825028803 13.579886137828776 11.056564185663088  29.056218094745017 13.957357553189819 11.087264153521527  29.019431388888808 14.254535277777759 11.111148647182059 
 0 4 0.024719463536512699 2 0.0434456275719909 2 0.062434777042831201 2 0.089637791262991498 2 0.13397211125061201 4
1 29.019431388888808 14.254535277777759 4.7225472544831213 0 5.2629164132781296e-16 1 
1 26.266812222222228 13.290922777777785 4.7225472544831213 0 5.2629164132781296e-16 1 
7 0 0  3 12 6  26.266812222222228 13.290922777777785 10.056394051130143  26.277755095935877 13.029397477204997 10.027842282183069  26.315714504781194 12.753712896904037 10.010593943983016  26.465952388597689 12.353322691732686 10.024980002880286  26.544962975140084 12.210690160982848 10.040576121139244  26.745138807115531 11.98496797431992 10.093646940714917  26.853253579056499 11.903021328066957 10.126240297495968  27.091156086998311 11.784194679008335 10.202838082767098  27.214699780529422 11.747672324738433 10.24460568540894  27.485583200149865 11.702567688345244 10.338450084713214  27.634994678691314 11.698922859890695 10.391598581816767  27.780934444444423 11.707903055555565 10.444225152112491 
 0 4 0.031099219803212098 2 0.050497109745908403 2 0.067251108586512301 2 0.083154625213964495 2 0.101500279367758 4
1 26.060790000000033 16.800779444444444 4.7225472544831213 0 5.2629164132781296e-16 1 
7 0 0  3 6 3  26.060790000000033 16.800779444444444 10.607669144495606  26.087973454581455 16.431549379859366 10.534160125302076  26.114186378855017 15.995807323801911 10.450243101449109  26.185857956936516 14.774806003877712 10.240602946762948  26.226505094696179 14.03567056016626 10.13459206059985  26.266812222222228 13.290922777777761 10.056394051130143 
 0 4 0.044581468133851297 2 0.11243580588869199 4
7 0 0  3 6 3  -0.090908888888895159 16.249916944444443 13.997891179550804  -0.84756512217606816 14.823265153845375 14.079813205790623  -1.3633939190506885 13.301301914129759 14.142557441102996  -1.934997239994567 10.396161224812547 14.253287703421758  -2.04834513226572 9.0666339811461398 14.300899744237949  -2.0546111111111109 7.7124477777777605 14.360898562217923 
 0 4 0.19098009598326299 2 0.34983725337390098 4
7 0 0  3 22 11  -1.9661463565504458 9.6576537958092761 14.281078333333326  -1.9975881028915519 9.3048333978877285 14.186834727845424  -2.0137909998794243 9.0259779389925487 14.093817554119539  -2.0256263980801199 8.7987063838779704 13.978595798509003  -2.0282035493223476 8.7450899416098 13.947084910248991  -2.0306986427463647 8.6904999602600341 13.899162822698537  -2.0313908627624628 8.6749497424572031 13.883006288452133  -2.0321456600207775 8.6577447024654486 13.855396128607286  -2.0323623140238767 8.6527477602005263 13.844613995082291  -2.032566907208063 8.6480197724070145 13.823895499505317  -2.0325864541168071 8.647565823201834 13.814504812126303  -2.0324509010595317 8.6507018034452798 13.794494113234903  -2.0322796202396307 8.6546640558514163 13.784646548842494  -2.0316587121133289 8.6688691401428688 13.76133366239833  -2.0311111834340778 8.6812596486760505 13.749061181131657  -2.0291091382333399 8.725564231779865 13.713882452281789  -2.0270667133906595 8.7689690952408039 13.693570267059808  -2.0165465598854686 8.9779156292124593 13.614907494489884  -2.0002493604311495 9.2369701585928397 13.57664500658019  -1.9542724896975869 9.8270805430398127 13.504103154397409  -1.9016994619515006 10.35874807446719 13.472236424987333  -1.8057476531047301 10.974965465186585 13.450815833333326 
 -0.178709377841336 4 -0.141524601035936 2 -0.13035294535676001 2 -0.12587439076435 2 -0.12336142363352599 2 -0.121310235886868 2 -0.119011344745901 2 -0.115445342050453 2 -0.10683504560503899 2 -0.073702061617619705 2 -0 4
7 0 0  3 6 3  -2.0546111111111109 7.7124477777777605 13.580761409893849  -2.0483467302612874 9.0662886267166556 13.520743890319705  -1.935054957046572 10.395486418684412 13.473113912881399  -1.3636097808760506 13.300663304671852 13.362322520790283  -0.84772484183645036 14.822964007394125 13.299534016674121  -0.090908888888886527 16.249916944444468 13.217548248785889 
 0 4 0.16006122069703099 2 0.35257800537047901 4
1 -0.090908888888895159 16.249916944444443 4.7225472544831213 0 5.2629164132781296e-16 1 
1 23.78911277777776 20.723209722222222 4.7225472544831213 0 5.2629164132781296e-16 1 
7 0 0  3 10 5  23.78911277777776 20.723209722222222 11.119829831949069  24.129572652127418 20.643799136000382 11.159825790886227  24.453737701247661 20.513127821778507 11.185664497388187  24.977671469761646 20.147454238713216 11.190790993432634  25.174641653700572 19.946670173455583 11.177676876035598  25.526495922352584 19.441425840321962 11.119340645952285  25.660604770041132 19.139217346707646 11.071018383271959  25.969551924003856 18.153039099108245 10.892709671851918  26.015206772645207 17.418330356896512 10.730581866489356  26.060790000000033 16.800779444444444 10.607669144495606 
 0 4 0.0415604804836801 2 0.075411308350628994 2 0.114528983802666 2 0.19918920419070299 4
1 20.692641111111129 19.416132777777783 4.7225472544831213 0 5.2629164132781296e-16 1 
7 0 0  3 12 6  20.692641111111129 19.416132777777783 10.200136537981754  20.825405857544379 19.471999836876336 10.23578053246929  20.941282151276798 19.551125245724439 10.277722063889158  21.252096478701688 19.816350903482629 10.408486142878942  21.428354723673163 20.037555332355311 10.506929329718641  21.814261057369393 20.416073458589757 10.688030172663272  22.016091997574218 20.578905588288219 10.771228254952398  22.481734720153838 20.770513055661951 10.906119732630524  22.693873956712007 20.811054820380953 10.953291711567633  23.204467864775818 20.832283255641066 11.04632271439009  23.50496620132105 20.789599290772969 11.08648441171637  23.78911277777776 20.723209722222222 11.119829831949069 
 0 4 0.0175257843394056 2 0.050700282685276099 2 0.079119809544345401 2 0.100774848684224 2 0.129243742881406 4
7 0 0  3 6 3  -0.090908888888889566 16.249916944444443 13.217548248785889  0.65172304458543906 17.650682783544831 13.137167444879669  1.5093221539677852 19.010200051223144 13.086892721904196  3.3802586875324008 21.320289770971929 13.009508631313171  4.3668234428095607 22.307062930486001 12.979250368529209  5.4832269444444472 23.132011666666685 12.93306406218621 
 0 4 0.187498212462546 2 0.35179922800855701 4
1 5.4832269444444472 23.13201166666666 4.7225472544831213 0 5.2629164132781296e-16 1 
1 19.797961388888883 23.13201166666666 4.7225472544831213 0 5.2629164132781296e-16 1 
7 1 0  2 3 2  3.4261381196727179 23.13201166666666 13.450815833333326  1 17.200000000000006 23.13201166666666 9.8451944998730667  1.44918682806531 30.973861880327352 23.13201166666666 13.450815833333326  1
 0 3 1.09748889701262 3
1 20.004336388888859 21.343322500000003 4.7225472544831462 0 5.2629164132781296e-16 1 
7 0 0  3 18 9  20.004336388888859 21.343322500000003 10.793949107322616  19.843478739575719 21.18537837446252 10.724530639640527  19.663481915788147 20.973220126065591 10.63531746173145  19.498913367000096 20.588218030123141 10.486538520374435  19.464199554193698 20.443085536567345 10.432571755587071  19.46787446612862 20.177125146112608 10.338914513451995  19.492335194699621 20.062480992259793 10.300330162758669  19.586640252994105 19.850527316396217 10.233514660384152  19.652426550845707 19.756428447920925 10.206079471228021  19.821171126139017 19.586804654490219 10.162194034076922  19.925963750014514 19.513847389755409 10.146927065305688  20.149955569981767 19.409797491629384 10.134173471457656  20.26571880433497 19.378717565194517 10.136283079332767  20.432626134689443 19.366209454742386 10.151386419754957  20.487777920270869 19.367464623228411 10.158381624631879  20.593963364939075 19.382562178578883 10.176419729759383  20.644768806645338 19.395976153370185 10.187279930974269  20.692641111111129 19.416132777777783 10.200136537981754 
 0 4 0.027860112755297001 2 0.043262096725637002 2 0.055396476337636398 2 0.066888330466686796 2 0.079236986704496207 2 0.091184334094826403 2 0.097038365383747494 2 0.102711410838385 4
7 0 0  3 14 7  19.797961388888883 23.13201166666666 11.409418753486907  19.967237388694173 23.073581230953955 11.400569303942511  20.145728029360004 22.995538374465784 11.386872683668674  20.376209443043397 22.830457315104866 11.348245445955866  20.453729521865974 22.757652374120045 11.329590142985266  20.553216467927548 22.605193798503972 11.285334090618832  20.581966168310785 22.534424664149178 11.263333311787585  20.609031200438398 22.380507129721238 11.212197160783688  20.605550902246328 22.302148929963096 11.184559253011152  20.566819698206071 22.110114797323089 11.113886742045992  20.516543357296037 21.998203384395993 11.070011402424049  20.340808655199698 21.697978815454281 10.948496642429443  20.170100523597164 21.506001621383525 10.865455970383357  20.004336388888859 21.343322500000003 10.793949107322616 
 0 4 0.021176606311014302 2 0.033679601882542202 2 0.043213832431050599 2 0.053021613332408797 2 0.067716072655083004 2 0.096429356080600007 4
1 1.7670305555555672 0.83465694444447924 4.7225472544831213 0 5.2629164132781296e-16 1 
7 0 0  3 20 10  0.47844544311875953 0.91382287686143415 13.450815833333326  0.43216673523682264 0.92568522232392969 13.462483363195805  0.3863501996198257 0.93867865591545097 13.478032463165921  0.30683478726355928 0.96321589793981233 13.516969863346185  0.27164996737524227 0.97494382605130814 13.539444766177823  0.21266340830254712 0.99567548812977047 13.59348227326721  0.18886331609257045 1.0045656829626524 13.62377874913482  0.15945019708849961 1.0158103665352063 13.682256578829039  0.15084194686825778 1.0191876783052631 13.706885013702703  0.14215862297517753 1.0226103401428595 13.746069976744407  0.14000421168553503 1.023465087096791 13.759617009181911  0.13771860979826434 1.0243728727474646 13.781531237292608  0.13712559916441117 1.0246088612066653 13.789803948836663  0.13652783072244701 1.0248467766123524 13.804090060331591  0.13640591195545695 1.0248953330999662 13.810093335999769  0.13639943833260085 1.0248979107577827 13.849084621909066  0.14004468781490087 1.023441223773446 13.882176743823292  0.16378332929240788 1.0140943728816454 14.009997002541672  0.20706390302309541 0.99637166297122293 14.127423156585188  0.29174587857789375 0.9684270666927548 14.281078333333326 
 -0.068227067512290795 4 -0.0576564320857798 2 -0.0484418786097996 2 -0.039846359130064499 2 -0.034132320797608702 2 -0.031169360071706901 2 -0.0293821636555846 2 -0.0280888765250903 2 -0.020983057428542701 2 -0 4
7 0 0  3 12 6  -1.9492011111111087 4.963779722222224 14.509236151126251  -1.9076605039533834 4.2487279263780788 14.56045666980007  -1.7833562708928621 3.4901032454310346 14.601514600995754  -1.3597896660317033 2.4221615047617622 14.596777113472552  -1.1465564527618552 2.0435948415184186 14.578983996859796  -0.62688551761253541 1.4644292876626535 14.495406888865348  -0.35548937263048808 1.2565232310899723 14.440555256972464  0.21276081753071935 0.97930009134783047 14.303930851973332  0.4853637713326901 0.89893607740059422 14.231111970041512  1.0974318686692643 0.80255823912546509 14.054719364420343  1.4361854404297854 0.80211393688702548 13.948973554272659  1.7670305555555672 0.83465694444448701 13.840140830749769 
 0 4 0.084813367197189196 2 0.13556324585121801 2 0.177149446562201 2 0.211874482877386 2 0.25314611153321298 4
1 4.8638197222222281 4.619609722222199 4.7225472544831462 0 5.2629164132781296e-16 1 
7 0 0  3 12 6  1.7670305555555672 0.83465694444448701 13.840140830749769  2.3346784097796554 0.89051154107818686 13.653407482919956  2.9160558332696587 1.0178702728695916 13.45115394382873  3.7509597383378077 1.4452934507122448 13.113517988813168  4.0437738315933371 1.6688371904235717 12.980691324992376  4.4934535825829132 2.2234664665649548 12.736757986066227  4.6463273398958229 2.525318449428283 12.632504520130777  4.8257204116249133 3.1195027006896896 12.469395667877887  4.8700700124476066 3.3934038783144582 12.407599810756386  4.9093740078608707 3.9841681500730868 12.297330374880408  4.8973968601821429 4.3038241951859302 12.251293819020455  4.8638197222222281 4.6196097222222239 12.216784954211349 
 0 4 0.070887119489778203 2 0.117551305493695 2 0.15988428448383901 2 0.193260032849143 2 0.230927079833671 4
7 1 0  2 3 2  5.1809634281845254 -4.933222256753508 14.281078333333326  1 4.6989748087411627 9.5849794630315621 10.302039569262812  1.5325661854184001 4.2169861892977991 24.103181182816606 14.281078333333326  1
 0 3 1.1594028370660201 3
1 31.566063611111005 19.209263888888909 4.7225472544831213 0 5.2629164132781296e-16 1 
7 0 0  3 12 6  31.566063611111005 19.209263888888909 12.739637016361215  32.064706414466784 19.35431972765587 12.919781387954252  32.588476133973764 19.422372691112841 13.092905747733237  33.510926845529156 19.309685828478585 13.359826285704631  33.891978392172312 19.186431798865193 13.457693390463911  34.589729334197742 18.788037512785181 13.6137844894422  34.890123903814306 18.529426064679949 13.669466529617747  35.474821501381214 17.843400457110057 13.758340275022837  35.729397503475333 17.396053867982953 13.78132208884756  36.116979003696102 16.434354261968892 13.792066127036682  36.248040212616083 15.905405407570774 13.778070889338947  36.312033551558791 15.378467927810833 13.748722613616643 
 0 4 0.064921731694875195 2 0.11435462543952001 2 0.161817293026709 2 0.221584170176128 2 0.284432913107519 4
7 0 0  3 14 7  33.880500967301202 19.161325722386668 13.450815833333326  33.95871674454574 19.129778765515834 13.468607272009507  34.026472209278879 19.098592777860986 13.493190216966887  34.121669271700227 19.051760353515988 13.546777839228106  34.158876654720672 19.032320136464573 13.574419248155719  34.211808076511161 19.003619689066266 13.634927515867668  34.230217479631825 18.993271177442299 13.664189346915112  34.2567547463103 18.978182439475436 13.732392485278794  34.263341224021239 18.974336217031219 13.769258172772366  34.265412505939878 18.97313678960915 13.862524535434545  34.2547274156017 18.979362730630982 13.918023952133229  34.215696287652172 19.001476299160572 14.046970376109561  34.173490240492427 19.02600961600093 14.144226432417328  34.088784214463111 19.067928916877143 14.281078333333326 
 -0.079212401132075894 4 -0.062475026017830601 2 -0.050730028728028002 2 -0.042001695536329001 2 -0.032816414868077397 2 -0.019643540222923798 2 -0 4
7 0 0  3 10 5  29.019431388888808 14.254535277777759 11.111148647182059  28.947381424054051 14.837731359819484 11.158069088977285  28.857232643406071 15.716349378537437 11.257319388146954  29.13550683338033 17.041790599916723 11.578313603504736  29.300676338565168 17.466141442832235 11.709958202058397  29.768069536186861 18.157284920622601 11.986641202341785  30.03202774042358 18.421043648601984 12.1190045558115  30.710319438572544 18.899038355730166 12.418967647698848  31.129362009399621 19.082221398009221 12.581869044177877  31.566063611111005 19.209263888888909 12.739637016361215 
 0 4 0.069625998817871002 2 0.106090212363131 2 0.13665207792593401 2 0.17335146561700299 4
2 17.200000000000006 10.000000000000004 14.281078333333326 0 0 -1 1 0 0 0 -1 0 19.169203611111122
2 17.200000000000006 10.000000000000004 10.686484444444448 0 0 -1 1 0 0 0 -1 0 9.224962500000025
2 17.200000000000006 10.000000000000004 13.450815833333326 0 0 -1 1 0 0 0 -1 0 19.030738333333318
2 17.200000000000006 10.000000000000004 10.271335555555545 0 0 -1 1 0 0 0 -1 0 10.239868888888903
7 0 0  2 3 2  36.369203611110997 10.000000000000004 14.281078333333326  36.64620472222223 10.000000000000004 13.589316388888886  36.2307383333332 10.000000000000004 13.450815833333326 
 0 3 1 3
2 17.200000000000006 10.000000000000004 9.6722483333333251 0 0 -1 1 0 0 0 -1 0 7.1027572222222179
2 17.200000000000006 10.000000000000004 10.686484444444448 0 0 -1 1 0 0 0 -1 0 8.071520277777779
2 17.200000000000006 10.000000000000004 13.450815833333326 0 0 -1 1 0 0 0 -1 0 19.030738333333318
Polygon3D 0
PolygonOnTriangulations 0
Surfaces 73
7 17.200000000000006 10.000000000000004 8.841633055555544 -0 -0 1 
7 0 0  2 3 2  26.286461944444419 10.000000000000004 8.841633055555544  26.286461944444419 10.000000000000004 9.764217500000008  27.439868888888807 10.000000000000004 10.271335555555545 
 -1 3 -0 3
7 17.200000000000006 10.000000000000004 8.841633055555544 -0 -0 1 
7 0 0  2 3 2  26.286461944444419 10.000000000000004 8.841633055555544  26.286461944444419 10.000000000000004 9.764217500000008  27.439868888888807 10.000000000000004 10.271335555555545 
 -1 3 -0 3
3 17.200000000000006 10.000000000000004 11.861075694444448 -0 -0 1 1 0 0 -0 1 0 14.635303611111121
1.22375443016012
9 0 0 0 0 3 1 4 2 2 2 20.004336388888859 21.343322500000003 4.7225472544831462  20.004336388888859 21.343322500000031 42.229822361556181  
18.728586111111131 20.090679166666661 4.7225472544831213  18.728586111111131 20.090679166666689 42.229822361556181  
20.036015833333323 19.13966083333332 4.7225472544831213  20.036015833333323 19.139660833333345 42.229822361556181  
20.692641111111129 19.416132777777783 4.7225472544831213  20.692641111111129 19.416132777777783 42.229822361556181  

0 4
1 4

0 2
1.47666437429421 2

9 0 0 0 0 3 1 4 2 2 2 20.692641111111129 19.416132777777783 4.7225472544831213  20.692641111111129 19.416132777777783 42.229822361556181  
21.580124166666664 19.789583333333344 4.7225472544831213  21.580124166666664 19.789583333333344 42.229822361556181  
21.724798333333325 21.205527499999977 4.7225472544831213  21.724798333333325 21.205527500000002 42.229822361556181  
23.78911277777776 20.723209722222222 4.7225472544831213  23.78911277777776 20.723209722222247 42.229822361556181  

0 4
1 4

0 2
1.47666437429421 2

3 17.200000000000006 10.000000000000004 11.861075694444448 -0 -0 1 1 0 0 -0 1 0 14.635303611111121
1.22375443016012
9 0 0 0 0 2 1 3 2 2 2 26.060790000000033 16.800779444444444 4.7225472544831213  26.060790000000033 16.800779444444469 42.229822361556181  
26.121432500000033 15.9770786111111 4.7225472544831462  26.121432500000033 15.977078611111125 42.229822361556181  
26.266812222222228 13.290922777777785 4.7225472544831213  26.266812222222228 13.290922777777785 42.229822361556181  

0 3
1 3

0 2
1.47666437429421 2

9 0 0 0 0 2 1 3 2 2 2 26.266812222222228 13.290922777777785 4.7225472544831213  26.266812222222228 13.290922777777785 42.229822361556181  
26.336768055555645 11.619038333333346 4.7225472544831213  26.336768055555645 11.619038333333371 42.229822361556181  
27.780934444444423 11.707903055555541 4.7225472544831462  27.780934444444423 11.707903055555565 42.229822361556181  

0 3
1 3

0 2
1.47666437429421 2

3 17.200000000000006 10.000000000000004 11.861075694444448 -0 -0 1 1 0 0 -0 1 0 14.635303611111121
1.22375443016012
2 17.200000000000006 10.000000000000004 7.670816527777764 -0 -0 1 1 0 0 -0 1 0 9.086461944444439
7 17.200000000000006 10.000000000000004 10.686484444444448 -0 -0 1 
7 0 0  2 3 2  25.271520277777789 10.000000000000004 10.686484444444448  24.256613888888882 10.000000000000004 10.686484444444448  24.302757222222226 10.000000000000004 9.6722483333333251 
 -1 3 -0 3
7 17.200000000000006 10.000000000000004 10.686484444444448 -0 -0 1 
7 0 0  2 3 2  25.271520277777789 10.000000000000004 10.686484444444448  24.256613888888882 10.000000000000004 10.686484444444448  24.302757222222226 10.000000000000004 9.6722483333333251 
 -1 3 -0 3
2 17.200000000000006 10.000000000000004 8.0861241666666661 -0 -0 1 1 0 0 -0 1 0 7.1027572222222179
1 25.848241388888805 10.000000000000004 10.686484444444448 0 0 1 -1 0 0 0 -1 0 
2 17.200000000000006 10.000000000000004 7.670816527777764 -0 -0 1 1 0 0 -0 1 0 9.086461944444439
1 17.200000000000006 10.000000000000004 6.499999999999984 0 0 -1 1 0 0 0 -1 0 
3 17.200000000000006 10.000000000000004 11.861075694444448 -0 -0 1 1 0 0 -0 1 0 14.635303611111121
1.22375443016012
9 0 0 0 0 2 1 3 2 2 2 7.5478941666666657 6.8906166666666877 4.7225472544831213  7.5478941666666657 6.8906166666667135 42.229822361556181  
7.4014561111111057 8.7950874999999797 4.7225472544831213  7.4014561111111057 8.7950875000000046 42.229822361556181  
6.0337719444444469 8.6111138888888554 4.7225472544831462  6.0337719444444469 8.6111138888888821 42.229822361556181  

0 3
1 3

0 2
1.47666437429421 2

9 0 0 0 0 2 1 3 2 2 2 6.0337719444444469 8.6111138888888554 4.7225472544831462  6.0337719444444469 8.6111138888888821 42.229822361556181  
4.5299861111111053 8.4090427777777847 4.7225472544831213  4.5299861111111053 8.4090427777778096 42.229822361556181  
4.7952750000000082 6.6842769444444432 4.7225472544831462  4.7952750000000082 6.684276944444469 42.229822361556181  

0 3
1 3

0 2
1.47666437429421 2

1 4.829547361111131 5.6519433333333211 4.7225472544831462 -0.99944937097344377 -0.033180639848979995 1.7462693406426698e-17 0.033180639848979995 -0.99944937097344377 2.8888949165808534e-34 1.7453077940555263e-17 5.7942334071180207e-19 1 
9 0 0 0 0 2 1 3 2 2 2 4.8638197222222281 4.619609722222199 4.7225472544831462  4.8638197222222281 4.6196097222222239 42.229822361556181  
5.2300383333333249 1.1754050000000431 4.7225472544831213  5.2300383333333249 1.1754050000000633 42.229822361556181  
1.7670305555555645 0.83465694444447924 4.7225472544831213  1.7670305555555645 0.83465694444449967 42.229822361556181  

0 3
1 3

0 2
1.47666437429421 2

9 0 0 0 0 3 1 4 2 2 2 1.7670305555555645 0.83465694444447924 4.7225472544831213  1.7670305555555645 0.83465694444449967 42.229822361556181  
-1.1082494444444453 0.55183500000004049 4.7225472544831213  -1.1082494444444453 0.5518350000000608 42.229822361556181  
-1.8369119444444504 3.0309102777777852 4.7225472544831462  -1.8369119444444504 3.030910277777811 42.229822361556181  
-1.9492011111111112 4.963779722222224 4.7225472544831462  -1.9492011111111112 4.9637797222222497 42.229822361556181  

0 4
1 4

0 2
1.47666437429421 2

7 17.200000000000006 10.000000000000004 13.450815833333326 -0 -0 1 
7 0 0  2 3 2  0.49932925058484567 0.8754946418213343 13.450815833333326  0.13473134341229012 0.67629452540126911 13.589316388888886  0.3778172538409762 0.8091058792375756 14.281078333333326 
 -1 3 -0 3
1 17.200000000000006 10.000000000000004 6.499999999999984 0 0 -1 1 0 0 0 -1 0 
2 17.200000000000006 10.000000000000004 8.0861241666666661 -0 -0 1 1 0 0 -0 1 0 7.1027572222222179
3 17.200000000000006 10.000000000000004 11.861075694444448 -0 -0 1 1 0 0 -0 1 0 14.635303611111121
1.22375443016012
7 17.200000000000006 10.000000000000004 13.450815833333326 -0 -0 1 
7 0 0  2 3 2  36.230714497103754 10.030120450321899 13.450815833333326  36.646180365615876 10.030778019907874 13.589316388888886  36.369179601452139 10.030339602960504 14.281078333333326 
 -1 3 -0 3
9 0 0 0 0 3 1 4 2 2 2 36.314770000000031 15.35559000000003 4.7225472544831213  36.314770000000031 15.35559000000003 42.229822361556181  
36.589689722222225 13.015650277777759 4.7225472544831213  36.589689722222225 13.015650277777759 42.229822361556181  
36.727520000000034 7.6476777777777851 4.7225472544831462  36.727520000000034 7.6476777777777851 42.229822361556181  
34.04344555555565 3.0369427777777598 4.7225472544831213  34.04344555555565 3.0369427777777851 42.229822361556181  

0 4
1 4

0 2
1.47666437429421 2

9 0 0 0 0 2 1 3 2 2 2 34.04344555555565 3.0369427777777598 4.7225472544831213  34.04344555555565 3.0369427777777851 42.229822361556181  
31.359371111111003 -1.5739686111110944 4.7225472544831462  31.359371111111003 -1.5739686111110742 42.229822361556181  
28.125104444444421 -3.0880908333332862 4.7225472544831213  28.125104444444421 -3.0880908333332604 42.229822361556181  

0 3
1 3

0 2
1.47666437429421 2

1 21.139822222222225 -3.0880908333332862 4.7225472544831213 0 1 -5.2629164132781296e-16 -1 0 0 0 5.2629164132781296e-16 1 
9 0 0 0 0 2 1 3 2 2 2 14.154540000000008 -3.0880908333332862 4.7225472544831213  14.154540000000008 -3.0880908333332604 42.229822361556181  
12.847145555555542 -2.6063022222222143 4.7225472544831213  12.847145555555542 -2.606302222222189 42.229822361556181  
13.741825277777789 -1.4363499999999874 4.7225472544831462  13.741825277777789 -1.4363499999999669 42.229822361556181  

0 3
1 3

0 2
1.47666437429421 2

9 0 0 0 0 3 1 4 2 2 2 13.741825277777789 -1.4363499999999874 4.7225472544831462  13.741825277777789 -1.4363499999999669 42.229822361556181  
14.636187500000007 -0.26657416666662526 4.7225472544831462  14.636187500000007 -0.26657416666660494 42.229822361556181  
14.632377499999983 0.42487027777779313 4.7225472544831462  14.632377499999983 0.4248702777778135 42.229822361556181  
13.810722777777764 0.83465694444447924 4.7225472544831213  13.810722777777764 0.83465694444449967 42.229822361556181  

0 4
1 4

0 2
1.47666437429421 2

3 17.200000000000006 10.000000000000004 12.483781388888888 -0 -0 1 1 0 0 -0 1 0 14.197083055555559
1.2239356478261501
3 17.200000000000006 10.000000000000004 12.483781388888888 -0 -0 1 1 0 0 -0 1 0 14.197083055555559
1.2239356478261501
9 0 0 0 0 3 1 4 2 2 2 -2.0546111111111136 7.7124477777777605 4.7225472544831213  -2.0546111111111136 7.7124477777777853 42.229822361556181  
-2.0437808333333405 10.053057777777759 4.7225472544831213  -2.0437808333333405 10.053057777777786 42.229822361556181  
-1.7092416666666699 13.19860083333332 4.7225472544831213  -1.7092416666666699 13.19860083333332 42.229822361556181  
-0.090908888888897948 16.249916944444443 4.7225472544831213  -0.090908888888897948 16.249916944444443 42.229822361556181  

0 4
1 4

0 2
1.47666437429421 2

9 0 0 0 0 2 1 3 2 2 2 -0.090908888888897948 16.249916944444443 4.7225472544831213  -0.090908888888897948 16.249916944444443 42.229822361556181  
2.3175402777777814 20.792777499999978 4.7225472544831213  2.3175402777777814 20.792777500000003 42.229822361556181  
5.4832269444444472 23.13201166666666 4.7225472544831213  5.4832269444444472 23.132011666666685 42.229822361556181  

0 3
1 3

0 2
1.47666437429421 2

1 12.640594166666666 23.13201166666666 4.7225472544831213 0 -1 5.2629164132781296e-16 1 0 0 -0 5.2629164132781296e-16 1 
9 0 0 0 0 2 1 3 2 2 2 19.797961388888883 23.13201166666666 4.7225472544831213  19.797961388888883 23.132011666666685 42.229822361556181  
21.298995555555567 22.613886944444442 4.7225472544831462  21.298995555555567 22.613886944444467 42.229822361556181  
20.004336388888859 21.343322500000003 4.7225472544831462  20.004336388888859 21.343322500000031 42.229822361556181  

0 3
1 3

0 2
1.47666437429421 2

9 0 0 0 0 3 1 4 2 2 2 23.78911277777776 20.723209722222222 4.7225472544831213  23.78911277777776 20.723209722222247 42.229822361556181  
25.854097500000034 20.241562222222221 4.7225472544831213  25.854097500000034 20.241562222222246 42.229822361556181  
25.958131666666613 18.19157055555554 4.7225472544831213  25.958131666666613 18.191570555555565 42.229822361556181  
26.060790000000033 16.800779444444444 4.7225472544831213  26.060790000000033 16.800779444444469 42.229822361556181  

0 4
1 4

0 2
1.47666437429421 2

9 0 0 0 0 3 1 4 2 2 2 27.780934444444423 11.707903055555541 4.7225472544831462  27.780934444444423 11.707903055555565 42.229822361556181  
29.19550277777784 11.795427222222223 4.7225472544831462  29.19550277777784 11.79542722222225 42.229822361556181  
29.129674444444419 13.36394777777776 4.7225472544831213  29.129674444444419 13.363947777777785 42.229822361556181  
29.019431388888808 14.254535277777759 4.7225472544831213  29.019431388888808 14.254535277777784 42.229822361556181  

0 4
1 4

0 2
1.47666437429421 2

9 0 0 0 0 3 1 4 2 2 2 29.019431388888808 14.254535277777759 4.7225472544831213  29.019431388888808 14.254535277777784 42.229822361556181  
28.840290833333196 15.70455777777776 4.7225472544831213  28.840290833333196 15.704557777777786 42.229822361556181  
28.661150277777839 18.364184722222223 4.7225472544831462  28.661150277777839 18.364184722222248 42.229822361556181  
31.566063611111005 19.209263888888909 4.7225472544831213  31.566063611111005 19.209263888888934 42.229822361556181  

0 4
1 4

0 2
1.47666437429421 2

9 0 0 0 0 3 1 4 2 2 2 31.566063611111005 19.209263888888909 4.7225472544831213  31.566063611111005 19.209263888888934 42.229822361556181  
34.446846944444417 20.047287500000003 4.7225472544831462  34.446846944444417 20.047287500000003 42.229822361556181  
36.03918000000003 17.695494444444467 4.7225472544831213  36.03918000000003 17.695494444444492 42.229822361556181  
36.314770000000031 15.35559000000003 4.7225472544831213  36.314770000000031 15.35559000000003 42.229822361556181  

0 4
1 4

0 2
1.47666437429421 2

7 17.200000000000006 10.000000000000004 13.450815833333326 -0 -0 1 
7 0 0  2 3 2  36.2307383333332 10.000000000000004 13.450815833333326  36.64620472222223 10.000000000000004 13.589316388888886  36.369203611110997 10.000000000000004 14.281078333333326 
 -1 3 -0 3
2 10.000000000000004 10.000000000000004 6.499999999999984 -0 -0 1 -0.70710678118654802 0.70710678118654702 0 -0.70710678118654702 -0.70710678118654802 -0 10.000000000000004
2 10.000000000000004 10.000000000000004 6.499999999999984 -0 -0 1 -0.70710678118654802 0.70710678118654702 0 -0.70710678118654702 -0.70710678118654802 -0 10.000000000000004
1 2.8000000000000012 9.8698826889176454e-15 6.499999999999984 -0.70710678118654702 -0 -0.70710678118654802 0.70710678118654802 0 -0.70710678118654702 0 -1 0 
1 4.0000000000000018 9.8698826889176454e-15 5.2999999999999829 1.3877787807814501e-16 0 -1 1 0 1.3877787807814501e-16 0 -1 0 
1 6.0000000000000027 9.8698826889176454e-15 5.2999999999999829 0.70710678118654757 0 -0.70710678118654757 0.70710678118654757 0 0.70710678118654757 0 -1 0 
1 34.40000000000007 19.999999999999982 6.499999999999984 0 1 0 0 -0 1 1 0 -0 
1 17.200000000000006 10.000000000000004 -1.4099832412739481e-15 0 0 -1 1 0 0 0 -1 0 
2 24.399999999999988 10.000000000000004 6.499999999999984 -0 -0 1 0.70710678118654802 -0.70710678118654702 0 0.70710678118654702 0.70710678118654802 0 10.000000000000004
2 24.399999999999988 10.000000000000004 6.499999999999984 -0 -0 1 0.70710678118654802 -0.70710678118654702 0 0.70710678118654702 0.70710678118654802 0 10.000000000000004
1 30.400000000000063 9.8698826889176454e-15 5.2999999999999829 0.70710678118654802 0 -0.70710678118654702 0.70710678118654702 0 0.70710678118654802 0 -1 0 
1 28.399999999999938 9.8698826889176454e-15 5.2999999999999829 0 0 -1 1 0 0 0 -1 0 
1 27.19999999999991 9.8698826889176454e-15 6.499999999999984 -0.70710678118654802 -0 -0.70710678118654702 0.70710678118654702 0 -0.70710678118654802 0 -1 0 
1 0 7.0499162063697401e-15 6.499999999999984 0 -1 0 0 0 -1 1 0 0 
9 0 0 0 0 3 3 14 4 7 2 20.374999999999982 10.000000000000004 4.9124999999999837  20.904166666666669 10.000000000000004 5.4416666666666673  21.433333333333323 10.000000000000004 5.9708333333333252  21.962499999999981 10.000000000000004 6.499999999999984  
20.374999999999982 9.5925761190025849 4.9124999999999837  20.904166666666669 9.5261343816756821 5.4416666666666673  21.433333333333323 9.4596926443487792 5.9708333333333252  21.962499999999981 9.3932509070218781 6.499999999999984  
20.295541717267131 9.1830595485060709 4.9124999999999837  20.811438061619903 9.04721451791481 5.4416666666666673  21.327334405972699 8.9113694873235509 5.9708333333333252  21.843230750325496 8.7755244567322901 6.499999999999984  
19.993361080191974 8.4368088009263236 4.9124999999999837  20.458556930238949 8.1757562714542953 5.4416666666666673  20.923752780285927 7.9147037419822697 5.9708333333333252  21.388948630332905 7.6536512125102423 6.499999999999984  
19.765844123407287 8.0868504117937015 4.9124999999999837  20.193152732641369 7.7676546662148924 5.4416666666666673  20.620461341875451 7.4484589206360585 5.9708333333333252  21.047769951109533 7.1292631750572228 6.499999999999984  
19.471933460951508 7.7820004740572051 4.9124999999999837  19.850558288901862 7.4123089500363459 5.4416666666666673  20.229183116852241 7.0426174260154886 5.9708333333333252  20.607807944802591 6.6729259019946303 6.499999999999984  
19.457745205454643 7.7675608529668576 4.9124999999999837  19.834019974578862 7.3954776363770964 5.4416666666666673  20.210294743703052 7.0233944197873344 5.9708333333333252  20.586569512827268 6.6513112031975714 6.499999999999984  
19.163968193193128 7.4742185947399227 4.9124999999999837  19.491583398186226 7.0535478242204599 5.4416666666666673  19.819198603179295 6.632877053701022 5.9708333333333252  20.146813808172389 6.2122062831815583 6.499999999999984  
18.82675385576745 7.244563733403524 4.9124999999999837  19.098415979926902 6.7857070472048129 5.4416666666666673  19.37007810408635 6.3268503610061018 5.9708333333333252  19.641740228245801 5.8679936748074155 6.499999999999984  
18.270998880614879 7.0024888774169431 4.9124999999999837  18.449492467259326 6.5030499898709087 5.4416666666666673  18.627986053903772 6.003611102324875 5.9708333333333252  18.806479640548197 5.5041722147788414 6.499999999999984  
18.065742110778821 6.9369535513664182 4.9124999999999837  18.209679277267082 6.426482205689994 5.4416666666666673  18.353616443755342 5.9160108600135688 5.9708333333333252  18.497553610243607 5.4055395143371436 6.499999999999984  
17.642134929858681 6.8478662083907622 4.9124999999999837  17.715068070185708 6.322462254590155 5.4416666666666673  17.788001210512711 5.7970583007895211 5.9708333333333252  17.860934350839738 5.2716543469888881 6.499999999999984  
17.421306108616015 6.8250000000000046 4.9124999999999837  17.457396193226455 6.2958333333333467 5.4416666666666673  17.493486277836869 5.7666666666666631 5.9708333333333252  17.529576362447312 5.2375000000000043 6.499999999999984  
17.199999999999982 6.8250000000000046 4.9124999999999837  17.199999999999982 6.2958333333333467 5.4416666666666673  17.199999999999982 5.7666666666666631 5.9708333333333252  17.199999999999982 5.2375000000000043 6.499999999999984  

-7.4438049391122698 4
-5.6235576601778998 2
-3.81272433055836 2
-3.72190246955613 2
-1.95163620465445 2
-0.98872908734193699 2
-0 4

0 4
1 4

9 0 0 0 0 3 3 23 4 11 2 28.199999999999978 6.8250000000000046 4.9124999999999837  28.199999999999978 6.2958333333333467 5.4416666666666673  28.199999999999978 5.7666666666666631 5.9708333333333252  28.199999999999978 5.2375000000000043 6.499999999999984  
26.95897435897443 6.8250000000000046 4.9124999999999837  26.95897435897443 6.2958333333333467 5.4416666666666673  26.95897435897443 5.7666666666666631 5.9708333333333252  26.95897435897443 5.2375000000000043 6.499999999999984  
25.717948717948637 6.8250000000000046 4.9124999999999837  25.717948717948637 6.2958333333333467 5.4416666666666673  25.717948717948637 5.7666666666666631 5.9708333333333252  25.717948717948637 5.2375000000000043 6.499999999999984  
23.273504273504276 6.8250000000000046 4.9124999999999837  23.273504273504276 6.2958333333333467 5.4416666666666673  23.273504273504276 5.7666666666666631 5.9708333333333252  23.273504273504276 5.2375000000000043 6.499999999999984  
22.070085470085456 6.8250000000000046 4.9124999999999837  22.070085470085456 6.2958333333333467 5.4416666666666673  22.070085470085456 5.7666666666666631 5.9708333333333252  22.070085470085456 5.2375000000000043 6.499999999999984  
20.114529914529918 6.8250000000000046 4.9124999999999837  20.114529914529918 6.2958333333333467 5.4416666666666673  20.114529914529918 5.7666666666666631 5.9708333333333252  20.114529914529918 5.2375000000000043 6.499999999999984  
19.362393162393147 6.8250000000000046 4.9124999999999837  19.362393162393147 6.2958333333333467 5.4416666666666673  19.362393162393147 5.7666666666666631 5.9708333333333252  19.362393162393147 5.2375000000000043 6.499999999999984  
18.140170940170929 6.8250000000000046 4.9124999999999837  18.140170940170929 6.2958333333333467 5.4416666666666673  18.140170940170929 5.7666666666666631 5.9708333333333252  18.140170940170929 5.2375000000000043 6.499999999999984  
17.670085470085457 6.8250000000000046 4.9124999999999837  17.670085470085457 6.2958333333333467 5.4416666666666673  17.670085470085457 5.7666666666666631 5.9708333333333252  17.670085470085457 5.2375000000000043 6.499999999999984  
17.199999999999982 6.8250000000000046 4.9124999999999837  17.199999999999982 6.2958333333333467 5.4416666666666673  17.199999999999982 5.7666666666666631 5.9708333333333252  17.199999999999982 5.2375000000000043 6.499999999999984  
17.185604029601606 6.8250000000000046 4.9124999999999837  17.183256368287719 6.2958333333333467 5.4416666666666673  17.180908706973806 5.7666666666666631 5.9708333333333252  17.178561045659919 5.2375000000000043 6.499999999999984  
17.171214921485493 6.8250958059875648 4.9124999999999837  17.166517152563703 6.2959447638075892 5.4416666666666673  17.161819383641888 5.7667937216275895 5.9708333333333252  17.157121614720069 5.2376426794476147 6.499999999999984  
16.736859202079696 6.8308830623738102 4.9124999999999837  16.661118635754807 6.3026785781982264 5.4416666666666673  16.585378069429893 5.7744740940226684 5.9708333333333252  16.509637503105004 5.2462696098470847 6.499999999999984  
16.315135863307308 6.9214126057799961 4.9124999999999837  16.167846499112155 6.4083818333326965 5.4416666666666673  16.020557134916999 5.8953510608853712 5.9708333333333252  15.873267770721844 5.3823202884380716 6.499999999999984  
15.572329962844636 7.2449628022152153 4.9124999999999837  15.30051424711368 6.7861730171855719 5.4416666666666673  15.028698531382727 6.3273832321559276 5.9708333333333252  14.756882815651769 5.868593447126309 6.499999999999984  
15.234322994299575 7.4753989115919852 4.9124999999999837  14.906424748261211 7.0549236450853483 5.4416666666666673  14.578526502222843 6.6344483785786856 5.9708333333333252  14.250628256184479 6.2139731120720239 6.499999999999984  
14.940847387982647 7.7689938656559452 4.9124999999999837  14.564339504153818 7.3971480050248202 5.4416666666666673  14.187831620324964 7.0253021443937218 5.9708333333333252  13.811323736496139 6.6534562837626217 6.499999999999984  
14.927370154932365 7.782722777401597 4.9124999999999837  14.548629976923863 7.4131508967367781 5.4416666666666673  14.169889798915385 7.0435790160719849 5.9708333333333252  13.791149620906882 6.6740071354071917 6.499999999999984  
14.6341558765927 8.0868504117937015 4.9124999999999837  14.206847267358619 7.7676546662148667 5.4416666666666673  13.779538658124537 7.4484589206360585 5.9708333333333252  13.352230048890453 7.1292631750572228 6.499999999999984  
14.406638919808017 8.4368088009263236 4.9124999999999837  13.941443069761041 8.1757562714542953 5.4416666666666673  13.476247219714065 7.9147037419822697 5.9708333333333252  13.011051369667085 7.6536512125102423 6.499999999999984  
14.104458282732859 9.1830595485060709 4.9124999999999837  13.58856193838006 9.04721451791481 5.4416666666666673  13.07266559402729 8.9113694873235509 5.9708333333333252  12.556769249674494 8.7755244567322901 6.499999999999984  
14.024999999999983 9.5925761190025849 4.9124999999999837  13.495833333333323 9.5261343816756821 5.4416666666666673  12.966666666666667 9.4596926443487792 5.9708333333333252  12.437499999999982 9.3932509070218781 6.499999999999984  
14.024999999999983 10.000000000000004 4.9124999999999837  13.495833333333323 10.000000000000004 5.4416666666666673  12.966666666666667 10.000000000000004 5.9708333333333252  12.437499999999982 10.000000000000004 6.499999999999984  

-18.434793476526899 4
-14.7117165534499 2
-11.101460143193499 2
-8.8450498867832597 2
-7.4347934765268597 3
-7.37047661350661 2
-5.4921687344578096 2
-3.7173967382634299 2
-3.6310806085539098 2
-1.82024727893437 2
-0 4

0 4
1 4

9 0 0 0 0 3 3 19 4 9 2 14.024999999999983 -0.99999999999999534 4.9124999999999837  13.495833333333323 -0.99999999999999534 5.4416666666666673  12.966666666666667 -0.99999999999999534 5.9708333333333252  12.437499999999982 -0.99999999999999534 6.499999999999984  
14.024999999999983 2.5520833333333357 4.9124999999999837  13.495833333333323 2.5520833333333357 5.4416666666666673  12.966666666666667 2.5520833333333357 5.9708333333333252  12.437499999999982 2.5520833333333357 6.499999999999984  
14.024999999999983 6.104166666666659 4.9124999999999837  13.495833333333323 6.104166666666659 5.4416666666666673  12.966666666666667 6.104166666666659 5.9708333333333252  12.437499999999982 6.104166666666659 6.499999999999984  
14.024999999999983 9.770833333333341 4.9124999999999837  13.495833333333323 9.770833333333341 5.4416666666666673  12.966666666666667 9.770833333333341 5.9708333333333252  12.437499999999982 9.770833333333341 6.499999999999984  
14.024999999999983 9.923058827933076 4.9124999999999837  13.495833333333323 9.9105114408442585 5.4416666666666673  12.966666666666667 9.8979640537554641 5.9708333333333252  12.437499999999982 9.8854166666666714 6.499999999999984  
14.024999999999983 10.414965762838497 4.9124999999999837  13.495833333333323 10.482637412685529 5.4416666666666673  12.966666666666667 10.550309062532561 5.9708333333333252  12.437499999999982 10.617980712379568 6.499999999999984  
14.10753862557762 10.832260276860604 4.9124999999999837  13.592164599463574 10.970688982164056 5.4416666666666673  13.076790573349502 11.109117687467535 5.9708333333333252  12.561416547235455 11.247546392770985 6.499999999999984  
14.422400446968643 11.593923285261054 4.9124999999999837  13.959843270766205 11.860118007480068 5.4416666666666673  13.497286094563762 12.12631272969911 5.9708333333333252  13.034728918361321 12.392507451918126 6.499999999999984  
14.661591441323266 11.951755816323288 4.9124999999999837  14.238829183876293 12.277348235632067 5.4416666666666673  13.816066926429349 12.602940654940872 5.9708333333333252  13.393304668982376 12.928533074249676 6.499999999999984  
15.248244183676725 12.538408558676721 4.9124999999999837  14.92265176436792 12.961170816123694 5.4416666666666673  14.597059345059115 13.383933073570663 5.9708333333333252  14.27146692575031 13.806695331017611 6.499999999999984  
15.606076714738933 12.777599553031369 4.9124999999999837  15.339881992519919 13.240156729233808 5.4416666666666673  15.073687270300901 13.70271390543625 5.9708333333333252  14.807492548081861 14.165271081638666 6.499999999999984  
16.367739723139387 13.092461374422392 4.9124999999999837  16.229311017835933 13.607835400536437 5.4416666666666673  16.090882312532479 14.123209426650485 5.9708333333333252  15.952453607229025 14.63858345276453 6.499999999999984  
16.78503423716149 13.175000000000004 4.9124999999999837  16.717362587314483 13.704166666666664 5.4416666666666673  16.649690937467451 14.23333333333332 5.9708333333333252  16.582019287620422 14.762500000000005 6.499999999999984  
17.199999999999982 13.175000000000004 4.9124999999999837  17.199999999999982 13.704166666666664 5.4416666666666673  17.199999999999982 14.23333333333332 5.9708333333333252  17.199999999999982 14.762500000000005 6.499999999999984  
19.033333333333321 13.175000000000004 4.9124999999999837  19.033333333333321 13.704166666666664 5.4416666666666673  19.033333333333321 14.23333333333332 5.9708333333333252  19.033333333333321 14.762500000000005 6.499999999999984  
20.866666666666664 13.175000000000004 4.9124999999999837  20.866666666666664 13.704166666666664 5.4416666666666673  20.866666666666664 14.23333333333332 5.9708333333333252  20.866666666666664 14.762500000000005 6.499999999999984  
24.533333333333317 13.175000000000004 4.9124999999999837  24.533333333333317 13.704166666666664 5.4416666666666673  24.533333333333317 14.23333333333332 5.9708333333333252  24.533333333333317 14.762500000000005 6.499999999999984  
26.36666666666661 13.175000000000004 4.9124999999999837  26.36666666666661 13.704166666666664 5.4416666666666673  26.36666666666661 14.23333333333332 5.9708333333333252  26.36666666666661 14.762500000000005 6.499999999999984  
28.199999999999978 13.175000000000004 4.9124999999999837  28.199999999999978 13.704166666666664 5.4416666666666673  28.199999999999978 14.23333333333332 5.9708333333333252  28.199999999999978 14.762500000000005 6.499999999999984  

-18.433611194733601 4
-7.7773611947335803 2
-7.4336111947335803 2
-5.5796690575948604 2
-3.7168055973667902 2
-1.8539421371387199 2
-0 3
5.5 2
11 4

0 4
1 4

9 0 0 0 0 3 3 23 4 11 2 17.199999999999982 13.175000000000004 4.9124999999999837  17.199999999999982 13.704166666666664 5.4416666666666673  17.199999999999982 14.23333333333332 5.9708333333333252  17.199999999999982 14.762500000000005 6.499999999999984  
17.607423880997402 13.175000000000004 4.9124999999999837  17.673865618324303 13.704166666666664 5.4416666666666673  17.740307355651208 14.23333333333332 5.9708333333333252  17.806749092978112 14.762500000000005 6.499999999999984  
18.016940451493916 13.095541717267128 4.9124999999999837  18.1527854820852 13.611438061619925 5.4416666666666673  18.288630512676463 14.127334405972723 5.9708333333333252  18.424475543267722 14.643230750325493 6.499999999999984  
18.763191199073688 12.793361080191969 4.9124999999999837  19.024243728545716 13.258556930238946 5.4416666666666673  19.285296258017745 13.723752780285922 5.9708333333333252  19.546348787489773 14.1889486303329 6.499999999999984  
19.113149588206312 12.565844123407285 4.9124999999999837  19.432345333785118 12.993152732641368 5.4416666666666673  19.751541079363953 13.42046134187545 5.9708333333333252  20.070736824942788 13.847769951109555 6.499999999999984  
19.417277222598415 12.272629845067621 4.9124999999999837  19.786849103263208 12.651370023076124 5.4416666666666673  20.15642098392803 13.030110201084602 5.9708333333333252  20.525992864592823 13.408850379093105 6.499999999999984  
19.431006134344067 12.259152612017342 4.9124999999999837  19.802851994975168 12.635660495846169 5.4416666666666673  20.174697855606293 13.012168379675023 5.9708333333333252  20.546543716237391 13.388676263503848 6.499999999999984  
19.724601088408001 11.96567700570041 4.9124999999999837  20.145076354914664 12.293575251738776 5.4416666666666673  20.565551621421328 12.621473497777142 5.9708333333333252  20.986026887927963 12.949371743815508 6.499999999999984  
19.955037197784797 11.627670037155349 4.9124999999999837  20.413826982814417 11.899485752886306 5.4416666666666673  20.872616767844061 12.171301468617262 5.9708333333333252  21.331406552873705 12.443117184348218 6.499999999999984  
20.278587394220015 10.884864136692702 4.9124999999999837  20.791618166667316 11.032153500887834 5.4416666666666673  21.304648939114614 11.179442865082988 5.9708333333333252  21.81767971156194 11.326732229278143 6.499999999999984  
20.369116937626202 10.463140797920289 4.9124999999999837  20.89732142180176 10.538881364245205 5.4416666666666673  21.425525905977345 10.614621930570094 5.9708333333333252  21.953730390152902 10.690362496895007 6.499999999999984  
20.374904194012423 10.028785078514492 4.9124999999999837  20.904055236192423 10.033482847436309 5.4416666666666673  21.433206278372399 10.038180616358099 5.9708333333333252  21.962357320552371 10.042878385279918 6.499999999999984  
20.374999999999982 10.014395970398381 4.9124999999999837  20.904166666666669 10.016743631712293 5.4416666666666673  21.433333333333323 10.019091293026181 5.9708333333333252  21.962499999999981 10.021438954340068 6.499999999999984  
20.374999999999982 10.000000000000004 4.9124999999999837  20.904166666666669 10.000000000000004 5.4416666666666673  21.433333333333323 10.000000000000004 5.9708333333333252  21.962499999999981 10.000000000000004 6.499999999999984  
20.374999999999982 9.5299145299145316 4.9124999999999837  20.904166666666669 9.5299145299145316 5.4416666666666673  21.433333333333323 9.5299145299145316 5.9708333333333252  21.962499999999981 9.5299145299145316 6.499999999999984  
20.374999999999982 9.0598290598290596 4.9124999999999837  20.904166666666669 9.0598290598290596 5.4416666666666673  21.433333333333323 9.0598290598290596 5.9708333333333252  21.962499999999981 9.0598290598290596 6.499999999999984  
20.374999999999982 7.8376068376068408 4.9124999999999837  20.904166666666669 7.8376068376068408 5.4416666666666673  21.433333333333323 7.8376068376068408 5.9708333333333252  21.962499999999981 7.8376068376068408 6.499999999999984  
20.374999999999982 7.0854700854700949 4.9124999999999837  20.904166666666669 7.0854700854700949 5.4416666666666673  21.433333333333323 7.0854700854700949 5.9708333333333252  21.962499999999981 7.0854700854700949 6.499999999999984  
20.374999999999982 5.1299145299145295 4.9124999999999837  20.904166666666669 5.1299145299145295 5.4416666666666673  21.433333333333323 5.1299145299145295 5.9708333333333252  21.962499999999981 5.1299145299145295 6.499999999999984  
20.374999999999982 3.9264957264957361 4.9124999999999837  20.904166666666669 3.9264957264957361 5.4416666666666673  21.433333333333323 3.9264957264957361 5.9708333333333252  21.962499999999981 3.9264957264957361 6.499999999999984  
20.374999999999982 1.4820512820512917 4.9124999999999837  20.904166666666669 1.4820512820512892 5.4416666666666673  21.433333333333323 1.4820512820512892 5.9708333333333252  21.962499999999981 1.4820512820512866 6.499999999999984  
20.374999999999982 0.24102564102565147 4.9124999999999837  20.904166666666669 0.24102564102565147 5.4416666666666673  21.433333333333323 0.24102564102565147 5.9708333333333252  21.962499999999981 0.24102564102565147 6.499999999999984  
20.374999999999982 -0.99999999999999023 4.9124999999999837  20.904166666666669 -0.99999999999999023 5.4416666666666673  21.433333333333323 -0.99999999999999023 5.9708333333333252  21.962499999999981 -0.99999999999999023 6.499999999999984  

-7.43479347652685 4
-5.6145461975924702 2
-3.80371286797293 2
-3.7173967382634299 2
-1.9426247420690299 2
-0.064316863020235093 2
-0 3
1.4102564102564099 2
3.6666666666666701 2
7.2769230769230804 2
11 4

0 4
1 4

9 0 0 0 0 3 1 4 2 2 2 20.374999999999982 10.000000000000004 8.4591865856919508  20.374999999999982 10.000000000000004 -1.8677187272194027  
20.374999999999982 8.2464475000000057 8.4591865856919508  20.374999999999982 8.2464475000000057 -1.8677187272194027  
18.953552500000008 6.8250000000000046 8.4591865856919508  18.953552500000008 6.8250000000000046 -1.8677187272194027  
17.199999999999982 6.8250000000000046 8.4591865856919508  17.199999999999982 6.8250000000000046 -1.8677187272194027  

0 4
1 4

0 2
0.40657107531147102 2

9 0 0 0 0 3 1 4 2 2 2 17.199999999999982 13.175000000000004 8.4591865856919508  17.199999999999982 13.175000000000004 -1.8677187272194027  
18.953552500000008 13.175000000000004 8.4591865856919508  18.953552500000008 13.175000000000004 -1.8677187272194027  
20.374999999999982 11.753552500000005 8.4591865856919508  20.374999999999982 11.753552500000005 -1.8677187272194027  
20.374999999999982 10.000000000000004 8.4591865856919508  20.374999999999982 10.000000000000004 -1.8677187272194027  

0 4
1 4

0 2
0.40657107531147102 2

9 0 0 0 0 3 1 4 2 2 2 17.199999999999982 6.8250000000000046 8.4591865856919508  17.199999999999982 6.8250000000000046 -1.8677187272194027  
15.446447499999984 6.8250000000000046 8.4591865856919508  15.446447499999984 6.8250000000000046 -1.8677187272194027  
14.024999999999983 8.2464475000000057 8.4591865856919508  14.024999999999983 8.2464475000000057 -1.8677187272194027  
14.024999999999983 10.000000000000004 8.4591865856919508  14.024999999999983 10.000000000000004 -1.8677187272194027  

0 4
1 4

0 2
0.40657107531147102 2

9 0 0 0 0 3 1 4 2 2 2 14.024999999999983 10.000000000000004 8.4591865856919508  14.024999999999983 10.000000000000004 -1.8677187272194027  
14.024999999999983 11.753552500000005 8.4591865856919508  14.024999999999983 11.753552500000005 -1.8677187272194027  
15.446447499999984 13.175000000000004 8.4591865856919508  15.446447499999984 13.175000000000004 -1.8677187272194027  
17.199999999999982 13.175000000000004 8.4591865856919508  17.199999999999982 13.175000000000004 -1.8677187272194027  

0 4
1 4

0 2
0.40657107531147102 2

1 17.200000000000006 10.000000000000004 6.499999999999984 0 0 -1 1 0 0 0 -1 0 
1 17.200000000000006 10.000000000000004 6.499999999999984 0 0 -1 1 0 0 0 -1 0 
1 34.40000000000007 7.0499162063697401e-15 6.499999999999984 1 0 -0 0 0 1 0 -1 0 
1 0 19.999999999999982 6.499999999999984 -1 0 0 0 0 -1 -0 -1 -0 
1 7.7544279166666668 5.135864722222224 4.7225472544831213 0.99314453813119519 0.11689279866687703 -6.1519702869792407e-17 -0.11689279866687703 0.99314453813119519 -6.1629758220391547e-33 6.1097956892588339e-17 7.1912102416047473e-18 1 
9 0 0 0 0 2 1 3 2 2 2 9.1309138888888857 -0.19781777777773926 4.7225472544831213  9.1309138888888857 -0.19781777777771947 42.229822361556181  
8.1125502777777641 0.74113555555559152 4.7225472544831213  8.1125502777777641 0.74113555555560939 42.229822361556181  
7.960961666666666 3.3811127777777599 4.7225472544831213  7.960961666666666 3.3811127777777856 42.229822361556181  

0 3
1 3

0 2
1.47666437429421 2

3 17.200000000000006 10.000000000000004 11.861075694444448 -0 -0 1 1 0 0 -0 1 0 14.635303611111121
1.22375443016012
9 0 0 0 0 2 1 3 2 2 2 12.158805555555569 -0.19781777777773926 4.7225472544831213  12.158805555555569 -0.19781777777771947 42.229822361556181  
11.213114166666667 -2.1167524999999694 4.7225472544831462  11.213114166666667 -2.116752499999949 42.229822361556181  
9.1309138888888857 -0.19781777777773926 4.7225472544831213  9.1309138888888857 -0.19781777777771947 42.229822361556181  

0 3
1 3

0 2
1.47666437429421 2

9 0 0 0 0 2 1 3 2 2 2 13.810722777777764 0.83465694444447924 4.7225472544831213  13.810722777777764 0.83465694444449967 42.229822361556181  
12.889514166666666 1.2939030555555482 4.7225472544831462  12.889514166666666 1.2939030555555688 42.229822361556181  
12.158805555555569 -0.19781777777773926 4.7225472544831213  12.158805555555569 -0.19781777777771947 42.229822361556181  

0 3
1 3

0 2
1.47666437429421 2

Triangulations 0

TShapes 475
Ve
1.85173897836985e-07
6.9601311111111 10 10.2713355555555
0 0

0101101
*
Ve
1e-07
8.11353805555554 10 8.84163305555554
0 0

0101101
*
Ed
 1e-07 1 1 0
1  1 0 0 1
2  1 1 0 0 1
2  2 2 0 0 1
4 C2 1 0 2 0
0

0101000
+475 0 -474 0 *
Ve
3.88687915470348e-05
19.5334966917314 19.9704417179638 10.2713355555555
0 0

0101101
*
Ed
 1.85173897836985e-07 1 1 0
1  2 0 3.14159265358979 4.94229236783715
2  3 1 0 3.14159265358979 4.94229236783715
2  4 3 0 3.14159265358979 4.94229236783715
4 C0 1 0 3 0
0

0101000
-472 0 +475 0 *
Ve
2.08974651425681e-05
20.6926411111111 19.4161327777778 10.1774222154118
0 0

0101101
*
Ed
 2.08974651425681e-05 1 1 0
1  3 0 -0.0567287106266177 0
2  5 1 0 -0.0567287106266177 0
2  6 4 0 -0.0567287106266177 0
4 C0 1 0 4 0
0

0101000
+472 0 -470 0 *
Ve
5.62204326761916e-05
20.9176325381734 19.5411803867629 10.2713355555555
0 0

0101101
*
Ed
 9.42678691068759e-06 1 1 0
1  4 0 -0.0108594976460361 -0
2  7 1 0 -0.0108594976460361 -0
2  8 5 0 -0.0108594976460361 -0
4 C0 1 0 5 0
0

0101000
+470 0 -468 0 *
Ve
0.000211437785122079
26.1763097432367 14.9275529682702 10.2713355555555
0 0

0101101
*
Ed
 1e-07 1 1 0
1  5 0 5.0839331813598 5.78114793354961
2  9 1 0 5.0839331813598 5.78114793354961
2  10 6 0 5.0839331813598 5.78114793354961
4 C0 1 0 6 0
0

0101000
+468 0 -466 0 *
Ve
0.000125432075470377
26.2668122222222 13.2909227777778 9.92492087450019
0 0

0101101
*
Ed
 0.000120366205739377 1 1 0
1  6 0 -0.0715172110209689 -0
2  11 1 0 -0.0715172110209689 -0
2  12 7 0 -0.0715172110209689 -0
4 C0 1 0 7 0
0

0101000
+466 0 -464 0 *
Ve
0.000125432075470377
27.2916978427227 11.7356697591482 10.2713355555555
0 0

0101101
*
Ed
 0.000125432075470377 1 1 0
1  7 0 -0.083258349404462 -0
2  13 1 0 -0.083258349404462 -0
2  14 8 0 -0.083258349404462 -0
4 C0 1 0 8 0
0

0101000
+464 0 -462 0 *
Ve
1e-07
27.4398688888888 10 10.2713355555555
0 0

0101101
*
Ed
 1e-07 1 1 0
1  8 0 6.11286181397966 6.28318530717959
2  15 1 0 6.11286181397966 6.28318530717959
2  16 9 0 6.11286181397966 6.28318530717959
4 C0 1 0 9 0
0

0101000
+462 0 -460 0 *
Ve
1e-07
26.2864619444444 10 8.84163305555554
0 0

0101101
*
Ed
 1e-07 1 1 0
1  9 0 0 1
2  17 1 0 0 1
2  18 2 0 0 1
4 C2 1 0 2 0
0

0101000
+460 0 -458 0 *
Ed
 1e-07 1 1 0
1  10 0 3.14159265358979 6.28318530717959
2  19 1 0 3.14159265358979 6.28318530717959
2  20 10 0 3.14159265358979 6.28318530717959
4 G1 1 0 10 0
0

0101000
+474 0 -458 0 *
Wi

0101100
-473 0 +471 0 +469 0 +467 0 +465 0 +463 0 +461 0 +459 0 +457 0 -456 0 
*
Fa
0  1e-07 1 0

0101000
+455 0 *
Ve
1e-07
10.0972427777778 10 9.67224833333333
0 0

0101101
*
Ve
1e-07
9.1284797222222 10 10.6864844444444
0 0

0101101
*
Ed
 1e-07 1 1 0
1  11 0 0 1
2  21 11 0 0 1
2  22 12 0 0 1
4 C2 11 0 12 0
0

0101000
+453 0 -452 0 *
Ve
1e-07
24.3027572222222 10 9.67224833333333
0 0

0101101
*
Ed
 1e-07 1 1 0
1  12 0 3.14159265358979 6.28318530717959
2  23 11 0 3.14159265358979 6.28318530717959
2  24 13 0 3.14159265358979 6.28318530717959
4 C0 11 0 13 0
0

0101000
+453 0 -450 0 *
Ve
1e-07
25.2715202777778 10 10.6864844444444
0 0

0101101
*
Ed
 1e-07 1 1 0
1  13 0 0 1
2  25 11 0 0 1
2  26 12 0 0 1
4 C2 11 0 12 0
0

0101000
+450 0 -448 0 *
Ed
 1e-07 1 1 0
1  14 0 3.14159265358979 6.28318530717959
2  27 11 0 3.14159265358979 6.28318530717959
4 G1 11 0 14 0
0

0101000
+452 0 -448 0 *
Wi

0101100
-451 0 +449 0 +447 0 -446 0 *
Fa
0  1e-07 11 0

0111000
+445 0 *
Ve
1e-07
26.2864619444444 10 6.49999999999998
0 0

0101101
*
Ed
 1e-07 1 1 0
1  15 0 -1.17081652777778 1.17081652777778
2  28 15 0 -1.17081652777778 1.17081652777778
2  29 10 0 -1.17081652777778 1.17081652777778
4 CN 15 0 10 0
0

0101000
+458 0 -443 0 *
Ed
 1e-07 1 1 0
1  16 0 0 3.14159265358979
2  30 15 0 0 3.14159265358979
2  31 2 0 0 3.14159265358979
4 G1 15 0 2 0
0

0101000
+458 0 -474 0 *
Ve
1e-07
8.11353805555554 10 6.49999999999998
0 0

0101101
*
Ed
 1e-07 1 1 0
1  17 0 -1.17081652777778 1.17081652777778
2  32 15 0 -1.17081652777778 1.17081652777778
2  33 10 0 -1.17081652777778 1.17081652777778
4 CN 15 0 10 0
0

0101000
+440 0 -474 0 *
Ed
 1e-07 1 1 0
1  18 0 0 3.14159265358979
2  34 15 0 0 3.14159265358979
4 C0 15 0 16 0
0

0101000
+443 0 -440 0 *
Wi

0101100
-442 0 +441 0 -439 0 -438 0 *
Fa
0  1e-07 15 0

0111000
+437 0 *
Ve
1e-07
-1.83073833333333 10 13.4508158333333
0 0

0101101
*
Ed
 1e-07 1 1 0
1  19 0 -4.67409029721412 4.67409029721411
2  35 17 0 -4.67409029721412 4.67409029721411
2  36 3 0 -4.67409029721412 4.67409029721411
4 CN 17 0 3 0
0

0101000
+475 0 -435 0 *
Ve
3.20612293960905e-05
7.10946828609534 8.25756360451261 10.2713355555555
0 0

0101101
*
Ed
 1e-07 1 1 0
1  20 0 2.97059860651804 3.14159265358979
2  37 17 0 2.97059860651804 3.14159265358979
2  38 2 0 2.97059860651804 3.14159265358979
4 C0 17 0 2 0
0

0101000
+433 0 -475 0 *
Ve
1.97442135090728e-05
6.03377194444445 8.61111388888886 10.6375018108548
0 0

0101101
*
Ed
 4.5439490269002e-06 1 1 0
1  21 0 0.0568351495326957 0.105978094130622
2  39 17 0 0.0568351495326957 0.105978094130622
2  40 18 0 0.0568351495326957 0.105978094130622
4 C0 17 0 18 0
0

0101000
+433 0 -431 0 *
Ve
1.97442135090728e-05
4.79527500000001 6.68427694444444 11.2118297428356
0 0

0101101
*
Ed
 1.97442135090728e-05 1 1 0
1  22 0 0 0.106785870757213
2  41 17 0 0 0.106785870757213
2  42 19 0 0 0.106785870757213
4 C0 17 0 19 0
0

0101000
+431 0 -429 0 *
Ve
0.000154694029439243
4.86381972222223 4.61960972222222 11.4354323655731
0 0

0101101
*
Ed
 1e-07 1 1 0
1  23 0 0.716351641706675 0.813032816875124
2  43 17 0 0.716351641706675 0.813032816875124
4 C0 17 0 20 0
0

0101000
+429 0 -427 0 *
Ve
0.000154694029439243
1.76703055555557 0.834656944444484 13.0597084758509
0 0

0101101
*
Ed
 0.000154694029439243 1 1 0
1  24 0 0 0.23175576529701
2  44 17 0 0 0.23175576529701
2  45 21 0 0 0.23175576529701
4 C0 17 0 21 0
0

0101000
+427 0 -425 0 *
Ve
0.000169034796016542
0.47844544311876 0.913822876861434 13.4508158333333
0 0

0101101
*
Ed
 4.73993353457863e-05 1 1 0
1  25 0 0 0.0532994546123019
2  46 17 0 0 0.0532994546123019
2  47 22 0 0 0.0532994546123019
4 C0 17 0 22 0
0

0101000
+425 0 -423 0 *
Ed
 1e-07 1 1 0
1  26 0 2.64384531124945 3.14159265358979
2  48 17 0 2.64384531124945 3.14159265358979
2  49 23 0 2.64384531124945 3.14159265358979
4 C0 17 0 23 0
0

0101000
+423 0 -435 0 *
Wi

0101100
-434 0 -432 0 +430 0 +428 0 +426 0 +424 0 +422 0 +421 0 *
Fa
0  1e-07 17 0

0101000
+420 0 *
Ve
1e-07
10.0972427777778 10 6.49999999999998
0 0

0101101
*
Ve
1e-07
24.3027572222222 10 6.49999999999998
0 0

0101101
*
Ed
 1e-07 1 1 0
1  27 0 3.14159265358979 6.28318530717959
2  50 13 0 3.14159265358979 6.28318530717959
4 C0 13 0 24 0
0

0101000
+418 0 -417 0 *
Ed
 1e-07 1 1 0
1  28 0 -1.58612416666668 1.58612416666666
2  51 13 0 -1.58612416666668 1.58612416666666
2  52 25 0 -1.58612416666668 1.58612416666666
4 CN 13 0 25 0
0

0101000
+418 0 -453 0 *
Ed
 1e-07 1 1 0
1  29 0 -1.58612416666666 1.58612416666668
2  53 13 0 -1.58612416666666 1.58612416666668
2  54 25 0 -1.58612416666666 1.58612416666668
4 CN 13 0 25 0
0

0101000
+450 0 -417 0 *
Wi

0101100
-416 0 +415 0 +449 0 +414 0 *
Fa
0  1e-07 13 0

0111000
+413 0 *
Ve
1e-07
36.2307383333332 10 13.4508158333333
0 0

0101101
*
Ed
 1e-07 1 1 0
1  30 0 -4.6740902972141 4.6740902972141
2  55 26 0 -4.6740902972141 4.6740902972141
2  56 9 0 -4.6740902972141 4.6740902972141
4 CN 26 0 9 0
0

0101000
+411 0 -460 0 *
Ve
5.99737035310668e-05
36.2258919588306 9.57053907895851 13.4508158333333
0 0

0101101
*
Ed
 1e-07 1 1 0
1  31 0 0 0.0225686136180756
2  57 26 0 0 0.0225686136180756
2  58 27 0 0 0.0225686136180756
4 C0 26 0 27 0
0

0101000
+411 0 -409 0 *
Ve
0.000662727924610173
34.0434455555556 3.03694277777776 13.1597457776885
0 0

0101101
*
Ed
 5.99737035310668e-05 1 1 0
1  32 0 0.147568514794053 0.289609370691199
2  59 26 0 0.147568514794053 0.289609370691199
2  60 28 0 0.147568514794053 0.289609370691199
4 C0 26 0 28 0
0

0101000
+409 0 -407 0 *
Ve
0.000662727924610173
28.1251044444444 -3.08809083333329 12.733929790329
0 0

0101101
*
Ed
 0.000662727924610173 1 1 0
1  33 0 0 0.340174583558843
2  61 26 0 0 0.340174583558843
2  62 29 0 0 0.340174583558843
4 C0 26 0 29 0
0

0101000
+407 0 -405 0 *
Ve
2.80765450443265e-05
14.15454 -3.08809083333329 11.4279423136033
0 0

0101101
*
Ed
 1e-07 1 1 0
1  34 0 0.086538496042324 0.697391696336828
2  63 26 0 0.086538496042324 0.697391696336828
4 C0 26 0 30 0
0

0101000
+405 0 -403 0 *
Ve
4.02276441698167e-05
13.7418252777778 -1.43634999999998 10.889046928898
0 0

0101101
*
Ed
 2.80765450443265e-05 1 1 0
1  35 0 0 0.0830325731296194
2  64 26 0 0 0.0830325731296194
2  65 31 0 0 0.0830325731296194
4 C0 26 0 31 0
0

0101000
+403 0 -401 0 *
Ve
4.02276441698167e-05
14.4084094089226 0.147998333666268 10.2713355555555
0 0

0101101
*
Ed
 4.02276441698167e-05 1 1 0
1  36 0 0 0.0986540030170227
2  66 26 0 0 0.0986540030170227
2  67 32 0 0 0.0986540030170227
4 C0 26 0 32 0
0

0101000
+401 0 -399 0 *
Ed
 1e-07 1 1 0
1  37 0 0 1.84691120955602
2  68 26 0 0 1.84691120955602
2  69 2 0 0 1.84691120955602
4 C0 26 0 2 0
0

0101000
+460 0 -399 0 *
Wi

0101100
-410 0 +408 0 +406 0 +404 0 +402 0 +400 0 +398 0 -397 0 *
Fa
0  1e-07 26 0

0111000
+396 0 *
Ve
1e-07
7.97503749999998 10 10.6864844444444
0 0

0101101
*
Ve
1e-07
26.4249625 10 10.6864844444444
0 0

0101101
*
Ed
 1e-07 1 1 0
1  38 0 3.14159265358979 6.28318530717959
2  70 33 0 3.14159265358979 6.28318530717959
4 C0 33 0 14 0
0

0101000
+394 0 -393 0 *
Ve
0.000190034181975949
-1.93281731441303 9.99999999999967 14.2679255991741
0 0

0101101
*
Ed
 1e-07 1 1 0
1  39 0 -5.28698960898236 5.24829908038339
2  71 33 0 -5.28698960898236 5.24829908038339
2  72 34 0 -5.28698960898236 5.24829908038339
4 CN 33 0 34 0
0

0101000
+394 0 -391 0 *
Ve
0.000256760359900376
-0.0909088888888952 16.2499169444444 13.9978911795508
0 0

0101101
*
Ed
 0.000170470362573777 1 1 0
1  40 0 0 0.259555630524301
2  73 33 0 0 0.259555630524301
2  74 35 0 0 0.259555630524301
4 C0 33 0 35 0
0

0101000
+389 0 -391 0 *
Ve
0.000256760359900376
5.48322694444445 23.1320116666667 13.7135681674862
0 0

0101101
*
Ed
 0.000256760359900376 1 1 0
1  41 0 0 0.351245727483959
2  75 33 0 0 0.351245727483959
2  76 36 0 0 0.351245727483959
4 C0 33 0 36 0
0

0101000
+387 0 -389 0 *
Ve
2.27137186314226e-05
19.7979613888889 23.1320116666667 12.1907860801388
0 0

0101101
*
Ed
 1e-07 1 1 0
1  42 0 0.430360385786546 1.04719944833183
2  77 33 0 0.430360385786546 1.04719944833183
4 C0 33 0 37 0
0

0101000
+385 0 -387 0 *
Ve
2.27137186314226e-05
20.0043363888889 21.3433225 11.5756651283439
0 0

0101101
*
Ed
 2.27137186314226e-05 1 1 0
1  43 0 0 0.0962261550704929
2  78 33 0 0 0.0962261550704929
2  79 38 0 0 0.0962261550704929
4 C0 33 0 38 0
0

0101000
+383 0 -385 0 *
Ve
0.000282006442035962
20.6926411111111 19.4161327777778 10.9821889835541
0 0

0101101
*
Ed
 1.25896821071296e-05 1 1 0
1  44 0 0 0.119214280266911
2  80 33 0 0 0.119214280266911
2  81 4 0 0 0.119214280266911
4 C0 33 0 4 0
0

0101000
+381 0 -383 0 *
Ve
0.000282006442035962
23.7891127777778 20.7232097222222 11.901361225224
0 0

0101101
*
Ed
 0.000282006442035962 1 1 0
1  45 0 0 0.254288038990947
2  82 33 0 0 0.254288038990947
2  83 5 0 0 0.254288038990947
4 C0 33 0 5 0
0

0101000
+379 0 -381 0 *
Ve
0.000211229001431127
26.06079 16.8007794444444 11.3894907024424
0 0

0101101
*
Ed
 8.45213266550542e-05 1 1 0
1  46 0 0 0.176130042755766
2  84 33 0 0 0.176130042755766
2  85 39 0 0 0.176130042755766
4 C0 33 0 39 0
0

0101000
+377 0 -379 0 *
Ve
0.000211229001431127
26.2668122222222 13.2909227777778 10.8385279340181
0 0

0101101
*
Ed
 0.000211229001431127 1 1 0
1  47 0 0 0.146772461678754
2  86 33 0 0 0.146772461678754
2  87 7 0 0 0.146772461678754
4 C0 33 0 7 0
0

0101000
+375 0 -377 0 *
Ve
0.000684930150794932
27.7809344444444 11.7079030555556 11.2261393092642
0 0

0101101
*
Ed
 2.50387239983055e-05 1 1 0
1  48 0 0 0.10161422856539
2  88 33 0 0 0.10161422856539
2  89 8 0 0 0.10161422856539
4 C0 33 0 8 0
0

0101000
+373 0 -375 0 *
Ve
0.00095057953136446
29.0194313888888 14.2545352777778 11.8926849587828
0 0

0101101
*
Ed
 0.000684930150794932 1 1 0
1  49 0 0 0.108886504066755
2  90 33 0 0 0.108886504066755
2  91 40 0 0 0.108886504066755
4 C0 33 0 40 0
0

0101000
+371 0 -373 0 *
Ve
0.00095057953136446
31.566063611111 19.2092638888889 13.520250707767
0 0

0101101
*
Ed
 0.00095057953136446 1 1 0
1  50 0 0 0.266473229782576
2  92 33 0 0 0.266473229782576
2  93 41 0 0 0.266473229782576
4 C0 33 0 41 0
0

0101000
+369 0 -371 0 *
Ve
0.000185419496767386
34.0887842144631 19.0679289168771 14.2810783333333
0 0

0101101
*
Ed
 1.7241747560382e-05 1 1 0
1  51 0 0.178003922850927 0.284798776609718
2  94 33 0 0.178003922850927 0.284798776609718
2  95 42 0 0.178003922850927 0.284798776609718
4 C0 33 0 42 0
0

0101000
+367 0 -369 0 *
Ve
0.00272804563929017
36.3568066153056 10.6892948483943 14.2810783333333
0 0

0101101
*
Ed
 1e-07 1 1 0
1  52 0 5.79043961992842 6.24721910362301
2  96 33 0 5.79043961992842 6.24721910362301
2  97 43 0 5.79043961992842 6.24721910362301
4 C0 33 0 43 0
0

0101000
+367 0 -365 0 *
Ve
0.00253635762533982
36.2829104473441 9.99999999993117 14.2498855177465
0 0

0101101
*
Ed
 0.00253635762533982 1 1 0
1  53 0 0.292961221449347 0.322602092534063
2  98 33 0 0.292961221449347 0.322602092534063
2  99 28 0 0.292961221449347 0.322602092534063
4 C0 33 0 28 0
0

0101000
+363 0 -365 0 *
Ed
 1e-07 1 1 0
1  54 0 -5.19523176540936 5.28698960898241
2  100 33 0 -5.19523176540936 5.28698960898241
2  101 34 0 -5.19523176540936 5.28698960898241
4 CN 33 0 34 0
0

0101000
+363 0 -393 0 *
Wi

0101100
-392 0 +390 0 -388 0 -386 0 -384 0 -382 0 -380 0 -378 0 -376 0 -374 0 
-372 0 -370 0 -368 0 -366 0 +364 0 -362 0 +361 0 *
Fa
0  1e-07 33 0

0111000
+360 0 *
Ve
1e-07
2.92893218813452 17.0710678118655 6.37106781186546
0 0

0101101
*
Ve
1e-07
2.92893218813452 17.0710678118655 1.40998324127395e-15
0 0

0101101
*
Ed
 1e-07 1 1 0
1  55 0 0.128932188134524 6.49999999999998
2  102 44 0 0.128932188134524 6.49999999999998
2  103 45 0 0.128932188134524 6.49999999999998
4 CN 44 0 45 0
0

0101000
+358 0 -357 0 *
Ve
1e-07
4 18 5.29999999999998
0 0

0101101
*
Ed
 1e-07 1 1 0
1  56 0 0.785398163397447 0.927295218001612
2  104 44 0 0.785398163397447 0.927295218001612
4 C0 44 0 46 0
0

0101000
+358 0 -355 0 *
Ve
1e-07
6 19.1651513899117 5.29999999999998
0 0

0101101
*
Ed
 1e-07 1 1 0
1  57 0 0.141897054604163 0.37388131732996
2  105 44 0 0.141897054604163 0.37388131732996
4 C0 44 0 47 0
0

0101000
+355 0 -353 0 *
Ve
1e-07
7.2 19.6 6.49999999999998
0 0

0101101
*
Ed
 1e-07 1 1 0
1  58 0 1.15927948072741 1.28700221758657
2  106 44 0 1.15927948072741 1.28700221758657
4 C0 44 0 48 0
0

0101000
+353 0 -351 0 *
Ve
1e-07
10 20 6.49999999999998
0 0

0101101
*
Ed
 1e-07 1 1 0
1  59 0 0.501604054189121 0.785398163397449
2  107 44 0 0.501604054189121 0.785398163397449
4 C0 44 0 16 0
0

0101000
+351 0 -349 0 *
Ve
1e-07
10 20 -1.40998324127395e-15
0 0

0101101
*
Ed
 1e-07 1 1 0
1  60 0 0 6.49999999999999
2  108 44 0 0 6.49999999999999
4 G1 44 0 49 0
0

0101000
+349 0 -347 0 *
Ed
 1e-07 1 1 0
1  61 0 5.49778714378214 6.28318530717959
2  109 44 0 5.49778714378214 6.28318530717959
4 C0 44 0 50 0
0

0101000
+347 0 -357 0 *
Wi

0101100
-356 0 +354 0 +352 0 +350 0 +348 0 +346 0 +345 0 *
Fa
0  1e-07 44 0

0111000
+344 0 *
Ve
1e-07
31.4710678118655 2.92893218813455 6.37106781186549
0 0

0101101
*
Ve
1e-07
31.4710678118655 2.92893218813452 1.40998324127395e-15
0 0

0101101
*
Ed
 1e-07 1 1 0
1  62 0 0.128932188134498 6.49999999999998
2  110 51 0 0.128932188134498 6.49999999999998
2  111 52 0 0.128932188134498 6.49999999999998
4 CN 51 0 52 0
0

0101000
+342 0 -341 0 *
Ve
1e-07
30.4000000000001 2.00000000000001 5.29999999999998
0 0

0101101
*
Ed
 1e-07 1 1 0
1  63 0 0.785398163397445 0.927295218001609
2  112 51 0 0.785398163397445 0.927295218001609
4 C0 51 0 53 0
0

0101000
+342 0 -339 0 *
Ve
1e-07
28.3999999999999 0.834848610088328 5.29999999999998
0 0

0101101
*
Ed
 1e-07 1 1 0
1  64 0 0.141897054604159 0.373881317329965
2  113 51 0 0.141897054604159 0.373881317329965
4 C0 51 0 54 0
0

0101000
+339 0 -337 0 *
Ve
1e-07
27.1999999999999 0.40000000000001 6.49999999999998
0 0

0101101
*
Ed
 1e-07 1 1 0
1  65 0 1.15927948072741 1.28700221758657
2  114 51 0 1.15927948072741 1.28700221758657
4 C0 51 0 55 0
0

0101000
+337 0 -335 0 *
Ve
1e-07
24.4 7.04991620636974e-15 6.49999999999998
0 0

0101101
*
Ed
 1e-07 1 1 0
1  66 0 0.501604054189128 0.785398163397449
2  115 51 0 0.501604054189128 0.785398163397449
4 C0 51 0 16 0
0

0101000
+335 0 -333 0 *
Ve
1e-07
24.4 7.04991620636974e-15 -1.40998324127395e-15
0 0

0101101
*
Ed
 1e-07 1 1 0
1  67 0 0 6.49999999999999
2  116 51 0 0 6.49999999999999
4 G1 51 0 56 0
0

0101000
+333 0 -331 0 *
Ed
 1e-07 1 1 0
1  68 0 5.49778714378214 6.28318530717959
2  117 51 0 5.49778714378214 6.28318530717959
4 C0 51 0 50 0
0

0101000
+331 0 -341 0 *
Wi

0101100
-340 0 +338 0 +336 0 +334 0 +332 0 +330 0 +329 0 *
Fa
0  1e-07 51 0

0111000
+328 0 *
Ve
1e-07
17.2 5.2375 6.49999999999998
0 0

0101101
*
Ve
1e-07
21.9625 10 6.49999999999998
0 0

0101101
*
Ed
 1e-07 1 1 0
1  69 0 0 7.44380493911227
2  118 57 0 0 7.44380493911227
4 C0 24 0 57 0
0

0101000
+326 0 -325 0 *
Ve
1e-07
12.4375 10 6.49999999999998
0 0

0101101
*
Ed
 1e-07 1 1 0
1  70 0 0 7.43479347652686
2  119 58 0 0 7.43479347652686
4 C0 24 0 58 0
0

0101000
+323 0 -326 0 *
Ve
1e-07
17.2 14.7625 6.49999999999998
0 0

0101101
*
Ed
 1e-07 1 1 0
1  71 0 -2.66453525910038e-15 7.43361119473358
2  120 59 0 -2.66453525910038e-15 7.43361119473358
4 C0 24 0 59 0
0

0101000
+321 0 -323 0 *
Ed
 1e-07 1 1 0
1  72 0 0 7.43479347652685
2  121 60 0 0 7.43479347652685
4 C0 24 0 60 0
0

0101000
+325 0 -321 0 *
Wi

0101100
-324 0 -322 0 -320 0 -319 0 *
Ed
 1e-07 1 1 0
1  73 0 0 3.14159265358979
2  122 25 0 0 3.14159265358979
4 C0 24 0 25 0
0

0101000
+417 0 -418 0 *
Wi

0101100
-317 0 -416 0 *
Fa
0  1e-07 24 0

0111000
-318 0 -316 0 *
Ve
0.000574244951456663
17.2 6.825 4.91249999999998
0 0

0101101
*
Ed
 1e-07 1 1 0
1  74 0 0 2.24506403026729
2  123 57 0 0 2.24506403026729
2  124 58 0 0 2.24506403026729
4 C1 57 0 58 0
0

0101000
+314 0 -326 0 *
Ve
0.000574244951432359
20.375 10 4.91249999999998
0 0

0101101
*
Ed
 1e-07 1 1 0
1  75 0 -0 2.24506403026729
2  125 57 0 -0 2.24506403026729
2  126 60 0 -0 2.24506403026729
4 C1 57 0 60 0
0

0101000
+325 0 -312 0 *
Ed
 0.000530395177973091 1 1 0
1  76 0 -7.44380493911227 -0
2  127 57 0 -7.44380493911227 -0
2  128 61 0 -7.44380493911227 -0
4 C0 57 0 61 0
0

0101000
+312 0 -314 0 *
Wi

0101100
+313 0 +324 0 +311 0 +310 0 *
Fa
0  1e-07 57 0

0111000
+309 0 *
Ve
0.000587059194630834
17.2 13.175 4.91249999999998
0 0

0101101
*
Ed
 1e-07 1 1 0
1  77 0 0 2.24506403026729
2  129 60 0 0 2.24506403026729
2  130 59 0 0 2.24506403026729
4 G1 60 0 59 0
0

0101000
+321 0 -307 0 *
Ed
 0.000574244951432359 1 1 0
1  78 0 -7.43479347652685 -0
2  131 60 0 -7.43479347652685 -0
2  132 62 0 -7.43479347652685 -0
4 C0 60 0 62 0
0

0101000
+307 0 -312 0 *
Wi

0101100
-311 0 +319 0 +306 0 +305 0 *
Fa
0  1e-07 60 0

0111000
+304 0 *
Ve
0.000587059194630834
14.025 10 4.91249999999998
0 0

0101101
*
Ed
 0.000574244951456663 1 1 0
1  79 0 -7.43479347652686 -0
2  133 58 0 -7.43479347652686 -0
2  134 63 0 -7.43479347652686 -0
4 C0 58 0 63 0
0

0101000
+314 0 -302 0 *
Ed
 1e-07 1 1 0
1  80 0 0 2.24506403026729
2  135 58 0 0 2.24506403026729
2  136 59 0 0 2.24506403026729
4 C1 58 0 59 0
0

0101000
+302 0 -323 0 *
Wi

0101100
-313 0 +301 0 +300 0 +322 0 *
Fa
0  1e-07 58 0

0111000
+299 0 *
Ed
 0.000587059194630834 1 1 0
1  81 0 -7.43361119473358 -0
2  137 59 0 -7.43361119473358 -0
2  138 64 0 -7.43361119473358 -0
4 C0 59 0 64 0
0

0101000
+302 0 -307 0 *
Wi

0101100
-300 0 +297 0 -306 0 +320 0 *
Fa
0  1e-07 59 0

0111000
+296 0 *
Ve
1e-07
14.025 10 -1.40998324127395e-15
0 0

0101101
*
Ed
 1e-07 1 1 0
1  82 0 3.54668658569197 8.45918658569195
2  139 63 0 3.54668658569197 8.45918658569195
2  140 64 0 3.54668658569197 8.45918658569195
4 C2 63 0 64 0
0

0101000
+302 0 -294 0 *
Ve
1e-07
17.2 6.825 -1.40998324127395e-15
0 0

0101101
*
Ed
 1e-07 1 1 0
1  83 0 -1 -0
2  141 63 0 -1 -0
4 C0 63 0 50 0
0

0101000
+294 0 -292 0 *
Ed
 1e-07 1 1 0
1  84 0 3.54668658569197 8.45918658569195
2  142 63 0 3.54668658569197 8.45918658569195
2  143 61 0 3.54668658569197 8.45918658569195
4 C2 63 0 61 0
0

0101000
+314 0 -292 0 *
Wi

0101100
+293 0 +291 0 -290 0 +301 0 *
Fa
0  1e-07 63 0

0111000
+289 0 *
Ve
1e-07
20.375 10 -1.40998324127395e-15
0 0

0101101
*
Ed
 1e-07 1 1 0
1  85 0 -1 -0
2  144 61 0 -1 -0
4 C0 61 0 50 0
0

0101000
+292 0 -287 0 *
Ed
 1e-07 1 1 0
1  86 0 3.54668658569197 8.45918658569195
2  145 61 0 3.54668658569197 8.45918658569195
2  146 62 0 3.54668658569197 8.45918658569195
4 C2 61 0 62 0
0

0101000
+312 0 -287 0 *
Wi

0101100
+290 0 +286 0 -285 0 +310 0 *
Fa
0  1e-07 61 0

0111000
+284 0 *
Ed
 1e-07 1 1 0
1  87 0 3.14159265358979 6.28318530717959
2  147 10 0 3.14159265358979 6.28318530717959
4 C0 16 0 10 0
0

0101000
+440 0 -443 0 *
Wi

0101100
+438 0 +282 0 *
Ve
1e-07
27.1999999999999 20 6.49999999999998
0 0

0101101
*
Ed
 1e-07 1 1 0
1  88 0 -4.6 15
4 C0 16 0 55 0
0

0101000
+335 0 -280 0 *
Ed
 1e-07 1 1 0
1  89 0 7.20000000000016 24.4000000000001
4 C0 16 0 49 0
0

0101000
+280 0 -349 0 *
Ve
1e-07
7.2 9.86988268891765e-15 6.49999999999998
0 0

0101101
*
Ed
 1e-07 1 1 0
1  90 0 -14.6 5.00000000000001
4 C0 16 0 48 0
0

0101000
+351 0 -277 0 *
Ed
 1e-07 1 1 0
1  91 0 7.2 24.4
4 C0 16 0 56 0
0

0101000
+277 0 -333 0 *
Wi

0101100
+279 0 +278 0 -348 0 +276 0 +275 0 -332 0 *
Fa
0  1e-07 16 0

0111000
-281 0 -274 0 *
Ve
1e-07
17.2 13.175 -1.40998324127395e-15
0 0

0101101
*
Ed
 1e-07 1 1 0
1  92 0 3.54668658569197 8.45918658569195
2  148 64 0 3.54668658569197 8.45918658569195
2  149 62 0 3.54668658569197 8.45918658569195
4 C2 64 0 62 0
0

0101000
+307 0 -272 0 *
Ed
 1e-07 1 1 0
1  93 0 -1 -0
2  150 64 0 -1 -0
4 C0 64 0 50 0
0

0101000
+272 0 -294 0 *
Wi

0101100
+271 0 +270 0 -293 0 +297 0 *
Fa
0  1e-07 64 0

0111000
+269 0 *
Ed
 1e-07 1 1 0
1  94 0 -1 -0
2  151 62 0 -1 -0
4 C0 62 0 50 0
0

0101000
+287 0 -272 0 *
Wi

0101100
+285 0 +267 0 -271 0 +305 0 *
Fa
0  1e-07 62 0

0111000
+266 0 *
Ve
1e-07
30.4000000000001 20 5.29999999999998
0 0

0101101
*
Ve
1e-07
31.6000000000001 20 6.49999999999998
0 0

0101101
*
Ed
 1e-07 1 1 0
1  95 0 -1.83847763108494 -0.14142135623721
4 C0 53 0 49 0
0

0101000
+264 0 -263 0 *
Ed
 1e-07 1 1 0
1  96 0 2 20
4 C0 53 0 54 0
0

0101000
+339 0 -264 0 *
Ve
1e-07
31.6000000000001 3.06025937084103 6.49999999999998
0 0

0101101
*
Ed
 1e-07 1 1 0
1  97 0 0.766994007861862 0.785398163397445
2  152 52 0 0.766994007861862 0.785398163397445
4 C0 53 0 52 0
0

0101000
+260 0 -342 0 *
Ed
 1e-07 1 1 0
1  98 0 -15 1.93974062915899
4 C0 53 0 65 0
0

0101000
+263 0 -260 0 *
Wi

0101100
-262 0 -261 0 -338 0 -259 0 -258 0 *
Fa
0  1e-07 53 0

0111000
-257 0 *
Ve
1e-07
28.3999999999999 20 5.29999999999998
0 0

0101101
*
Ed
 1e-07 1 1 0
1  99 0 -2.54558441227168 -0.848528137423947
4 C0 55 0 49 0
0

0101000
+280 0 -255 0 *
Ed
 1e-07 1 1 0
1  100 0 0.834848610088318 20
4 C0 55 0 54 0
0

0101000
+337 0 -255 0 *
Wi

0101100
-254 0 -279 0 -334 0 +253 0 *
Fa
0  1e-07 55 0

0111000
-252 0 *
Ed
 1e-07 1 1 0
1  101 0 -2.99999999999994 -0.999999999999812
4 C0 54 0 49 0
0

0101000
+255 0 -264 0 *
Wi

0101100
-250 0 -253 0 -336 0 +261 0 *
Fa
0  1e-07 54 0

0111000
-249 0 *
Ve
1e-07
6 9.86988268891765e-15 5.29999999999998
0 0

0101101
*
Ed
 1e-07 1 1 0
1  102 0 0 19.1651513899117
4 C0 48 0 47 0
0

0101000
+247 0 -353 0 *
Ed
 1e-07 1 1 0
1  103 0 -3.39411254969543 -1.69705627484771
4 C0 48 0 56 0
0

0101000
+277 0 -247 0 *
Wi

0101100
-350 0 -246 0 -245 0 -276 0 *
Fa
0  1e-07 48 0

0111000
-244 0 *
Ve
1e-07
2.8 16.939740629159 6.49999999999998
0 0

0101101
*
Ed
 1e-07 1 1 0
1  104 0 0.766994007861866 0.785398163397447
2  153 45 0 0.766994007861866 0.785398163397447
4 C0 46 0 45 0
0

0101000
+242 0 -358 0 *
Ve
1e-07
2.8 9.86988268891765e-15 6.49999999999998
0 0

0101101
*
Ed
 1e-07 1 1 0
1  105 0 -5.00000000000001 11.939740629159
4 C0 46 0 66 0
0

0101000
+240 0 -242 0 *
Ve
1e-07
4 9.86988268891765e-15 5.29999999999998
0 0

0101101
*
Ed
 1e-07 1 1 0
1  106 0 -2.68700576850888 -0.989949493661167
4 C0 46 0 56 0
0

0101000
+238 0 -240 0 *
Ed
 1e-07 1 1 0
1  107 0 0 18
4 C0 46 0 47 0
0

0101000
+238 0 -355 0 *
Wi

0101100
-241 0 -239 0 -237 0 +236 0 -354 0 *
Fa
0  1e-07 46 0

0111000
-235 0 *
Ed
 1e-07 1 1 0
1  108 0 -4 -2
4 C0 47 0 56 0
0

0101000
+247 0 -238 0 *
Wi

0101100
-352 0 -236 0 -233 0 +246 0 *
Fa
0  1e-07 47 0

0111000
-232 0 *
Ve
1e-07
34.4000000000001 10 -1.40998324127395e-15
0 0

0101101
*
Ed
 1e-07 1 1 0
1  109 0 0 0.785398163397448
2  154 52 0 0 0.785398163397448
4 C0 52 0 50 0
0

0101000
+341 0 -230 0 *
Ve
1e-07
34.4000000000001 10 6.49999999999998
0 0

0101101
*
Ed
 1e-07 1 1 0
1  110 0 -6.49999999999999 0
2  155 52 0 -6.49999999999999 0
4 G1 52 0 67 0
0

0101000
+230 0 -228 0 *
Ed
 1e-07 1 1 0
1  111 0 5.49778714378214 6.264781151644
2  156 52 0 5.49778714378214 6.264781151644
4 C0 52 0 65 0
0

0101000
+228 0 -260 0 *
Wi

0101100
+340 0 +229 0 +227 0 +226 0 +259 0 *
Fa
0  1e-07 52 0

0111000
+225 0 *
Ve
1e-07
0 10 6.49999999999998
0 0

0101101
*
Ed
 1e-07 1 1 0
1  112 0 5.49778714378214 6.264781151644
2  157 45 0 5.49778714378214 6.264781151644
4 C0 66 0 45 0
0

0101000
+223 0 -242 0 *
Ve
1e-07
0 7.04991620636974e-15 6.49999999999998
0 0

0101101
*
Ed
 1e-07 1 1 0
1  113 0 9.99999999999998 20
4 C0 66 0 68 0
0

0101000
+223 0 -221 0 *
Ed
 1e-07 1 1 0
1  114 0 0 2.8
4 C0 66 0 56 0
0

0101000
+221 0 -240 0 *
Wi

0101100
+239 0 -222 0 +220 0 +219 0 *
Fa
0  1e-07 66 0

0111000
-218 0 *
Ve
1e-07
34.4000000000001 20 6.49999999999998
0 0

0101101
*
Ed
 1e-07 1 1 0
1  115 0 10 20
4 C0 65 0 67 0
0

0101000
+228 0 -216 0 *
Ed
 1e-07 1 1 0
1  116 0 0 2.79999999999998
4 C0 65 0 49 0
0

0101000
+216 0 -263 0 *
Wi

0101100
+258 0 -226 0 +215 0 +214 0 *
Fa
0  1e-07 65 0

0111000
-213 0 *
Ve
1e-07
0 7.04991620636974e-15 -1.40998324127395e-15
0 0

0101101
*
Ed
 1e-07 1 1 0
1  117 0 0 6.49999999999999
4 C0 56 0 68 0
0

0101000
+221 0 -211 0 *
Ed
 1e-07 1 1 0
1  118 0 0 24.4
4 C0 56 0 50 0
0

0101000
+211 0 -331 0 *
Wi

0101100
+245 0 +233 0 +237 0 -219 0 +210 0 +209 0 -330 0 -275 0 *
Fa
0  1e-07 56 0

0111000
+208 0 *
Ve
1e-07
0 10 -1.40998324127395e-15
0 0

0101101
*
Ed
 1e-07 1 1 0
1  119 0 0 0.785398163397448
2  158 45 0 0 0.785398163397448
4 C0 45 0 50 0
0

0101000
+357 0 -206 0 *
Ed
 1e-07 1 1 0
1  120 0 -6.49999999999999 0
2  159 45 0 -6.49999999999999 0
4 G1 45 0 68 0
0

0101000
+206 0 -223 0 *
Wi

0101100
+356 0 +205 0 +204 0 +222 0 +241 0 *
Fa
0  1e-07 45 0

0111000
+203 0 *
Ed
 1e-07 1 1 0
1  121 0 9.99999999999998 20
4 C0 68 0 50 0
0

0101000
+206 0 -211 0 *
Wi

0101100
-204 0 +201 0 -210 0 -220 0 *
Fa
0  1e-07 68 0

0111000
+200 0 *
Ve
1e-07
34.4000000000001 20 -1.40998324127395e-15
0 0

0101101
*
Ed
 1e-07 1 1 0
1  122 0 10 20
4 C0 67 0 50 0
0

0101000
+230 0 -198 0 *
Ed
 1e-07 1 1 0
1  123 0 0 6.49999999999999
4 C0 67 0 49 0
0

0101000
+216 0 -198 0 *
Wi

0101100
-227 0 +197 0 -196 0 -215 0 *
Fa
0  1e-07 67 0

0111000
+195 0 *
Ed
 1e-07 1 1 0
1  124 0 0 24.4000000000001
4 C0 49 0 50 0
0

0101000
+198 0 -347 0 *
Wi

0101100
+262 0 -214 0 +196 0 +193 0 -346 0 -278 0 +254 0 +250 0 *
Fa
0  1e-07 49 0

0111000
+192 0 *
Wi

0101100
+270 0 +291 0 +286 0 +267 0 *
Wi

0101100
-329 0 -209 0 -201 0 -205 0 -345 0 -193 0 -197 0 -229 0 *
Fa
0  1e-07 50 0

0111000
+190 0 +189 0 *
Ve
6.09604935107435e-05
6.03377194444445 8.61111388888886 11.4193064671025
0 0

0101101
*
Ed
 1e-07 1 1 0
1  125 0 5.91495455637167 6.69675921261933
2  160 19 0 5.91495455637167 6.69675921261933
2  161 18 0 5.91495455637167 6.69675921261933
4 G1 19 0 18 0
0

0101000
+431 0 -187 0 *
Ve
6.09604935107435e-05
4.79527500000001 6.68427694444444 11.9933090135548
0 0

0101101
*
Ed
 1e-07 1 1 0
1  126 0 6.48928248835247 7.27076175907168
2  162 19 0 6.48928248835247 7.27076175907168
4 C0 19 0 20 0
0

0101000
+429 0 -185 0 *
Ed
 6.09604935107435e-05 1 1 0
1  127 0 0 0.106525469226578
2  163 19 0 0 0.106525469226578
2  164 34 0 0 0.106525469226578
4 C0 19 0 34 0
0

0101000
+185 0 -187 0 *
Wi

0101100
-186 0 +428 0 +184 0 +183 0 *
Fa
0  1e-07 19 0

0111000
+182 0 *
Ve
3.20612293960905e-05
7.54789416666667 6.89061666666669 10.2258954570172
0 0

0101101
*
Ve
2.79520156151707e-05
7.54789416666667 6.89061666666669 11.0174580921142
0 0

0101101
*
Ed
 1e-07 1 1 0
1  128 0 5.50334820253408 6.29491083763112
2  165 18 0 5.50334820253408 6.29491083763112
4 C0 18 0 69 0
0

0101000
+180 0 -179 0 *
Ed
 3.20612293960905e-05 1 1 0
1  129 0 -0.0576038104343649 0
2  166 18 0 -0.0576038104343649 0
2  167 2 0 -0.0576038104343649 0
4 C0 18 0 2 0
0

0101000
+180 0 -433 0 *
Ed
 2.79520156151707e-05 1 1 0
1  130 0 0 0.106322600774151
2  168 18 0 0 0.106322600774151
2  169 34 0 0 0.106322600774151
4 C0 18 0 34 0
0

0101000
+187 0 -179 0 *
Wi

0101100
-178 0 +177 0 +430 0 +186 0 +176 0 *
Fa
0  1e-07 18 0

0101000
+175 0 *
Ve
7.74199172588058e-05
7.96096166666667 3.38111277777779 10.6783726038342
0 0

0101101
*
Ve
0.00027123810694995
7.96096166666667 3.38111277777779 11.4601541047314
0 0

0101101
*
Ed
 1e-07 1 1 0
1  131 0 5.95582534935111 6.73760685024827
2  170 70 0 5.95582534935111 6.73760685024827
4 C0 69 0 70 0
0

0101000
+173 0 -172 0 *
Ve
1.30414813758955e-06
7.60187930646673 6.43194814863863 10.2713355555555
0 0

0101101
*
Ed
 1e-07 1 1 0
1  132 0 0.404371766334479 0.55833488795449
2  171 71 0 0.404371766334479 0.55833488795449
4 C0 69 0 71 0
0

0101000
+173 0 -170 0 *
Ed
 1.30414813758955e-06 1 1 0
1  133 0 -0.0685409195647097 -0.0502426768596837
2  172 2 0 -0.0685409195647097 -0.0502426768596837
4 C0 69 0 2 0
0

0101000
+170 0 -180 0 *
Ed
 1e-07 1 1 0
1  134 0 0.772410103921388 0.959804880499072
2  173 34 0 0.772410103921388 0.959804880499072
4 C0 69 0 34 0
0

0101000
+179 0 -172 0 *
Wi

0101100
-171 0 +169 0 +168 0 +178 0 +167 0 *
Fa
0  1e-07 69 0

0111000
+166 0 *
Ve
0.000111995264063754
36.2829104473611 10 13.4716723199488
0 0

0101101
*
Ed
 0.000111995264063754 1 1 0
1  135 0 -0.180620029373969 -0.017842604043819
2  174 28 0 -0.180620029373969 -0.017842604043819
2  175 43 0 -0.180620029373969 -0.017842604043819
4 C0 28 0 43 0
0

0101000
+365 0 -164 0 *
Ed
 2.18464998364813e-06 1 1 0
1  136 0 -0.017842604043819 -0
2  176 28 0 -0.017842604043819 -0
2  177 27 0 -0.017842604043819 -0
4 C0 28 0 27 0
0

0101000
+164 0 -409 0 *
Ve
0.00163205568589121
34.0434455555556 3.03694277777776 13.9401214564473
0 0

0101101
*
Ed
 1e-07 1 1 0
1  137 0 8.43719852320535 9.21757420196415
2  178 28 0 8.43719852320535 9.21757420196415
2  179 29 0 8.43719852320535 9.21757420196415
4 G1 28 0 29 0
0

0101000
+407 0 -161 0 *
Ed
 0.00163205568589121 1 1 0
1  138 0 0 0.292961221449347
2  180 28 0 0 0.292961221449347
2  181 34 0 0 0.292961221449347
4 C0 28 0 34 0
0

0101000
+161 0 -363 0 *
Wi

0101100
+362 0 +163 0 +162 0 +406 0 +160 0 +159 0 *
Fa
0  1e-07 28 0

0111000
+158 0 *
Ve
7.74199172588058e-05
9.13091388888889 -0.197817777777735 11.2710886186139
0 0

0101101
*
Ve
0.00027123810694995
9.13091388888889 -0.197817777777735 12.0525343162131
0 0

0101101
*
Ed
 1e-07 1 1 0
1  139 0 6.54854136413078 7.32998706172993
2  182 70 0 6.54854136413078 7.32998706172993
2  183 72 0 6.54854136413078 7.32998706172993
4 G1 70 0 72 0
0

0101000
+156 0 -155 0 *
Ed
 7.74199172588058e-05 1 1 0
1  140 0 0 0.151854144942792
2  184 70 0 0 0.151854144942792
2  185 71 0 0 0.151854144942792
4 C0 70 0 71 0
0

0101000
+156 0 -173 0 *
Ed
 0.00027123810694995 1 1 0
1  141 0 0 0.150232810318634
2  186 70 0 0 0.150232810318634
2  187 34 0 0 0.150232810318634
4 C0 70 0 34 0
0

0101000
+172 0 -155 0 *
Wi

0101100
-154 0 +153 0 +171 0 +152 0 *
Fa
0  1e-07 70 0

0111000
+151 0 *
Ve
2.63085516504156e-05
12.1588055555556 -0.197817777777735 10.6821837613113
0 0

0101101
*
Ve
0.000166271997835054
12.1588055555556 -0.197817777777736 11.4639631029969
0 0

0101101
*
Ed
 1e-07 1 1 0
1  142 0 5.95963650682822 6.74141584851383
2  188 72 0 5.95963650682822 6.74141584851383
2  189 73 0 5.95963650682822 6.74141584851383
4 G1 72 0 73 0
0

0101000
+149 0 -148 0 *
Ed
 2.63085516504156e-05 1 1 0
1  143 0 0 0.139910284205949
2  190 72 0 0 0.139910284205949
2  191 71 0 0 0.139910284205949
4 C0 72 0 71 0
0

0101000
+149 0 -156 0 *
Ed
 0.000166271997835054 1 1 0
1  144 0 0 0.148263711026846
2  192 72 0 0 0.148263711026846
2  193 34 0 0 0.148263711026846
4 C0 72 0 34 0
0

0101000
+155 0 -148 0 *
Wi

0101100
-147 0 +146 0 +154 0 +145 0 *
Fa
0  1e-07 72 0

0111000
+144 0 *
Ve
4.77917813604115e-05
13.8107227777778 0.834656944444484 10.017180095411
0 0

0101101
*
Ve
4.18195528597245e-05
13.8107227777778 0.834656944444484 10.8842012879702
0 0

0101101
*
Ed
 1e-07 1 1 0
1  145 0 5.2946328409279 6.16165403348705
2  194 73 0 5.2946328409279 6.16165403348705
2  195 32 0 5.2946328409279 6.16165403348705
4 G1 73 0 32 0
0

0101000
+142 0 -141 0 *
Ve
4.77917813604115e-05
12.8372238783417 0.736032201377055 10.2713355555555
0 0

0101101
*
Ed
 4.77917813604115e-05 1 1 0
1  146 0 -0.0428921588030773 -0
2  196 73 0 -0.0428921588030773 -0
2  197 2 0 -0.0428921588030773 -0
4 C0 73 0 2 0
0

0101000
+142 0 -139 0 *
Ed
 1.29995235184239e-05 1 1 0
1  147 0 0.0419989916910133 0.0898564216122355
2  198 73 0 0.0419989916910133 0.0898564216122355
2  199 71 0 0.0419989916910133 0.0898564216122355
4 C0 73 0 71 0
0

0101000
+139 0 -149 0 *
Ed
 4.18195528597245e-05 1 1 0
1  148 0 0 0.0983889271719659
2  200 73 0 0 0.0983889271719659
2  201 34 0 0 0.0983889271719659
4 C0 73 0 34 0
0

0101000
+148 0 -141 0 *
Wi

0101100
-140 0 +138 0 +137 0 +147 0 +136 0 *
Fa
0  1e-07 73 0

0111000
+135 0 *
Ve
0.000908869028172793
28.1251044444444 -3.08809083333329 13.5145467151641
0 0

0101101
*
Ed
 1e-07 1 1 0
1  149 0 8.01138253584591 8.79199946068095
2  202 29 0 8.01138253584591 8.79199946068095
4 C0 29 0 30 0
0

0101000
+405 0 -133 0 *
Ed
 0.000908869028172793 1 1 0
1  150 0 0 0.338590641645291
2  203 29 0 0 0.338590641645291
2  204 34 0 0 0.338590641645291
4 C0 29 0 34 0
0

0101000
+133 0 -161 0 *
Wi

0101100
-160 0 +404 0 +132 0 +131 0 *
Fa
0  1e-07 29 0

0111000
+130 0 *
Ve
1.45194611839986e-05
14.15454 -3.08809083333329 12.209299145731
0 0

0101101
*
Ed
 1e-07 1 1 0
1  151 0 0.410564584580742 1.0241798679872
2  205 34 0 0.410564584580742 1.0241798679872
4 C0 30 0 34 0
0

0101000
+128 0 -133 0 *
Ed
 1e-07 1 1 0
1  152 0 6.70539505912017 7.48675189124791
2  206 31 0 6.70539505912017 7.48675189124791
4 C0 30 0 31 0
0

0101000
+403 0 -128 0 *
Wi

0101100
-127 0 -126 0 -402 0 +132 0 *
Fa
0  1e-07 30 0

0111000
-125 0 *
Ve
4.00311848919238e-05
13.7418252777778 -1.43634999999998 11.6707090722421
0 0

0101101
*
Ed
 1e-07 1 1 0
1  153 0 6.16649967441482 6.94816181775896
2  207 32 0 6.16649967441482 6.94816181775896
2  208 31 0 6.16649967441482 6.94816181775896
4 G1 32 0 31 0
0

0101000
+401 0 -123 0 *
Ed
 2.6139183355936e-05 1 1 0
1  154 0 -0.0389983334028204 -0
2  209 32 0 -0.0389983334028204 -0
2  210 2 0 -0.0389983334028204 -0
4 C0 32 0 2 0
0

0101000
+399 0 -142 0 *
Ed
 4.00311848919238e-05 1 1 0
1  155 0 0 0.100875031663975
2  211 32 0 0 0.100875031663975
2  212 34 0 0 0.100875031663975
4 C0 32 0 34 0
0

0101000
+141 0 -123 0 *
Wi

0101100
-122 0 +398 0 +121 0 +140 0 +120 0 *
Fa
0  1e-07 32 0

0111000
+119 0 *
Ed
 1.45194611839986e-05 1 1 0
1  156 0 0 0.0862139451674438
2  213 31 0 0 0.0862139451674438
2  214 34 0 0 0.0862139451674438
4 C0 31 0 34 0
0

0101000
+123 0 -128 0 *
Wi

0101100
-126 0 +400 0 +122 0 +117 0 *
Fa
0  1e-07 31 0

0111000
+116 0 *
Ve
0.000152758839534295
27.7809344444444 11.7079030555556 10.4442251521125
0 0

0101101
*
Ed
 1e-07 1 1 0
1  157 0 5.72167789762934 6.50359205478101
2  215 40 0 5.72167789762934 6.50359205478101
2  216 8 0 5.72167789762934 6.50359205478101
4 G1 40 0 8 0
0

0101000
+114 0 -373 0 *
Ve
0.00150128860278721
29.0194313888888 14.2545352777778 11.1111486471821
0 0

0101101
*
Ed
 0.000152758839534295 1 1 0
1  158 0 0 0.133972111250612
2  217 40 0 0 0.133972111250612
2  218 9 0 0 0.133972111250612
4 C0 40 0 9 0
0

0101000
+114 0 -112 0 *
Ed
 1e-07 1 1 0
1  159 0 6.38860139269894 7.17013770429964
2  219 40 0 6.38860139269894 7.17013770429964
2  220 41 0 6.38860139269894 7.17013770429964
4 G1 40 0 41 0
0

0101000
+112 0 -371 0 *
Wi

0101100
-113 0 +111 0 +110 0 +370 0 *
Fa
0  1e-07 40 0

0111000
+109 0 *
Ed
 1e-07 1 1 0
1  160 0 5.20237362001706 6.115980679535
2  221 8 0 5.20237362001706 6.115980679535
2  222 7 0 5.20237362001706 6.115980679535
4 C0 8 0 7 0
0

0101000
+464 0 -375 0 *
Ed
 3.98658139238589e-06 1 1 0
1  161 0 0.0810932943111833 0.101500279367758
2  223 8 0 0.0810932943111833 0.101500279367758
2  224 9 0 0.0810932943111833 0.101500279367758
4 C0 8 0 9 0
0

0101000
+462 0 -114 0 *
Wi

0101100
-107 0 +461 0 +106 0 +113 0 +372 0 *
Fa
0  1e-07 8 0

0111000
+105 0 *
Ve
0.000211437785122079
26.06079 16.8007794444444 10.6076691444956
0 0

0101101
*
Ed
 1e-07 1 1 0
1  162 0 5.88512189001248 6.66694344795926
2  225 7 0 5.88512189001248 6.66694344795926
2  226 39 0 5.88512189001248 6.66694344795926
4 G1 7 0 39 0
0

0101000
+103 0 -377 0 *
Ed
 0.000211437785122079 1 1 0
1  163 0 0 0.0624945226266268
2  227 7 0 0 0.0624945226266268
2  228 6 0 0 0.0624945226266268
4 C0 7 0 6 0
0

0101000
+103 0 -466 0 *
Wi

0101100
-102 0 +101 0 +463 0 +107 0 +374 0 *
Fa
0  1e-07 7 0

0111000
+100 0 *
Ve
0.000287577571670149
-1.96614635655045 9.65765379580928 14.2810783333333
0 0

0101101
*
Ed
 0.000170470362573777 1 1 0
1  164 0 0.259555630524301 0.273163068576492
2  229 35 0 0.259555630524301 0.273163068576492
2  230 34 0 0.259555630524301 0.273163068576492
4 C0 35 0 34 0
0

0101000
+391 0 -98 0 *
Ve
0.000287577571670149
-1.80574765310473 10.9749654651866 13.4508158333333
0 0

0101101
*
Ed
 0.000287577571670149 1 1 0
1  165 0 -0.178709377841336 -0
2  231 35 0 -0.178709377841336 -0
2  232 23 0 -0.178709377841336 -0
4 C0 35 0 23 0
0

0101000
+98 0 -96 0 *
Ve
0.000256676672273962
-0.0909088888888952 16.2499169444444 13.2175482487859
0 0

0101101
*
Ed
 0.000156104673719425 1 1 0
1  166 0 0.130197591331331 0.352578005370479
2  233 35 0 0.130197591331331 0.352578005370479
2  234 3 0 0.130197591331331 0.352578005370479
4 C0 35 0 3 0
0

0101000
+96 0 -94 0 *
Ed
 1e-07 1 1 0
1  167 0 8.49500099430277 9.27534392506768
2  235 35 0 8.49500099430277 9.27534392506768
2  236 36 0 8.49500099430277 9.27534392506768
4 G1 35 0 36 0
0

0101000
+94 0 -389 0 *
Wi

0101100
+97 0 +95 0 +93 0 +92 0 +388 0 *
Fa
0  1e-07 35 0

0111000
+91 0 *
Ve
5.62204326761916e-05
23.7891127777778 20.7232097222222 11.1198298319491
0 0

0101101
*
Ed
 1e-07 1 1 0
1  168 0 6.39728257746595 7.17881397074085
2  237 39 0 6.39728257746595 7.17881397074085
2  238 5 0 6.39728257746595 7.17881397074085
4 G1 39 0 5 0
0

0101000
+89 0 -379 0 *
Ed
 5.4778474270289e-05 1 1 0
1  169 0 0 0.199189204190703
2  239 39 0 0 0.199189204190703
2  240 6 0 0 0.199189204190703
4 C0 39 0 6 0
0

0101000
+89 0 -103 0 *
Wi

0101100
-88 0 +87 0 +102 0 +376 0 *
Fa
0  1e-07 39 0

0111000
+86 0 *
Ed
 1e-07 1 1 0
1  170 0 5.45487496092869 6.259641729071
2  241 5 0 5.45487496092869 6.259641729071
2  242 4 0 5.45487496092869 6.259641729071
4 G1 5 0 4 0
0

0101000
+470 0 -381 0 *
Ed
 5.62204326761916e-05 1 1 0
1  171 0 0.0106383570284699 0.129243742881406
2  243 5 0 0.0106383570284699 0.129243742881406
2  244 6 0 0.0106383570284699 0.129243742881406
4 C0 5 0 6 0
0

0101000
+468 0 -89 0 *
Wi

0101100
-84 0 +467 0 +83 0 +88 0 +378 0 *
Fa
0  1e-07 5 0

0111000
+82 0 *
Ve
0.000256676672273962
5.48322694444445 23.1320116666667 12.9330640621862
0 0

0101101
*
Ed
 0.000256676672273962 1 1 0
1  172 0 0 0.351799228008557
2  245 36 0 0 0.351799228008557
2  246 3 0 0 0.351799228008557
4 C0 36 0 3 0
0

0101000
+94 0 -80 0 *
Ed
 1e-07 1 1 0
1  173 0 8.21051680770309 8.99102091300303
2  247 36 0 8.21051680770309 8.99102091300303
4 C0 36 0 37 0
0

0101000
+80 0 -387 0 *
Wi

0101100
-92 0 +79 0 +78 0 +386 0 *
Fa
0  1e-07 36 0

0111000
+77 0 *
Ve
3.11994240709431e-05
19.7979613888889 23.1320116666667 11.4094187534869
0 0

0101101
*
Ed
 1e-07 1 1 0
1  174 0 6.68687149900379 7.46823882565572
2  248 38 0 6.68687149900379 7.46823882565572
4 C0 37 0 38 0
0

0101000
+75 0 -385 0 *
Ed
 1e-07 1 1 0
1  175 0 0.0602094748103432 0.674275358621322
2  249 3 0 0.0602094748103432 0.674275358621322
4 C0 37 0 3 0
0

0101000
+80 0 -75 0 *
Wi

0101100
-384 0 -74 0 -73 0 +78 0 *
Fa
0  1e-07 37 0

0111000
-72 0 *
Ve
3.88687915470348e-05
20.0043363888889 21.3433225 10.7939491073226
0 0

0101101
*
Ed
 1e-07 1 1 0
1  176 0 6.07140185283947 6.85311787386079
2  250 4 0 6.07140185283947 6.85311787386079
2  251 38 0 6.07140185283947 6.85311787386079
4 G1 4 0 38 0
0

0101000
+70 0 -383 0 *
Ed
 3.88687915470348e-05 1 1 0
1  177 0 0 0.0547732091525816
2  252 4 0 0 0.0547732091525816
2  253 3 0 0 0.0547732091525816
4 C0 4 0 3 0
0

0101000
+70 0 -472 0 *
Wi

0101100
-69 0 +68 0 +469 0 +84 0 +380 0 *
Fa
0  1e-07 4 0

0101000
+67 0 *
Ed
 3.11994240709431e-05 1 1 0
1  178 0 0 0.0964293560806
2  254 38 0 0 0.0964293560806
2  255 3 0 0 0.0964293560806
4 C0 38 0 3 0
0

0101000
+75 0 -70 0 *
Wi

0101100
-74 0 +65 0 +69 0 +382 0 *
Fa
0  1e-07 38 0

0101000
+64 0 *
Ve
4.18968346092513e-05
1.76703055555557 0.834656944444484 13.8401408307498
0 0

0101101
*
Ed
 1e-07 1 1 0
1  179 0 8.33716122136778 9.11759357626665
2  256 22 0 8.33716122136778 9.11759357626665
2  257 21 0 8.33716122136778 9.11759357626665
4 G1 22 0 21 0
0

0101000
+425 0 -62 0 *
Ve
0.000169034796016542
0.291745878577894 0.968427066692755 14.2810783333333
0 0

0101101
*
Ed
 0.000169034796016542 1 1 0
1  180 0 -0.0682270675122908 -0
2  258 22 0 -0.0682270675122908 -0
2  259 23 0 -0.0682270675122908 -0
4 C0 22 0 23 0
0

0101000
+423 0 -60 0 *
Ed
 1.0356988322273e-05 1 1 0
1  181 0 0.191942342187911 0.253146111533213
2  260 22 0 0.191942342187911 0.253146111533213
2  261 34 0 0.191942342187911 0.253146111533213
4 C0 22 0 34 0
0

0101000
+60 0 -62 0 *
Wi

0101100
-61 0 +422 0 +59 0 +58 0 *
Fa
0  1e-07 22 0

0111000
+57 0 *
Ve
4.18968346092513e-05
4.86381972222223 4.61960972222222 12.2167849542113
0 0

0101101
*
Ed
 1e-07 1 1 0
1  182 0 6.71288511108992 7.4942376997282
2  262 21 0 6.71288511108992 7.4942376997282
4 C0 21 0 20 0
0

0101000
+427 0 -55 0 *
Ed
 4.18968346092513e-05 1 1 0
1  183 0 0 0.230927079833671
2  263 21 0 0 0.230927079833671
2  264 34 0 0 0.230927079833671
4 C0 21 0 34 0
0

0101000
+62 0 -55 0 *
Wi

0101100
-54 0 +424 0 +61 0 +53 0 *
Fa
0  1e-07 21 0

0111000
+52 0 *
Ed
 1e-07 1 1 0
1  184 0 0.337833866269959 0.434959469735872
2  265 34 0 0.337833866269959 0.434959469735872
4 C0 20 0 34 0
0

0101000
+55 0 -185 0 *
Wi

0101100
-50 0 -54 0 -426 0 +184 0 *
Fa
0  1e-07 20 0

0111000
-49 0 *
Ve
0.00150128860278721
31.566063611111 19.2092638888889 12.7396370163612
0 0

0101101
*
Ed
 1e-07 1 1 0
1  185 0 8.01708976187809 8.79770345328384
2  266 42 0 8.01708976187809 8.79770345328384
2  267 41 0 8.01708976187809 8.79770345328384
4 G1 42 0 41 0
0

0101000
+47 0 -369 0 *
Ve
0.000185419496767386
33.8805009673012 19.1613257223867 13.4508158333333
0 0

0101101
*
Ed
 6.15694176687185e-05 1 1 0
1  186 0 0 0.097727097530277
2  268 42 0 0 0.097727097530277
2  269 9 0 0 0.097727097530277
4 C0 42 0 9 0
0

0101000
+47 0 -45 0 *
Ed
 0.000185419496767386 1 1 0
1  187 0 -0.0792124011320759 -0
2  270 42 0 -0.0792124011320759 -0
2  271 43 0 -0.0792124011320759 -0
4 C0 42 0 43 0
0

0101000
+45 0 -367 0 *
Wi

0101100
-46 0 +44 0 +43 0 +366 0 *
Fa
0  1e-07 42 0

0111000
+42 0 *
Ed
 0.00150128860278721 1 1 0
1  188 0 0 0.173351465617003
2  272 41 0 0 0.173351465617003
2  273 9 0 0 0.173351465617003
4 C0 41 0 9 0
0

0101000
+112 0 -47 0 *
Wi

0101100
-110 0 +40 0 +46 0 +368 0 *
Fa
0  1e-07 41 0

0111000
+39 0 *
Ed
 1e-07 1 1 0
1  189 0 2.65099839565533 3.12373252688268
2  274 34 0 2.65099839565533 3.12373252688268
2  275 23 0 2.65099839565533 3.12373252688268
4 C0 34 0 23 0
0

0101000
+60 0 -98 0 *
Ed
 1e-07 1 1 0
1  190 0 0 3.14159265358979
2  276 34 0 0 3.14159265358979
4 C0 34 0 14 0
0

0101000
+393 0 -394 0 *
Wi

0101100
-159 0 -131 0 -127 0 -117 0 -120 0 -136 0 -145 0 -152 0 -167 0 -176 0 
-183 0 -50 0 -53 0 -58 0 +37 0 -97 0 -390 0 -36 0 -361 0 *
Fa
0  1e-07 34 0

0111000
+35 0 *
Wi

0101100
+101 0 -465 0 +83 0 +87 0 *
Fa
0  1e-07 6 0

0111000
+33 0 *
Ed
 1e-07 1 1 0
1  191 0 5.78093833322818 6.28318530717959
2  277 9 0 5.78093833322818 6.28318530717959
2  278 43 0 5.78093833322818 6.28318530717959
4 C0 9 0 43 0
0

0101000
+45 0 -411 0 *
Wi

0101100
+410 0 -459 0 +106 0 +111 0 +40 0 +44 0 +31 0 *
Fa
0  1e-07 9 0

0111000
+30 0 *
Ed
 1e-07 1 1 0
1  192 0 2.01092713548112 2.78567887097053
2  279 71 0 2.01092713548112 2.78567887097053
2  280 2 0 2.01092713548112 2.78567887097053
4 C0 71 0 2 0
0

0101000
+139 0 -170 0 *
Wi

0101100
+169 0 -28 0 +137 0 +146 0 +153 0 *
Fa
0  1e-07 71 0

0111000
+27 0 *
Ed
 1e-07 1 1 0
1  193 0 0.933530657256218 1
2  281 43 0 0.933530657256218 1
2  282 27 0 0.933530657256218 1
4 C2 43 0 27 0
0

0101000
+164 0 -411 0 *
Wi

0101100
+163 0 +25 0 -31 0 +43 0 +364 0 *
Fa
0  1e-07 43 0

0111000
+24 0 *
Wi

0101100
+162 0 -408 0 -25 0 *
Fa
0  1e-07 27 0

0111000
+22 0 *
Ed
 1e-07 1 1 0
1  194 0 0 3.14159265358979
2  283 25 0 0 3.14159265358979
2  284 12 0 0 3.14159265358979
4 C0 25 0 12 0
0

0101000
+450 0 -453 0 *
Wi

0101100
+20 0 -415 0 -317 0 -414 0 *
Fa
0  1e-07 25 0

0111000
+19 0 *
Ed
 1e-07 1 1 0
1  195 0 0 3.14159265358979
2  285 12 0 0 3.14159265358979
4 G1 12 0 14 0
0

0101000
+448 0 -452 0 *
Wi

0101100
+451 0 -17 0 -447 0 +20 0 *
Fa
0  1e-07 12 0

0111000
+16 0 *
Wi

0101100
-36 0 -392 0 *
Wi

0101100
+17 0 +446 0 *
Fa
0  1e-07 14 0

0111000
+14 0 +13 0 *
Ed
 1e-07 1 1 0
1  196 0 3.14159265358979 3.19284618033114
2  286 23 0 3.14159265358979 3.19284618033114
2  287 3 0 3.14159265358979 3.19284618033114
4 C0 23 0 3 0
0

0101000
+435 0 -96 0 *
Wi

0101100
+59 0 +37 0 +95 0 -11 0 -421 0 *
Fa
0  1e-07 23 0

0111000
+10 0 *
Wi

0101100
+434 0 +11 0 +93 0 +79 0 +73 0 +65 0 +68 0 -471 0 *
Fa
0  1e-07 3 0

0111000
+8 0 *
Wi

0101100
+473 0 -441 0 -457 0 +397 0 +121 0 +138 0 +28 0 +168 0 +177 0 +432 0 
*
Fa
0  1e-07 2 0

0111000
+6 0 *
Wi

0101100
+442 0 -282 0 +439 0 +456 0 *
Fa
0  1e-07 10 0

0111000
+4 0 *
Sh

0101100
+454 0 +444 0 +436 0 +419 0 -412 0 +395 0 -359 0 +343 0 +327 0 -315 0 
+308 0 +303 0 +298 0 +295 0 -288 0 -283 0 -273 0 -268 0 -265 0 -256 0 
-251 0 -248 0 -243 0 -234 0 -231 0 +224 0 -217 0 -212 0 +207 0 +202 0 
+199 0 +194 0 +191 0 +188 0 -181 0 -174 0 -165 0 -157 0 -150 0 -143 0 
-134 0 -129 0 -124 0 -118 0 -115 0 -108 0 -104 0 -99 0 -90 0 -85 0 
-81 0 -76 0 -71 0 -66 0 -63 0 -56 0 -51 0 -48 0 -41 0 -38 0 
-34 0 +32 0 +29 0 +26 0 +23 0 +21 0 -18 0 +15 0 +12 0 +9 0 
+7 0 +5 0 +3 0 *
So

0100000
+2 0 *

+1 0 